design,seed,method,k_hat,k_oracle,k_star,rmse_hat,rmse_oracle,regret_frac,support_precision,support_recall,support_f1,k_dispersion_group,saturated_min,saturated_max,runtime_s,notes
D1,0,elbow,11,10,10,0.9995179567410941,0.9975827025359582,0.0007774869689280983,0.9090909090909091,1.0,0.9523809523809523,D1:elbow,False,False,0.00013520801439881325,
D1,0,penalized/bic,15,10,10,1.0088557814659114,0.9975827025359582,0.004528951258432106,0.6666666666666666,1.0,0.8,D1:penalized/bic,False,False,0.0005416671046987176,
D1,0,evaluate/time_holdout/best,16,10,10,1.0100524050646935,0.9975827025359582,0.00500969391864485,0.625,1.0,0.7692307692307693,D1:evaluate/time_holdout/best,False,False,0.015661417040973902,synthetic_time_holdout
D1,0,evaluate/one_se,40,10,10,1.0279729566537505,0.9975827025359582,0.01220926248153383,0.25,1.0,0.4,D1:evaluate/one_se,False,False,0.060710374964401126,synthetic_group_cv
D1,0,fixed_k=50,50,10,10,1.0332749181995626,0.9975827025359582,0.014339321675146158,0.2,1.0,0.33333333333333337,D1:fixed_k=50,False,False,2.8329668566584587e-06,
D1,0,oracle,10,10,10,0.9975827025359582,0.9975827025359582,0.0,1.0,1.0,1.0,D1:oracle,False,False,0.0,
D1,0,penalized/ebic,12,10,10,1.0021628046037383,0.9975827025359582,0.0018400526734985315,0.8333333333333334,1.0,0.9090909090909091,D1:penalized/ebic,False,False,0.00031299993861466646,
D1,0,penalized/ric,10,10,10,0.9975827025359582,0.9975827025359582,0.0,1.0,1.0,1.0,D1:penalized/ric,False,False,0.00025466701481491327,
D1,0,chi2_stop,10,10,10,0.9975827025359582,0.9975827025359582,0.0,1.0,1.0,1.0,D1:chi2_stop,False,False,0.0005283330101519823,
D1,0,forward_stop,12,10,10,1.0021628046037383,0.9975827025359582,0.0018400526734985315,0.8333333333333334,1.0,0.9090909090909091,D1:forward_stop,False,False,0.0006195420864969492,
D1,0,perm_gap,11,10,10,0.9995179567410941,0.9975827025359582,0.0007774869689280983,0.9090909090909091,1.0,0.9523809523809523,D1:perm_gap,False,False,0.07524729194119573,
D1,0,knockoff_path,25,10,10,1.0183308569648333,0.9975827025359582,0.008335555946576489,0.4,1.0,0.5714285714285715,D1:knockoff_path,False,False,0.06370129203423858,
D1,0,xfit_objective,13,10,10,1.0039242033526279,0.9975827025359582,0.002547693339367384,0.7692307692307693,1.0,0.8695652173913044,D1:xfit_objective,False,False,0.0443664169870317,
D1,0,gaussian_cv,10,10,10,0.9975827025359582,0.9975827025359582,0.0,1.0,1.0,1.0,D1:gaussian_cv,False,False,0.04735700006131083,
D1,0,k_posterior,12,10,10,1.0021628046037383,0.9975827025359582,0.0018400526734985315,0.8333333333333334,1.0,0.9090909090909091,D1:k_posterior,False,False,0.0004510829458013177,
D1,0,stability,10,10,10,0.9975827025359582,0.9975827025359582,0.0,1.0,1.0,1.0,D1:stability,False,False,0.12885924999136478,
D1,0,changepoint,63,10,10,1.038122252737486,0.9975827025359582,0.016286734799100994,0.15873015873015872,1.0,0.27397260273972607,D1:changepoint,False,False,0.0016471660928800702,exact_off_grid_k
D1,0,consensus,10,10,10,0.9975827025359582,0.9975827025359582,0.0,1.0,1.0,1.0,D1:consensus,False,False,0.04836729192174971,
D1,1,elbow,11,10,10,1.0031688656328708,1.0019225371355445,0.0005005806336781064,0.9090909090909091,1.0,0.9523809523809523,D1:elbow,False,False,0.00010962504893541336,
D1,1,penalized/bic,12,10,10,1.0050465585239816,1.0019225371355445,0.0012547451250634364,0.8333333333333334,1.0,0.9090909090909091,D1:penalized/bic,False,False,0.0003476670244708657,
D1,1,evaluate/time_holdout/best,40,10,10,1.0273828091076669,1.0019225371355445,0.010225971005848818,0.25,1.0,0.4,D1:evaluate/time_holdout/best,False,False,0.01703495904803276,synthetic_time_holdout
D1,1,evaluate/one_se,11,10,10,1.0031688656328708,1.0019225371355445,0.0005005806336781064,0.9090909090909091,1.0,0.9523809523809523,D1:evaluate/one_se,False,False,0.06657008302863687,synthetic_group_cv
D1,1,fixed_k=50,50,10,10,1.0323125605893042,1.0019225371355445,0.012205977180663498,0.2,1.0,0.33333333333333337,D1:fixed_k=50,False,False,2.8329668566584587e-06,
D1,1,oracle,10,10,10,1.0019225371355445,1.0019225371355445,0.0,1.0,1.0,1.0,D1:oracle,False,False,0.0,
D1,1,penalized/ebic,12,10,10,1.0050465585239816,1.0019225371355445,0.0012547451250634364,0.8333333333333334,1.0,0.9090909090909091,D1:penalized/ebic,False,False,0.0003157909959554672,
D1,1,penalized/ric,10,10,10,1.0019225371355445,1.0019225371355445,0.0,1.0,1.0,1.0,D1:penalized/ric,False,False,0.000263832975178957,
D1,1,chi2_stop,10,10,10,1.0019225371355445,1.0019225371355445,0.0,1.0,1.0,1.0,D1:chi2_stop,False,False,0.0005039590178057551,
D1,1,forward_stop,12,10,10,1.0050465585239816,1.0019225371355445,0.0012547451250634364,0.8333333333333334,1.0,0.9090909090909091,D1:forward_stop,False,False,0.0005122910952195525,
D1,1,perm_gap,12,10,10,1.0050465585239816,1.0019225371355445,0.0012547451250634364,0.8333333333333334,1.0,0.9090909090909091,D1:perm_gap,False,False,0.07279179198667407,
D1,1,knockoff_path,15,10,10,1.0092335132468053,1.0019225371355445,0.0029364112771484503,0.6666666666666666,1.0,0.8,D1:knockoff_path,False,False,0.06145195907447487,
D1,1,xfit_objective,10,10,10,1.0019225371355445,1.0019225371355445,0.0,1.0,1.0,1.0,D1:xfit_objective,False,False,0.04025199997704476,
D1,1,gaussian_cv,10,10,10,1.0019225371355445,1.0019225371355445,0.0,1.0,1.0,1.0,D1:gaussian_cv,False,False,0.046126000001095235,
D1,1,k_posterior,12,10,10,1.0050465585239816,1.0019225371355445,0.0012547451250634364,0.8333333333333334,1.0,0.9090909090909091,D1:k_posterior,False,False,0.00040187500417232513,
D1,1,stability,10,10,10,1.0019225371355445,1.0019225371355445,0.0,1.0,1.0,1.0,D1:stability,False,False,0.12701237492728978,
D1,1,changepoint,69,10,10,1.0390331659143546,1.0019225371355445,0.014905269445528852,0.14492753623188406,1.0,0.25316455696202533,D1:changepoint,False,False,0.0007836660370230675,exact_off_grid_k
D1,1,consensus,10,10,10,1.0019225371355445,1.0019225371355445,0.0,1.0,1.0,1.0,D1:consensus,False,False,0.04698516696225852,
D1,2,elbow,11,10,10,1.0107932449411199,1.0080813386027088,0.0010996387771767678,0.9090909090909091,1.0,0.9523809523809523,D1:elbow,False,False,0.00011575000826269388,
D1,2,penalized/bic,11,10,10,1.0107932449411199,1.0080813386027088,0.0010996387771767678,0.9090909090909091,1.0,0.9523809523809523,D1:penalized/bic,False,False,0.00036791700404137373,
D1,2,evaluate/time_holdout/best,11,10,10,1.0107932449411199,1.0080813386027088,0.0010996387771767678,0.9090909090909091,1.0,0.9523809523809523,D1:evaluate/time_holdout/best,False,False,0.014599083922803402,synthetic_time_holdout
D1,2,evaluate/one_se,11,10,10,1.0107932449411199,1.0080813386027088,0.0010996387771767678,0.9090909090909091,1.0,0.9523809523809523,D1:evaluate/one_se,False,False,0.06834966700989753,synthetic_group_cv
D1,2,fixed_k=50,50,10,10,1.041977881966199,1.0080813386027088,0.013744557828861465,0.2,1.0,0.33333333333333337,D1:fixed_k=50,False,False,4.63749747723341e-05,
D1,2,oracle,10,10,10,1.0080813386027088,1.0080813386027088,0.0,1.0,1.0,1.0,D1:oracle,False,False,0.0,
D1,2,penalized/ebic,11,10,10,1.0107932449411199,1.0080813386027088,0.0010996387771767678,0.9090909090909091,1.0,0.9523809523809523,D1:penalized/ebic,False,False,0.0003485840279608965,
D1,2,penalized/ric,11,10,10,1.0107932449411199,1.0080813386027088,0.0010996387771767678,0.9090909090909091,1.0,0.9523809523809523,D1:penalized/ric,False,False,0.00026412506122142076,
D1,2,chi2_stop,10,10,10,1.0080813386027088,1.0080813386027088,0.0,1.0,1.0,1.0,D1:chi2_stop,False,False,0.0005446659633889794,
D1,2,forward_stop,11,10,10,1.0107932449411199,1.0080813386027088,0.0010996387771767678,0.9090909090909091,1.0,0.9523809523809523,D1:forward_stop,False,False,0.0005228329682722688,
D1,2,perm_gap,10,10,10,1.0080813386027088,1.0080813386027088,0.0,1.0,1.0,1.0,D1:perm_gap,False,False,0.07413804205134511,
D1,2,knockoff_path,11,10,10,1.0107932449411199,1.0080813386027088,0.0010996387771767678,0.9090909090909091,1.0,0.9523809523809523,D1:knockoff_path,False,False,0.061772917048074305,
D1,2,xfit_objective,10,10,10,1.0080813386027088,1.0080813386027088,0.0,1.0,1.0,1.0,D1:xfit_objective,False,False,0.04215216706506908,
D1,2,gaussian_cv,10,10,10,1.0080813386027088,1.0080813386027088,0.0,1.0,1.0,1.0,D1:gaussian_cv,False,False,0.049290166003629565,
D1,2,k_posterior,11,10,10,1.0107932449411199,1.0080813386027088,0.0010996387771767678,0.9090909090909091,1.0,0.9523809523809523,D1:k_posterior,False,False,0.0004050420830026269,
D1,2,stability,10,10,10,1.0080813386027088,1.0080813386027088,0.0,1.0,1.0,1.0,D1:stability,False,False,0.12985533301252872,
D1,2,changepoint,80,10,10,1.0509604062389517,1.0080813386027088,0.017386841438492943,0.125,1.0,0.2222222222222222,D1:changepoint,False,False,0.000773583073168993,
D1,2,consensus,10,10,10,1.0080813386027088,1.0080813386027088,0.0,1.0,1.0,1.0,D1:consensus,False,False,0.048993750009685755,
D1,3,elbow,11,10,10,1.0111018302036316,1.0084142963998999,0.0010931597432497174,0.9090909090909091,1.0,0.9523809523809523,D1:elbow,False,False,0.0001224579755216837,
D1,3,penalized/bic,11,10,10,1.0111018302036316,1.0084142963998999,0.0010931597432497174,0.9090909090909091,1.0,0.9523809523809523,D1:penalized/bic,False,False,0.00036562501918524504,
D1,3,evaluate/time_holdout/best,75,10,10,1.0563056892769742,1.0084142963998999,0.01947991971996013,0.13333333333333333,1.0,0.23529411764705882,D1:evaluate/time_holdout/best,False,False,0.017872709082439542,synthetic_time_holdout
D1,3,evaluate/one_se,16,10,10,1.0175697553458105,1.0084142963998999,0.003724001215072305,0.625,1.0,0.7692307692307693,D1:evaluate/one_se,False,False,0.07218362495768815,synthetic_group_cv
D1,3,fixed_k=50,50,10,10,1.048222336198452,1.0084142963998999,0.016191999708072485,0.2,1.0,0.33333333333333337,D1:fixed_k=50,False,False,2.040993422269821e-06,
D1,3,oracle,10,10,10,1.0084142963998999,1.0084142963998999,0.0,1.0,1.0,1.0,D1:oracle,False,False,0.0,
D1,3,penalized/ebic,10,10,10,1.0084142963998999,1.0084142963998999,0.0,1.0,1.0,1.0,D1:penalized/ebic,False,False,0.00031833304092288017,
D1,3,penalized/ric,10,10,10,1.0084142963998999,1.0084142963998999,0.0,1.0,1.0,1.0,D1:penalized/ric,False,False,0.00025583396200090647,
D1,3,chi2_stop,10,10,10,1.0084142963998999,1.0084142963998999,0.0,1.0,1.0,1.0,D1:chi2_stop,False,False,0.0005199579754844308,
D1,3,forward_stop,11,10,10,1.0111018302036316,1.0084142963998999,0.0010931597432497174,0.9090909090909091,1.0,0.9523809523809523,D1:forward_stop,False,False,0.0005161670269444585,
D1,3,perm_gap,10,10,10,1.0084142963998999,1.0084142963998999,0.0,1.0,1.0,1.0,D1:perm_gap,False,False,0.08461937494575977,
D1,3,knockoff_path,13,10,10,1.0145814829103452,1.0084142963998999,0.002508515432613482,0.7692307692307693,1.0,0.8695652173913044,D1:knockoff_path,False,False,0.06915720901452005,
D1,3,xfit_objective,10,10,10,1.0084142963998999,1.0084142963998999,0.0,1.0,1.0,1.0,D1:xfit_objective,False,False,0.0492115409579128,
D1,3,gaussian_cv,10,10,10,1.0084142963998999,1.0084142963998999,0.0,1.0,1.0,1.0,D1:gaussian_cv,False,False,0.04898245900403708,
D1,3,k_posterior,10,10,10,1.0084142963998999,1.0084142963998999,0.0,1.0,1.0,1.0,D1:k_posterior,False,False,0.0004059160128235817,
D1,3,stability,10,10,10,1.0084142963998999,1.0084142963998999,0.0,1.0,1.0,1.0,D1:stability,False,False,0.12589112506248057,
D1,3,changepoint,73,10,10,1.0552519654358086,1.0084142963998999,0.01905131544266126,0.136986301369863,1.0,0.24096385542168672,D1:changepoint,False,False,0.0007682919967919588,exact_off_grid_k
D1,3,consensus,10,10,10,1.0084142963998999,1.0084142963998999,0.0,1.0,1.0,1.0,D1:consensus,False,False,0.047408167039975524,
D1,4,elbow,11,10,10,0.9983572953266491,0.9959902807855511,0.0009646984699713144,0.9090909090909091,1.0,0.9523809523809523,D1:elbow,False,False,0.00010916602332144976,
D1,4,penalized/bic,10,10,10,0.9959902807855511,0.9959902807855511,0.0,1.0,1.0,1.0,D1:penalized/bic,False,False,0.0003902080934494734,
D1,4,evaluate/time_holdout/best,50,10,10,1.0216254614695417,0.9959902807855511,0.01044785283482551,0.2,1.0,0.33333333333333337,D1:evaluate/time_holdout/best,False,False,0.015221333014778793,synthetic_time_holdout
D1,4,evaluate/one_se,11,10,10,0.9983572953266491,0.9959902807855511,0.0009646984699713144,0.9090909090909091,1.0,0.9523809523809523,D1:evaluate/one_se,False,False,0.06670637498609722,synthetic_group_cv
D1,4,fixed_k=50,50,10,10,1.0216254614695417,0.9959902807855511,0.01044785283482551,0.2,1.0,0.33333333333333337,D1:fixed_k=50,False,False,1.8749851733446121e-06,
D1,4,oracle,10,10,10,0.9959902807855511,0.9959902807855511,0.0,1.0,1.0,1.0,D1:oracle,False,False,0.0,
D1,4,penalized/ebic,10,10,10,0.9959902807855511,0.9959902807855511,0.0,1.0,1.0,1.0,D1:penalized/ebic,False,False,0.0003006249899044633,
D1,4,penalized/ric,10,10,10,0.9959902807855511,0.9959902807855511,0.0,1.0,1.0,1.0,D1:penalized/ric,False,False,0.0002634159754961729,
D1,4,chi2_stop,10,10,10,0.9959902807855511,0.9959902807855511,0.0,1.0,1.0,1.0,D1:chi2_stop,False,False,0.0005647920770570636,
D1,4,forward_stop,10,10,10,0.9959902807855511,0.9959902807855511,0.0,1.0,1.0,1.0,D1:forward_stop,False,False,0.0005912499036639929,
D1,4,perm_gap,10,10,10,0.9959902807855511,0.9959902807855511,0.0,1.0,1.0,1.0,D1:perm_gap,False,False,0.0717418750282377,
D1,4,knockoff_path,11,10,10,0.9983572953266491,0.9959902807855511,0.0009646984699713144,0.9090909090909091,1.0,0.9523809523809523,D1:knockoff_path,False,False,0.06239945802371949,
D1,4,xfit_objective,10,10,10,0.9959902807855511,0.9959902807855511,0.0,1.0,1.0,1.0,D1:xfit_objective,False,False,0.049107583006843925,
D1,4,gaussian_cv,10,10,10,0.9959902807855511,0.9959902807855511,0.0,1.0,1.0,1.0,D1:gaussian_cv,False,False,0.04631220793817192,
D1,4,k_posterior,10,10,10,0.9959902807855511,0.9959902807855511,0.0,1.0,1.0,1.0,D1:k_posterior,False,False,0.00039591698441654444,
D1,4,stability,10,10,10,0.9959902807855511,0.9959902807855511,0.0,1.0,1.0,1.0,D1:stability,False,False,0.13440416695084423,
D1,4,changepoint,77,10,10,1.0303448845385923,0.9959902807855511,0.014001533620345211,0.12987012987012986,1.0,0.22988505747126434,D1:changepoint,False,False,0.0007765420014038682,exact_off_grid_k
D1,4,consensus,10,10,10,0.9959902807855511,0.9959902807855511,0.0,1.0,1.0,1.0,D1:consensus,False,False,0.04986033297609538,
D1,5,elbow,11,10,10,1.002904284890381,1.000613347046676,0.0009262152297705041,0.9090909090909091,1.0,0.9523809523809523,D1:elbow,False,False,0.00011270795948803425,
D1,5,penalized/bic,10,10,10,1.000613347046676,1.000613347046676,0.0,1.0,1.0,1.0,D1:penalized/bic,False,False,0.00036266702227294445,
D1,5,evaluate/time_holdout/best,21,10,10,1.0145480657471462,1.000613347046676,0.005633740224950861,0.47619047619047616,1.0,0.6451612903225806,D1:evaluate/time_holdout/best,False,False,0.015415625064633787,synthetic_time_holdout
D1,5,evaluate/one_se,11,10,10,1.002904284890381,1.000613347046676,0.0009262152297705041,0.9090909090909091,1.0,0.9523809523809523,D1:evaluate/one_se,False,False,0.07146820798516273,synthetic_group_cv
D1,5,fixed_k=50,50,10,10,1.0325128812305722,1.000613347046676,0.012896829333407881,0.2,1.0,0.33333333333333337,D1:fixed_k=50,False,False,2.209097146987915e-06,
D1,5,oracle,10,10,10,1.000613347046676,1.000613347046676,0.0,1.0,1.0,1.0,D1:oracle,False,False,0.0,
D1,5,penalized/ebic,10,10,10,1.000613347046676,1.000613347046676,0.0,1.0,1.0,1.0,D1:penalized/ebic,False,False,0.00036404095590114594,
D1,5,penalized/ric,10,10,10,1.000613347046676,1.000613347046676,0.0,1.0,1.0,1.0,D1:penalized/ric,False,False,0.0004793750122189522,
D1,5,chi2_stop,10,10,10,1.000613347046676,1.000613347046676,0.0,1.0,1.0,1.0,D1:chi2_stop,False,False,0.0006590839475393295,
D1,5,forward_stop,10,10,10,1.000613347046676,1.000613347046676,0.0,1.0,1.0,1.0,D1:forward_stop,False,False,0.0005734160076826811,
D1,5,perm_gap,10,10,10,1.000613347046676,1.000613347046676,0.0,1.0,1.0,1.0,D1:perm_gap,False,False,0.07823275006376207,
D1,5,knockoff_path,12,10,10,1.0047606320084936,1.000613347046676,0.0016767275045844526,0.8333333333333334,1.0,0.9090909090909091,D1:knockoff_path,False,False,0.06448762502986938,
D1,5,xfit_objective,10,10,10,1.000613347046676,1.000613347046676,0.0,1.0,1.0,1.0,D1:xfit_objective,False,False,0.041155792074278,
D1,5,gaussian_cv,10,10,10,1.000613347046676,1.000613347046676,0.0,1.0,1.0,1.0,D1:gaussian_cv,False,False,0.05093916691839695,
D1,5,k_posterior,10,10,10,1.000613347046676,1.000613347046676,0.0,1.0,1.0,1.0,D1:k_posterior,False,False,0.00040658400394022465,
D1,5,stability,10,10,10,1.000613347046676,1.000613347046676,0.0,1.0,1.0,1.0,D1:stability,False,False,0.12848887499421835,
D1,5,changepoint,52,10,10,1.0333467321652332,1.000613347046676,0.013233951284212262,0.19230769230769232,1.0,0.32258064516129037,D1:changepoint,False,False,0.0007724579190835357,exact_off_grid_k
D1,5,consensus,10,10,10,1.000613347046676,1.000613347046676,0.0,1.0,1.0,1.0,D1:consensus,False,False,0.04644404200371355,
D1,6,elbow,11,10,10,1.0054695117667796,1.0035815398737717,0.0007627564773159857,0.9090909090909091,1.0,0.9523809523809523,D1:elbow,False,False,0.00010687496978789568,
D1,6,penalized/bic,10,10,10,1.0035815398737717,1.0035815398737717,0.0,1.0,1.0,1.0,D1:penalized/bic,False,False,0.0003459579311311245,
D1,6,evaluate/time_holdout/best,16,10,10,1.0112176437385494,1.0035815398737717,0.003085049997771681,0.625,1.0,0.7692307692307693,D1:evaluate/time_holdout/best,False,False,0.014999167062342167,synthetic_time_holdout
D1,6,evaluate/one_se,11,10,10,1.0054695117667796,1.0035815398737717,0.0007627564773159857,0.9090909090909091,1.0,0.9523809523809523,D1:evaluate/one_se,False,False,0.07237133395392448,synthetic_group_cv
D1,6,fixed_k=50,50,10,10,1.033436044959954,1.0035815398737717,0.01206147041483218,0.2,1.0,0.33333333333333337,D1:fixed_k=50,False,False,2.4579931050539017e-06,
D1,6,oracle,10,10,10,1.0035815398737717,1.0035815398737717,0.0,1.0,1.0,1.0,D1:oracle,False,False,0.0,
D1,6,penalized/ebic,10,10,10,1.0035815398737717,1.0035815398737717,0.0,1.0,1.0,1.0,D1:penalized/ebic,False,False,0.00034908391535282135,
D1,6,penalized/ric,10,10,10,1.0035815398737717,1.0035815398737717,0.0,1.0,1.0,1.0,D1:penalized/ric,False,False,0.00025629205629229546,
D1,6,chi2_stop,10,10,10,1.0035815398737717,1.0035815398737717,0.0,1.0,1.0,1.0,D1:chi2_stop,False,False,0.0005223749903962016,
D1,6,forward_stop,10,10,10,1.0035815398737717,1.0035815398737717,0.0,1.0,1.0,1.0,D1:forward_stop,False,False,0.0005134589737281203,
D1,6,perm_gap,10,10,10,1.0035815398737717,1.0035815398737717,0.0,1.0,1.0,1.0,D1:perm_gap,False,False,0.0762564999749884,
D1,6,knockoff_path,10,10,10,1.0035815398737717,1.0035815398737717,0.0,1.0,1.0,1.0,D1:knockoff_path,False,False,0.06441074993927032,
D1,6,xfit_objective,10,10,10,1.0035815398737717,1.0035815398737717,0.0,1.0,1.0,1.0,D1:xfit_objective,False,False,0.04752533393912017,
D1,6,gaussian_cv,10,10,10,1.0035815398737717,1.0035815398737717,0.0,1.0,1.0,1.0,D1:gaussian_cv,False,False,0.045357792056165636,
D1,6,k_posterior,10,10,10,1.0035815398737717,1.0035815398737717,0.0,1.0,1.0,1.0,D1:k_posterior,False,False,0.00047512503806501627,
D1,6,stability,10,10,10,1.0035815398737717,1.0035815398737717,0.0,1.0,1.0,1.0,D1:stability,False,False,0.12970325001515448,
D1,6,changepoint,72,10,10,1.042481038536937,1.0035815398737717,0.015715723671290302,0.1388888888888889,1.0,0.24390243902439027,D1:changepoint,False,False,0.0007351250387728214,exact_off_grid_k
D1,6,consensus,10,10,10,1.0035815398737717,1.0035815398737717,0.0,1.0,1.0,1.0,D1:consensus,False,False,0.04918112501036376,
D1,7,elbow,11,10,10,1.0028376943886392,1.0004966390260641,0.0009478416103486821,0.9090909090909091,1.0,0.9523809523809523,D1:elbow,False,False,0.00013754202518612146,
D1,7,penalized/bic,11,10,10,1.0028376943886392,1.0004966390260641,0.0009478416103486821,0.9090909090909091,1.0,0.9523809523809523,D1:penalized/bic,False,False,0.0003524579806253314,
D1,7,evaluate/time_holdout/best,16,10,10,1.0079724799782492,1.0004966390260641,0.0030268028856162534,0.625,1.0,0.7692307692307693,D1:evaluate/time_holdout/best,False,False,0.01670570799615234,synthetic_time_holdout
D1,7,evaluate/one_se,11,10,10,1.0028376943886392,1.0004966390260641,0.0009478416103486821,0.9090909090909091,1.0,0.9523809523809523,D1:evaluate/one_se,False,False,0.06916079099755734,synthetic_group_cv
D1,7,fixed_k=50,50,10,10,1.0289322927362645,1.0004966390260641,0.01151296814029489,0.2,1.0,0.33333333333333337,D1:fixed_k=50,False,False,2.0419247448444366e-06,
D1,7,oracle,10,10,10,1.0004966390260641,1.0004966390260641,0.0,1.0,1.0,1.0,D1:oracle,False,False,0.0,
D1,7,penalized/ebic,11,10,10,1.0028376943886392,1.0004966390260641,0.0009478416103486821,0.9090909090909091,1.0,0.9523809523809523,D1:penalized/ebic,False,False,0.00031174998730421066,
D1,7,penalized/ric,11,10,10,1.0028376943886392,1.0004966390260641,0.0009478416103486821,0.9090909090909091,1.0,0.9523809523809523,D1:penalized/ric,False,False,0.0002559170825406909,
D1,7,chi2_stop,10,10,10,1.0004966390260641,1.0004966390260641,0.0,1.0,1.0,1.0,D1:chi2_stop,False,False,0.0004940000362694263,
D1,7,forward_stop,11,10,10,1.0028376943886392,1.0004966390260641,0.0009478416103486821,0.9090909090909091,1.0,0.9523809523809523,D1:forward_stop,False,False,0.0005025418940931559,
D1,7,perm_gap,11,10,10,1.0028376943886392,1.0004966390260641,0.0009478416103486821,0.9090909090909091,1.0,0.9523809523809523,D1:perm_gap,False,False,0.07131141610443592,
D1,7,knockoff_path,12,10,10,1.0044307255689466,1.0004966390260641,0.0015928247506095442,0.8333333333333334,1.0,0.9090909090909091,D1:knockoff_path,False,False,0.0632492919685319,
D1,7,xfit_objective,10,10,10,1.0004966390260641,1.0004966390260641,0.0,1.0,1.0,1.0,D1:xfit_objective,False,False,0.052490249974653125,
D1,7,gaussian_cv,10,10,10,1.0004966390260641,1.0004966390260641,0.0,1.0,1.0,1.0,D1:gaussian_cv,False,False,0.04998112504836172,
D1,7,k_posterior,11,10,10,1.0028376943886392,1.0004966390260641,0.0009478416103486821,0.9090909090909091,1.0,0.9523809523809523,D1:k_posterior,False,False,0.0004683330189436674,
D1,7,stability,10,10,10,1.0004966390260641,1.0004966390260641,0.0,1.0,1.0,1.0,D1:stability,False,False,0.144393082940951,
D1,7,changepoint,80,10,10,1.0381439276364768,1.0004966390260641,0.015242555657677301,0.125,1.0,0.2222222222222222,D1:changepoint,False,False,0.0007636250229552388,
D1,7,consensus,10,10,10,1.0004966390260641,1.0004966390260641,0.0,1.0,1.0,1.0,D1:consensus,False,False,0.05003066698554903,
D1,8,elbow,11,10,10,1.0105737636191265,1.007237734846873,0.0013536780136840028,0.9090909090909091,1.0,0.9523809523809523,D1:elbow,False,False,0.00010725005995482206,
D1,8,penalized/bic,11,10,10,1.0105737636191265,1.007237734846873,0.0013536780136840028,0.9090909090909091,1.0,0.9523809523809523,D1:penalized/bic,False,False,0.00034362508449703455,
D1,8,evaluate/time_holdout/best,50,10,10,1.0431812018750382,1.007237734846873,0.0145849704463838,0.2,1.0,0.33333333333333337,D1:evaluate/time_holdout/best,False,False,0.016248708008788526,synthetic_time_holdout
D1,8,evaluate/one_se,11,10,10,1.0105737636191265,1.007237734846873,0.0013536780136840028,0.9090909090909091,1.0,0.9523809523809523,D1:evaluate/one_se,False,False,0.06873904203530401,synthetic_group_cv
D1,8,fixed_k=50,50,10,10,1.0431812018750382,1.007237734846873,0.0145849704463838,0.2,1.0,0.33333333333333337,D1:fixed_k=50,False,False,2.2919848561286926e-06,
D1,8,oracle,10,10,10,1.007237734846873,1.007237734846873,0.0,1.0,1.0,1.0,D1:oracle,False,False,0.0,
D1,8,penalized/ebic,11,10,10,1.0105737636191265,1.007237734846873,0.0013536780136840028,0.9090909090909091,1.0,0.9523809523809523,D1:penalized/ebic,False,False,0.0003048330545425415,
D1,8,penalized/ric,11,10,10,1.0105737636191265,1.007237734846873,0.0013536780136840028,0.9090909090909091,1.0,0.9523809523809523,D1:penalized/ric,False,False,0.0002549579367041588,
D1,8,chi2_stop,10,10,10,1.007237734846873,1.007237734846873,0.0,1.0,1.0,1.0,D1:chi2_stop,False,False,0.0004980419762432575,
D1,8,forward_stop,11,10,10,1.0105737636191265,1.007237734846873,0.0013536780136840028,0.9090909090909091,1.0,0.9523809523809523,D1:forward_stop,False,False,0.0005058749811723828,
D1,8,perm_gap,10,10,10,1.007237734846873,1.007237734846873,0.0,1.0,1.0,1.0,D1:perm_gap,False,False,0.08114758308511227,
D1,8,knockoff_path,15,10,10,1.016241976876415,1.007237734846873,0.0036536988429649777,0.6666666666666666,1.0,0.8,D1:knockoff_path,False,False,0.06208604096900672,
D1,8,xfit_objective,10,10,10,1.007237734846873,1.007237734846873,0.0,1.0,1.0,1.0,D1:xfit_objective,False,False,0.041007583029568195,
D1,8,gaussian_cv,10,10,10,1.007237734846873,1.007237734846873,0.0,1.0,1.0,1.0,D1:gaussian_cv,False,False,0.04627412499394268,
D1,8,k_posterior,11,10,10,1.0105737636191265,1.007237734846873,0.0013536780136840028,0.9090909090909091,1.0,0.9523809523809523,D1:k_posterior,False,False,0.0004073329037055373,
D1,8,stability,10,10,10,1.007237734846873,1.007237734846873,0.0,1.0,1.0,1.0,D1:stability,False,False,0.14169662492349744,
D1,8,changepoint,68,10,10,1.0484933119200535,1.007237734846873,0.016740493394511658,0.14705882352941177,1.0,0.25641025641025644,D1:changepoint,False,False,0.0007561659440398216,exact_off_grid_k
D1,8,consensus,10,10,10,1.007237734846873,1.007237734846873,0.0,1.0,1.0,1.0,D1:consensus,False,False,0.051454665954224765,
D1,9,elbow,11,10,10,1.00526099611034,1.0028223349673735,0.0010010889223556192,0.9090909090909091,1.0,0.9523809523809523,D1:elbow,False,False,0.0001115420600399375,
D1,9,penalized/bic,10,10,10,1.0028223349673735,1.0028223349673735,0.0,1.0,1.0,1.0,D1:penalized/bic,False,False,0.0003418329870328307,
D1,9,evaluate/time_holdout/best,21,10,10,1.0209274804640895,1.0028223349673735,0.007432299746389108,0.47619047619047616,1.0,0.6451612903225806,D1:evaluate/time_holdout/best,False,False,0.015425291960127652,synthetic_time_holdout
D1,9,evaluate/one_se,16,10,10,1.0148100999494305,1.0028223349673735,0.004921068579762314,0.625,1.0,0.7692307692307693,D1:evaluate/one_se,False,False,0.07065791706554592,synthetic_group_cv
D1,9,fixed_k=50,50,10,10,1.0417290145302889,1.0028223349673735,0.01597148748132115,0.2,1.0,0.33333333333333337,D1:fixed_k=50,False,False,2.374988980591297e-06,
D1,9,oracle,10,10,10,1.0028223349673735,1.0028223349673735,0.0,1.0,1.0,1.0,D1:oracle,False,False,0.0,
D1,9,penalized/ebic,10,10,10,1.0028223349673735,1.0028223349673735,0.0,1.0,1.0,1.0,D1:penalized/ebic,False,False,0.0003165419911965728,
D1,9,penalized/ric,10,10,10,1.0028223349673735,1.0028223349673735,0.0,1.0,1.0,1.0,D1:penalized/ric,False,False,0.00025224999990314245,
D1,9,chi2_stop,10,10,10,1.0028223349673735,1.0028223349673735,0.0,1.0,1.0,1.0,D1:chi2_stop,False,False,0.0005402499809861183,
D1,9,forward_stop,10,10,10,1.0028223349673735,1.0028223349673735,0.0,1.0,1.0,1.0,D1:forward_stop,False,False,0.0005614579422399402,
D1,9,perm_gap,10,10,10,1.0028223349673735,1.0028223349673735,0.0,1.0,1.0,1.0,D1:perm_gap,False,False,0.07571245799772441,
D1,9,knockoff_path,23,10,10,1.0245091569164981,1.0028223349673735,0.00890260513519212,0.43478260869565216,1.0,0.6060606060606061,D1:knockoff_path,False,False,0.06893233396112919,
D1,9,xfit_objective,10,10,10,1.0028223349673735,1.0028223349673735,0.0,1.0,1.0,1.0,D1:xfit_objective,False,False,0.05832862504757941,
D1,9,gaussian_cv,10,10,10,1.0028223349673735,1.0028223349673735,0.0,1.0,1.0,1.0,D1:gaussian_cv,False,False,0.0583022910868749,
D1,9,k_posterior,10,10,10,1.0028223349673735,1.0028223349673735,0.0,1.0,1.0,1.0,D1:k_posterior,False,False,0.0013104580575600266,
D1,9,stability,10,10,10,1.0028223349673735,1.0028223349673735,0.0,1.0,1.0,1.0,D1:stability,False,False,0.14532137499190867,
D1,9,changepoint,54,10,10,1.0434651694319577,1.0028223349673735,0.016684192255646525,0.18518518518518517,1.0,0.3125,D1:changepoint,False,False,0.0007704580202698708,exact_off_grid_k
D1,9,consensus,10,10,10,1.0028223349673735,1.0028223349673735,0.0,1.0,1.0,1.0,D1:consensus,False,False,0.048896290943957865,
D1,10,elbow,11,10,10,1.0006000236971635,0.9978145474577352,0.0011345580950542864,0.9090909090909091,1.0,0.9523809523809523,D1:elbow,False,False,0.0001431250711902976,
D1,10,penalized/bic,11,10,10,1.0006000236971635,0.9978145474577352,0.0011345580950542864,0.9090909090909091,1.0,0.9523809523809523,D1:penalized/bic,False,False,0.0003634159220382571,
D1,10,evaluate/time_holdout/best,50,10,10,1.0329822445388517,0.9978145474577352,0.014324227520959699,0.2,1.0,0.33333333333333337,D1:evaluate/time_holdout/best,False,False,0.023007125011645257,synthetic_time_holdout
D1,10,evaluate/one_se,11,10,10,1.0006000236971635,0.9978145474577352,0.0011345580950542864,0.9090909090909091,1.0,0.9523809523809523,D1:evaluate/one_se,False,False,0.08499787503387779,synthetic_group_cv
D1,10,fixed_k=50,50,10,10,1.0329822445388517,0.9978145474577352,0.014324227520959699,0.2,1.0,0.33333333333333337,D1:fixed_k=50,False,False,2.208980731666088e-06,
D1,10,oracle,10,10,10,0.9978145474577352,0.9978145474577352,0.0,1.0,1.0,1.0,D1:oracle,False,False,0.0,
D1,10,penalized/ebic,11,10,10,1.0006000236971635,0.9978145474577352,0.0011345580950542864,0.9090909090909091,1.0,0.9523809523809523,D1:penalized/ebic,False,False,0.000317875063046813,
D1,10,penalized/ric,10,10,10,0.9978145474577352,0.9978145474577352,0.0,1.0,1.0,1.0,D1:penalized/ric,False,False,0.00027829199098050594,
D1,10,chi2_stop,10,10,10,0.9978145474577352,0.9978145474577352,0.0,1.0,1.0,1.0,D1:chi2_stop,False,False,0.0005398329813033342,
D1,10,forward_stop,11,10,10,1.0006000236971635,0.9978145474577352,0.0011345580950542864,0.9090909090909091,1.0,0.9523809523809523,D1:forward_stop,False,False,0.0005371669540181756,
D1,10,perm_gap,10,10,10,0.9978145474577352,0.9978145474577352,0.0,1.0,1.0,1.0,D1:perm_gap,False,False,0.07693266693968326,
D1,10,knockoff_path,11,10,10,1.0006000236971635,0.9978145474577352,0.0011345580950542864,0.9090909090909091,1.0,0.9523809523809523,D1:knockoff_path,False,False,0.06919995893258601,
D1,10,xfit_objective,10,10,10,0.9978145474577352,0.9978145474577352,0.0,1.0,1.0,1.0,D1:xfit_objective,False,False,0.049890791065990925,
D1,10,gaussian_cv,10,10,10,0.9978145474577352,0.9978145474577352,0.0,1.0,1.0,1.0,D1:gaussian_cv,False,False,0.05456216703169048,
D1,10,k_posterior,11,10,10,1.0006000236971635,0.9978145474577352,0.0011345580950542864,0.9090909090909091,1.0,0.9523809523809523,D1:k_posterior,False,False,0.000505708041600883,
D1,10,stability,10,10,10,0.9978145474577352,0.9978145474577352,0.0,1.0,1.0,1.0,D1:stability,False,False,0.15097704203799367,
D1,10,changepoint,80,10,10,1.0442533766509263,0.9978145474577352,0.018915095681014574,0.125,1.0,0.2222222222222222,D1:changepoint,False,False,0.0007552499882876873,
D1,10,consensus,10,10,10,0.9978145474577352,0.9978145474577352,0.0,1.0,1.0,1.0,D1:consensus,False,False,0.04818920895922929,
D1,11,elbow,11,10,10,0.9968875241172139,0.9941303237298559,0.001125475739376017,0.9090909090909091,1.0,0.9523809523809523,D1:elbow,False,False,0.00010658300016075373,
D1,11,penalized/bic,13,10,10,1.0017529414811128,0.9941303237298559,0.0031115153577202016,0.7692307692307693,1.0,0.8695652173913044,D1:penalized/bic,False,False,0.0003409170312806964,
D1,11,evaluate/time_holdout/best,21,10,10,1.0123422929438908,0.9941303237298559,0.007434036934943107,0.47619047619047616,1.0,0.6451612903225806,D1:evaluate/time_holdout/best,False,False,0.015025040949694812,synthetic_time_holdout
D1,11,evaluate/one_se,16,10,10,1.0060373806726046,0.9941303237298559,0.004860402522021048,0.625,1.0,0.7692307692307693,D1:evaluate/one_se,False,False,0.06816762499511242,synthetic_group_cv
D1,11,fixed_k=50,50,10,10,1.0293621514224616,0.9941303237298559,0.014381460086729103,0.2,1.0,0.33333333333333337,D1:fixed_k=50,False,False,2.124928869307041e-06,
D1,11,oracle,10,10,10,0.9941303237298559,0.9941303237298559,0.0,1.0,1.0,1.0,D1:oracle,False,False,0.0,
D1,11,penalized/ebic,12,10,10,0.9996802788235651,0.9941303237298559,0.0022654645782134693,0.8333333333333334,1.0,0.9090909090909091,D1:penalized/ebic,False,False,0.0003071250393986702,
D1,11,penalized/ric,10,10,10,0.9941303237298559,0.9941303237298559,0.0,1.0,1.0,1.0,D1:penalized/ric,False,False,0.00025220902170985937,
D1,11,chi2_stop,10,10,10,0.9941303237298559,0.9941303237298559,0.0,1.0,1.0,1.0,D1:chi2_stop,False,False,0.0004952080780640244,
D1,11,forward_stop,12,10,10,0.9996802788235651,0.9941303237298559,0.0022654645782134693,0.8333333333333334,1.0,0.9090909090909091,D1:forward_stop,False,False,0.0005523749860003591,
D1,11,perm_gap,10,10,10,0.9941303237298559,0.9941303237298559,0.0,1.0,1.0,1.0,D1:perm_gap,False,False,0.07776608306448907,
D1,11,knockoff_path,17,10,10,1.006384598672281,0.9941303237298559,0.005002135214611054,0.5882352941176471,1.0,0.7407407407407407,D1:knockoff_path,False,False,0.0696503339568153,
D1,11,xfit_objective,10,10,10,0.9941303237298559,0.9941303237298559,0.0,1.0,1.0,1.0,D1:xfit_objective,False,False,0.048811874934472144,
D1,11,gaussian_cv,10,10,10,0.9941303237298559,0.9941303237298559,0.0,1.0,1.0,1.0,D1:gaussian_cv,False,False,0.054749959032051265,
D1,11,k_posterior,12,10,10,0.9996802788235651,0.9941303237298559,0.0022654645782134693,0.8333333333333334,1.0,0.9090909090909091,D1:k_posterior,False,False,0.0004190410254523158,
D1,11,stability,10,10,10,0.9941303237298559,0.9941303237298559,0.0,1.0,1.0,1.0,D1:stability,False,False,0.13101962499786168,
D1,11,changepoint,78,10,10,1.0403745296845035,0.9941303237298559,0.018876659138487586,0.1282051282051282,1.0,0.22727272727272727,D1:changepoint,False,False,0.0007632500492036343,exact_off_grid_k
D1,11,consensus,10,10,10,0.9941303237298559,0.9941303237298559,0.0,1.0,1.0,1.0,D1:consensus,False,False,0.050657125073485076,
D1,12,elbow,11,10,10,1.010184094601073,1.0073777910264203,0.0011443423407471076,0.9090909090909091,1.0,0.9523809523809523,D1:elbow,False,False,0.00011237501166760921,
D1,12,penalized/bic,12,10,10,1.0122705777521155,1.0073777910264203,0.001995159420752069,0.8333333333333334,1.0,0.9090909090909091,D1:penalized/bic,False,False,0.000350666930899024,
D1,12,evaluate/time_holdout/best,21,10,10,1.0234144534372762,1.0073777910264203,0.006539360875553766,0.47619047619047616,1.0,0.6451612903225806,D1:evaluate/time_holdout/best,False,False,0.014479542034678161,synthetic_time_holdout
D1,12,evaluate/one_se,11,10,10,1.010184094601073,1.0073777910264203,0.0011443423407471076,0.9090909090909091,1.0,0.9523809523809523,D1:evaluate/one_se,False,False,0.06767437502276152,synthetic_group_cv
D1,12,fixed_k=50,50,10,10,1.045118323329164,1.0073777910264203,0.015389671119850176,0.2,1.0,0.33333333333333337,D1:fixed_k=50,False,False,2.1670712158083916e-06,
D1,12,oracle,10,10,10,1.0073777910264203,1.0073777910264203,0.0,1.0,1.0,1.0,D1:oracle,False,False,0.0,
D1,12,penalized/ebic,10,10,10,1.0073777910264203,1.0073777910264203,0.0,1.0,1.0,1.0,D1:penalized/ebic,False,False,0.00032004097010940313,
D1,12,penalized/ric,10,10,10,1.0073777910264203,1.0073777910264203,0.0,1.0,1.0,1.0,D1:penalized/ric,False,False,0.0002566250041127205,
D1,12,chi2_stop,10,10,10,1.0073777910264203,1.0073777910264203,0.0,1.0,1.0,1.0,D1:chi2_stop,False,False,0.0005124160088598728,
D1,12,forward_stop,11,10,10,1.010184094601073,1.0073777910264203,0.0011443423407471076,0.9090909090909091,1.0,0.9523809523809523,D1:forward_stop,False,False,0.0005169579526409507,
D1,12,perm_gap,10,10,10,1.0073777910264203,1.0073777910264203,0.0,1.0,1.0,1.0,D1:perm_gap,False,False,0.07302416698075831,
D1,12,knockoff_path,18,10,10,1.020590421673729,1.0073777910264203,0.005387789410573566,0.5555555555555556,1.0,0.7142857142857143,D1:knockoff_path,False,False,0.06382116593886167,
D1,12,xfit_objective,10,10,10,1.0073777910264203,1.0073777910264203,0.0,1.0,1.0,1.0,D1:xfit_objective,False,False,0.03992741706315428,
D1,12,gaussian_cv,10,10,10,1.0073777910264203,1.0073777910264203,0.0,1.0,1.0,1.0,D1:gaussian_cv,False,False,0.049244166002608836,
D1,12,k_posterior,10,10,10,1.0073777910264203,1.0073777910264203,0.0,1.0,1.0,1.0,D1:k_posterior,False,False,0.0004208330065011978,
D1,12,stability,10,10,10,1.0073777910264203,1.0073777910264203,0.0,1.0,1.0,1.0,D1:stability,False,False,0.1272635409841314,
D1,12,changepoint,63,10,10,1.0483881056225215,1.0073777910264203,0.016723008809012056,0.15873015873015872,1.0,0.27397260273972607,D1:changepoint,False,False,0.0008211670210584998,exact_off_grid_k
D1,12,consensus,10,10,10,1.0073777910264203,1.0073777910264203,0.0,1.0,1.0,1.0,D1:consensus,False,False,0.04938629094976932,
D1,13,elbow,11,10,10,0.9991872531484703,0.9972717681754284,0.0007800188271867542,0.9090909090909091,1.0,0.9523809523809523,D1:elbow,False,False,0.00011262507177889347,
D1,13,penalized/bic,10,10,10,0.9972717681754284,0.9972717681754284,0.0,1.0,1.0,1.0,D1:penalized/bic,False,False,0.0003500409657135606,
D1,13,evaluate/time_holdout/best,21,10,10,1.0148968994260803,0.9972717681754284,0.007177260276447514,0.47619047619047616,1.0,0.6451612903225806,D1:evaluate/time_holdout/best,False,False,0.01483095798175782,synthetic_time_holdout
D1,13,evaluate/one_se,16,10,10,1.0081834675292203,0.9972717681754284,0.0044434339357110764,0.625,1.0,0.7692307692307693,D1:evaluate/one_se,False,False,0.06856837507802993,synthetic_group_cv
D1,13,fixed_k=50,50,10,10,1.0329421701219366,0.9972717681754284,0.014525608649077143,0.2,1.0,0.33333333333333337,D1:fixed_k=50,False,False,2.125045284628868e-06,
D1,13,oracle,10,10,10,0.9972717681754284,0.9972717681754284,0.0,1.0,1.0,1.0,D1:oracle,False,False,0.0,
D1,13,penalized/ebic,10,10,10,0.9972717681754284,0.9972717681754284,0.0,1.0,1.0,1.0,D1:penalized/ebic,False,False,0.00032058299984782934,
D1,13,penalized/ric,10,10,10,0.9972717681754284,0.9972717681754284,0.0,1.0,1.0,1.0,D1:penalized/ric,False,False,0.0002542090369388461,
D1,13,chi2_stop,10,10,10,0.9972717681754284,0.9972717681754284,0.0,1.0,1.0,1.0,D1:chi2_stop,False,False,0.0005045830039307475,
D1,13,forward_stop,10,10,10,0.9972717681754284,0.9972717681754284,0.0,1.0,1.0,1.0,D1:forward_stop,False,False,0.000512166996486485,
D1,13,perm_gap,10,10,10,0.9972717681754284,0.9972717681754284,0.0,1.0,1.0,1.0,D1:perm_gap,False,False,0.08015754201915115,
D1,13,knockoff_path,16,10,10,1.0081834675292203,0.9972717681754284,0.0044434339357110764,0.625,1.0,0.7692307692307693,D1:knockoff_path,False,False,0.06656491698231548,
D1,13,xfit_objective,10,10,10,0.9972717681754284,0.9972717681754284,0.0,1.0,1.0,1.0,D1:xfit_objective,False,False,0.04449866700451821,
D1,13,gaussian_cv,10,10,10,0.9972717681754284,0.9972717681754284,0.0,1.0,1.0,1.0,D1:gaussian_cv,False,False,0.048146417015232146,
D1,13,k_posterior,10,10,10,0.9972717681754284,0.9972717681754284,0.0,1.0,1.0,1.0,D1:k_posterior,False,False,0.0003881249576807022,
D1,13,stability,10,10,10,0.9972717681754284,0.9972717681754284,0.0,1.0,1.0,1.0,D1:stability,False,False,0.1292552500963211,
D1,13,changepoint,72,10,10,1.0377328187920787,0.9972717681754284,0.016476444186676636,0.1388888888888889,1.0,0.24390243902439027,D1:changepoint,False,False,0.0007611250039190054,exact_off_grid_k
D1,13,consensus,10,10,10,0.9972717681754284,0.9972717681754284,0.0,1.0,1.0,1.0,D1:consensus,False,False,0.04744379105977714,
D1,14,elbow,11,10,10,0.9957506421261348,0.99448315761667,0.0005087279125758725,0.9090909090909091,1.0,0.9523809523809523,D1:elbow,False,False,0.00013633293565362692,
D1,14,penalized/bic,10,10,10,0.99448315761667,0.99448315761667,0.0,1.0,1.0,1.0,D1:penalized/bic,False,False,0.00037216697819530964,
D1,14,evaluate/time_holdout/best,26,10,10,1.01101052932642,0.99448315761667,0.006633560605657397,0.38461538461538464,1.0,0.5555555555555556,D1:evaluate/time_holdout/best,False,False,0.014772000024095178,synthetic_time_holdout
D1,14,evaluate/one_se,11,10,10,0.9957506421261348,0.99448315761667,0.0005087279125758725,0.9090909090909091,1.0,0.9523809523809523,D1:evaluate/one_se,False,False,0.0791406249627471,synthetic_group_cv
D1,14,fixed_k=50,50,10,10,1.0250632384301541,0.99448315761667,0.012273870459540644,0.2,1.0,0.33333333333333337,D1:fixed_k=50,False,False,2.208980731666088e-06,
D1,14,oracle,10,10,10,0.99448315761667,0.99448315761667,0.0,1.0,1.0,1.0,D1:oracle,False,False,0.0,
D1,14,penalized/ebic,10,10,10,0.99448315761667,0.99448315761667,0.0,1.0,1.0,1.0,D1:penalized/ebic,False,False,0.0003071250393986702,
D1,14,penalized/ric,10,10,10,0.99448315761667,0.99448315761667,0.0,1.0,1.0,1.0,D1:penalized/ric,False,False,0.0002487500896677375,
D1,14,chi2_stop,10,10,10,0.99448315761667,0.99448315761667,0.0,1.0,1.0,1.0,D1:chi2_stop,False,False,0.0004889159463346004,
D1,14,forward_stop,10,10,10,0.99448315761667,0.99448315761667,0.0,1.0,1.0,1.0,D1:forward_stop,False,False,0.0005032919580116868,
D1,14,perm_gap,10,10,10,0.99448315761667,0.99448315761667,0.0,1.0,1.0,1.0,D1:perm_gap,False,False,0.07967104203999043,
D1,14,knockoff_path,10,10,10,0.99448315761667,0.99448315761667,0.0,1.0,1.0,1.0,D1:knockoff_path,False,False,0.06301970791537315,
D1,14,xfit_objective,10,10,10,0.99448315761667,0.99448315761667,0.0,1.0,1.0,1.0,D1:xfit_objective,False,False,0.04569666599854827,
D1,14,gaussian_cv,10,10,10,0.99448315761667,0.99448315761667,0.0,1.0,1.0,1.0,D1:gaussian_cv,False,False,0.05294791702181101,
D1,14,k_posterior,10,10,10,0.99448315761667,0.99448315761667,0.0,1.0,1.0,1.0,D1:k_posterior,False,False,0.00044945802073925734,
D1,14,stability,10,10,10,0.99448315761667,0.99448315761667,0.0,1.0,1.0,1.0,D1:stability,False,False,0.12564312503673136,
D1,14,changepoint,64,10,10,1.0297034383198531,0.99448315761667,0.014136298904380696,0.15625,1.0,0.2702702702702703,D1:changepoint,False,False,0.0007742500165477395,exact_off_grid_k
D1,14,consensus,10,10,10,0.99448315761667,0.99448315761667,0.0,1.0,1.0,1.0,D1:consensus,False,False,0.048998999991454184,
D1,15,elbow,11,10,10,1.0016746075461933,0.9998888219660713,0.0007143436351116289,0.9090909090909091,1.0,0.9523809523809523,D1:elbow,False,False,0.00010200007818639278,
D1,15,penalized/bic,11,10,10,1.0016746075461933,0.9998888219660713,0.0007143436351116289,0.9090909090909091,1.0,0.9523809523809523,D1:penalized/bic,False,False,0.00033308297861367464,
D1,15,evaluate/time_holdout/best,21,10,10,1.0130721475529902,0.9998888219660713,0.005273547298985633,0.47619047619047616,1.0,0.6451612903225806,D1:evaluate/time_holdout/best,False,False,0.016011458006687462,synthetic_time_holdout
D1,15,evaluate/one_se,11,10,10,1.0016746075461933,0.9998888219660713,0.0007143436351116289,0.9090909090909091,1.0,0.9523809523809523,D1:evaluate/one_se,False,False,0.06289608404040337,synthetic_group_cv
D1,15,fixed_k=50,50,10,10,1.0320377283964302,0.9998888219660713,0.012860091905746796,0.2,1.0,0.33333333333333337,D1:fixed_k=50,False,False,2.0420411601662636e-06,
D1,15,oracle,10,10,10,0.9998888219660713,0.9998888219660713,0.0,1.0,1.0,1.0,D1:oracle,False,False,0.0,
D1,15,penalized/ebic,11,10,10,1.0016746075461933,0.9998888219660713,0.0007143436351116289,0.9090909090909091,1.0,0.9523809523809523,D1:penalized/ebic,False,False,0.00032162503339350224,
D1,15,penalized/ric,10,10,10,0.9998888219660713,0.9998888219660713,0.0,1.0,1.0,1.0,D1:penalized/ric,False,False,0.0002530000638216734,
D1,15,chi2_stop,10,10,10,0.9998888219660713,0.9998888219660713,0.0,1.0,1.0,1.0,D1:chi2_stop,False,False,0.000489290920086205,
D1,15,forward_stop,11,10,10,1.0016746075461933,0.9998888219660713,0.0007143436351116289,0.9090909090909091,1.0,0.9523809523809523,D1:forward_stop,False,False,0.0004997500218451023,
D1,15,perm_gap,10,10,10,0.9998888219660713,0.9998888219660713,0.0,1.0,1.0,1.0,D1:perm_gap,False,False,0.07318791700527072,
D1,15,knockoff_path,11,10,10,1.0016746075461933,0.9998888219660713,0.0007143436351116289,0.9090909090909091,1.0,0.9523809523809523,D1:knockoff_path,False,False,0.0651967910816893,
D1,15,xfit_objective,10,10,10,0.9998888219660713,0.9998888219660713,0.0,1.0,1.0,1.0,D1:xfit_objective,False,False,0.04624666599556804,
D1,15,gaussian_cv,10,10,10,0.9998888219660713,0.9998888219660713,0.0,1.0,1.0,1.0,D1:gaussian_cv,False,False,0.04906562506221235,
D1,15,k_posterior,11,10,10,1.0016746075461933,0.9998888219660713,0.0007143436351116289,0.9090909090909091,1.0,0.9523809523809523,D1:k_posterior,False,False,0.0003915000706911087,
D1,15,stability,10,10,10,0.9998888219660713,0.9998888219660713,0.0,1.0,1.0,1.0,D1:stability,False,False,0.1277433750219643,
D1,15,changepoint,58,10,10,1.0365908078115909,0.9998888219660713,0.01468139863852691,0.1724137931034483,1.0,0.29411764705882354,D1:changepoint,False,False,0.0008822500240057707,exact_off_grid_k
D1,15,consensus,10,10,10,0.9998888219660713,0.9998888219660713,0.0,1.0,1.0,1.0,D1:consensus,False,False,0.06203612498939037,
D1,16,elbow,11,10,10,0.9989111891623846,0.9964626458826842,0.0009928179892227328,0.9090909090909091,1.0,0.9523809523809523,D1:elbow,False,False,0.00010404095519334078,
D1,16,penalized/bic,11,10,10,0.9989111891623846,0.9964626458826842,0.0009928179892227328,0.9090909090909091,1.0,0.9523809523809523,D1:penalized/bic,False,False,0.0003375000087544322,
D1,16,evaluate/time_holdout/best,50,10,10,1.0309747920277774,0.9964626458826842,0.01399374061451114,0.2,1.0,0.33333333333333337,D1:evaluate/time_holdout/best,False,False,0.01517433300614357,synthetic_time_holdout
D1,16,evaluate/one_se,16,10,10,1.0075651124121032,0.9964626458826842,0.0045017495040965685,0.625,1.0,0.7692307692307693,D1:evaluate/one_se,False,False,0.0661769580328837,synthetic_group_cv
D1,16,fixed_k=50,50,10,10,1.0309747920277774,0.9964626458826842,0.01399374061451114,0.2,1.0,0.33333333333333337,D1:fixed_k=50,False,False,2.1659070625901222e-06,
D1,16,oracle,10,10,10,0.9964626458826842,0.9964626458826842,0.0,1.0,1.0,1.0,D1:oracle,False,False,0.0,
D1,16,penalized/ebic,10,10,10,0.9964626458826842,0.9964626458826842,0.0,1.0,1.0,1.0,D1:penalized/ebic,False,False,0.00031158304773271084,
D1,16,penalized/ric,10,10,10,0.9964626458826842,0.9964626458826842,0.0,1.0,1.0,1.0,D1:penalized/ric,False,False,0.0002524170558899641,
D1,16,chi2_stop,10,10,10,0.9964626458826842,0.9964626458826842,0.0,1.0,1.0,1.0,D1:chi2_stop,False,False,0.0005061249248683453,
D1,16,forward_stop,10,10,10,0.9964626458826842,0.9964626458826842,0.0,1.0,1.0,1.0,D1:forward_stop,False,False,0.0006198750343173742,
D1,16,perm_gap,10,10,10,0.9964626458826842,0.9964626458826842,0.0,1.0,1.0,1.0,D1:perm_gap,False,False,0.08219316601753235,
D1,16,knockoff_path,11,10,10,0.9989111891623846,0.9964626458826842,0.0009928179892227328,0.9090909090909091,1.0,0.9523809523809523,D1:knockoff_path,False,False,0.06486062495969236,
D1,16,xfit_objective,10,10,10,0.9964626458826842,0.9964626458826842,0.0,1.0,1.0,1.0,D1:xfit_objective,False,False,0.0498979160329327,
D1,16,gaussian_cv,10,10,10,0.9964626458826842,0.9964626458826842,0.0,1.0,1.0,1.0,D1:gaussian_cv,False,False,0.05452745803631842,
D1,16,k_posterior,10,10,10,0.9964626458826842,0.9964626458826842,0.0,1.0,1.0,1.0,D1:k_posterior,False,False,0.00040254194755107164,
D1,16,stability,10,10,10,0.9964626458826842,0.9964626458826842,0.0,1.0,1.0,1.0,D1:stability,False,False,0.14212858292739838,
D1,16,changepoint,72,10,10,1.037753309869111,0.9964626458826842,0.016742246025437137,0.1388888888888889,1.0,0.24390243902439027,D1:changepoint,False,False,0.000794125022366643,exact_off_grid_k
D1,16,consensus,10,10,10,0.9964626458826842,0.9964626458826842,0.0,1.0,1.0,1.0,D1:consensus,False,False,0.06007383298128843,
D1,17,elbow,11,10,10,1.0045641573364499,1.0022743544384531,0.0009363640603940846,0.9090909090909091,1.0,0.9523809523809523,D1:elbow,False,False,0.00011008302681148052,
D1,17,penalized/bic,11,10,10,1.0045641573364499,1.0022743544384531,0.0009363640603940846,0.9090909090909091,1.0,0.9523809523809523,D1:penalized/bic,False,False,0.00033704203087836504,
D1,17,evaluate/time_holdout/best,75,10,10,1.0440320754930161,1.0022743544384531,0.01707589298347976,0.13333333333333333,1.0,0.23529411764705882,D1:evaluate/time_holdout/best,False,False,0.014953083009459078,synthetic_time_holdout
D1,17,evaluate/one_se,11,10,10,1.0045641573364499,1.0022743544384531,0.0009363640603940846,0.9090909090909091,1.0,0.9523809523809523,D1:evaluate/one_se,False,False,0.07970479200594127,synthetic_group_cv
D1,17,fixed_k=50,50,10,10,1.0355478898209647,1.0022743544384531,0.01360647360595624,0.2,1.0,0.33333333333333337,D1:fixed_k=50,False,False,2.291053533554077e-06,
D1,17,oracle,10,10,10,1.0022743544384531,1.0022743544384531,0.0,1.0,1.0,1.0,D1:oracle,False,False,0.0,
D1,17,penalized/ebic,10,10,10,1.0022743544384531,1.0022743544384531,0.0,1.0,1.0,1.0,D1:penalized/ebic,False,False,0.0003190831048414111,
D1,17,penalized/ric,10,10,10,1.0022743544384531,1.0022743544384531,0.0,1.0,1.0,1.0,D1:penalized/ric,False,False,0.00025654106866568327,
D1,17,chi2_stop,10,10,10,1.0022743544384531,1.0022743544384531,0.0,1.0,1.0,1.0,D1:chi2_stop,False,False,0.0005034169880673289,
D1,17,forward_stop,10,10,10,1.0022743544384531,1.0022743544384531,0.0,1.0,1.0,1.0,D1:forward_stop,False,False,0.000507500022649765,
D1,17,perm_gap,10,10,10,1.0022743544384531,1.0022743544384531,0.0,1.0,1.0,1.0,D1:perm_gap,False,False,0.08190070802811533,
D1,17,knockoff_path,11,10,10,1.0045641573364499,1.0022743544384531,0.0009363640603940846,0.9090909090909091,1.0,0.9523809523809523,D1:knockoff_path,False,False,0.06454775005113333,
D1,17,xfit_objective,10,10,10,1.0022743544384531,1.0022743544384531,0.0,1.0,1.0,1.0,D1:xfit_objective,False,False,0.04319995897822082,
D1,17,gaussian_cv,10,10,10,1.0022743544384531,1.0022743544384531,0.0,1.0,1.0,1.0,D1:gaussian_cv,False,False,0.05054650001693517,
D1,17,k_posterior,10,10,10,1.0022743544384531,1.0022743544384531,0.0,1.0,1.0,1.0,D1:k_posterior,False,False,0.0004075421020388603,
D1,17,stability,10,10,10,1.0022743544384531,1.0022743544384531,0.0,1.0,1.0,1.0,D1:stability,False,False,0.13703087496105582,
D1,17,changepoint,73,10,10,1.0430294430391607,1.0022743544384531,0.0166658887004053,0.136986301369863,1.0,0.24096385542168672,D1:changepoint,False,False,0.000753166968934238,exact_off_grid_k
D1,17,consensus,10,10,10,1.0022743544384531,1.0022743544384531,0.0,1.0,1.0,1.0,D1:consensus,False,False,0.05057008401490748,
D1,18,elbow,11,10,10,1.0002180102243479,0.9979420693873274,0.0009212055156397921,0.9090909090909091,1.0,0.9523809523809523,D1:elbow,False,False,0.00010487495455890894,
D1,18,penalized/bic,11,10,10,1.0002180102243479,0.9979420693873274,0.0009212055156397921,0.9090909090909091,1.0,0.9523809523809523,D1:penalized/bic,False,False,0.00034312496427446604,
D1,18,evaluate/time_holdout/best,60,10,10,1.0406587174664987,0.9979420693873274,0.017289909816677416,0.16666666666666666,1.0,0.2857142857142857,D1:evaluate/time_holdout/best,False,False,0.016239667078480124,synthetic_time_holdout
D1,18,evaluate/one_se,16,10,10,1.0092883289994796,0.9979420693873274,0.0045924906160035575,0.625,1.0,0.7692307692307693,D1:evaluate/one_se,False,False,0.06871899997349828,synthetic_group_cv
D1,18,fixed_k=50,50,10,10,1.0357248299324275,0.9979420693873274,0.015292878814815744,0.2,1.0,0.33333333333333337,D1:fixed_k=50,False,False,2.00001522898674e-06,
D1,18,oracle,10,10,10,0.9979420693873274,0.9979420693873274,0.0,1.0,1.0,1.0,D1:oracle,False,False,0.0,
D1,18,penalized/ebic,10,10,10,0.9979420693873274,0.9979420693873274,0.0,1.0,1.0,1.0,D1:penalized/ebic,False,False,0.00031812500674277544,
D1,18,penalized/ric,10,10,10,0.9979420693873274,0.9979420693873274,0.0,1.0,1.0,1.0,D1:penalized/ric,False,False,0.00025533302687108517,
D1,18,chi2_stop,10,10,10,0.9979420693873274,0.9979420693873274,0.0,1.0,1.0,1.0,D1:chi2_stop,False,False,0.0005061249248683453,
D1,18,forward_stop,11,10,10,1.0002180102243479,0.9979420693873274,0.0009212055156397921,0.9090909090909091,1.0,0.9523809523809523,D1:forward_stop,False,False,0.0005233329720795155,
D1,18,perm_gap,10,10,10,0.9979420693873274,0.9979420693873274,0.0,1.0,1.0,1.0,D1:perm_gap,False,False,0.07190774998161942,
D1,18,knockoff_path,17,10,10,1.0104051269108651,0.9979420693873274,0.005044523629818719,0.5882352941176471,1.0,0.7407407407407407,D1:knockoff_path,False,False,0.07216579094529152,
D1,18,xfit_objective,10,10,10,0.9979420693873274,0.9979420693873274,0.0,1.0,1.0,1.0,D1:xfit_objective,False,False,0.05213670909870416,
D1,18,gaussian_cv,10,10,10,0.9979420693873274,0.9979420693873274,0.0,1.0,1.0,1.0,D1:gaussian_cv,False,False,0.05249616701621562,
D1,18,k_posterior,10,10,10,0.9979420693873274,0.9979420693873274,0.0,1.0,1.0,1.0,D1:k_posterior,False,False,0.000596208032220602,
D1,18,stability,10,10,10,0.9979420693873274,0.9979420693873274,0.0,1.0,1.0,1.0,D1:stability,False,False,0.144277291954495,
D1,18,changepoint,67,10,10,1.0426037544221785,0.9979420693873274,0.018077179302136058,0.14925373134328357,1.0,0.2597402597402597,D1:changepoint,False,False,0.000752874999307096,exact_off_grid_k
D1,18,consensus,10,10,10,0.9979420693873274,0.9979420693873274,0.0,1.0,1.0,1.0,D1:consensus,False,False,0.046838584006763995,
D1,19,elbow,11,10,10,0.9948424154529873,0.9928964434925128,0.0007806528893506215,0.9090909090909091,1.0,0.9523809523809523,D1:elbow,False,False,0.0001129580195993185,
D1,19,penalized/bic,10,10,10,0.9928964434925128,0.9928964434925128,0.0,1.0,1.0,1.0,D1:penalized/bic,False,False,0.00033254094887524843,
D1,19,evaluate/time_holdout/best,50,10,10,1.0209922669901481,0.9928964434925128,0.011271018410134595,0.2,1.0,0.33333333333333337,D1:evaluate/time_holdout/best,False,False,0.01522887498140335,synthetic_time_holdout
D1,19,evaluate/one_se,11,10,10,0.9948424154529873,0.9928964434925128,0.0007806528893506215,0.9090909090909091,1.0,0.9523809523809523,D1:evaluate/one_se,False,False,0.07092587498482317,synthetic_group_cv
D1,19,fixed_k=50,50,10,10,1.0209922669901481,0.9928964434925128,0.011271018410134595,0.2,1.0,0.33333333333333337,D1:fixed_k=50,False,False,2.166023477911949e-06,
D1,19,oracle,10,10,10,0.9928964434925128,0.9928964434925128,0.0,1.0,1.0,1.0,D1:oracle,False,False,0.0,
D1,19,penalized/ebic,10,10,10,0.9928964434925128,0.9928964434925128,0.0,1.0,1.0,1.0,D1:penalized/ebic,False,False,0.0003094170242547989,
D1,19,penalized/ric,10,10,10,0.9928964434925128,0.9928964434925128,0.0,1.0,1.0,1.0,D1:penalized/ric,False,False,0.00025991699658334255,
D1,19,chi2_stop,10,10,10,0.9928964434925128,0.9928964434925128,0.0,1.0,1.0,1.0,D1:chi2_stop,False,False,0.0005088340258225799,
D1,19,forward_stop,10,10,10,0.9928964434925128,0.9928964434925128,0.0,1.0,1.0,1.0,D1:forward_stop,False,False,0.0005016250070184469,
D1,19,perm_gap,10,10,10,0.9928964434925128,0.9928964434925128,0.0,1.0,1.0,1.0,D1:perm_gap,False,False,0.08044725004583597,
D1,19,knockoff_path,10,10,10,0.9928964434925128,0.9928964434925128,0.0,1.0,1.0,1.0,D1:knockoff_path,False,False,0.0634614999871701,
D1,19,xfit_objective,10,10,10,0.9928964434925128,0.9928964434925128,0.0,1.0,1.0,1.0,D1:xfit_objective,False,False,0.051789875025860965,
D1,19,gaussian_cv,10,10,10,0.9928964434925128,0.9928964434925128,0.0,1.0,1.0,1.0,D1:gaussian_cv,False,False,0.04813312494661659,
D1,19,k_posterior,10,10,10,0.9928964434925128,0.9928964434925128,0.0,1.0,1.0,1.0,D1:k_posterior,False,False,0.0003803330473601818,
D1,19,stability,10,10,10,0.9928964434925128,0.9928964434925128,0.0,1.0,1.0,1.0,D1:stability,False,False,0.12575491599272937,
D1,19,changepoint,74,10,10,1.02810352876599,0.9928964434925128,0.014123796952167627,0.13513513513513514,1.0,0.2380952380952381,D1:changepoint,False,False,0.0008065419970080256,exact_off_grid_k
D1,19,consensus,10,10,10,0.9928964434925128,0.9928964434925128,0.0,1.0,1.0,1.0,D1:consensus,False,False,0.06090112496167421,
D1,20,elbow,11,10,10,1.002604725499002,1.0012945083743598,0.0005348355771150557,0.9090909090909091,1.0,0.9523809523809523,D1:elbow,False,False,9.999994654208422e-05,
D1,20,penalized/bic,10,10,10,1.0012945083743598,1.0012945083743598,0.0,1.0,1.0,1.0,D1:penalized/bic,False,False,0.0003381660208106041,
D1,20,evaluate/time_holdout/best,100,10,10,1.0465275410381891,1.0012945083743598,0.01846429471453447,0.1,1.0,0.18181818181818182,D1:evaluate/time_holdout/best,False,True,0.014201374957337976,synthetic_time_holdout
D1,20,evaluate/one_se,11,10,10,1.002604725499002,1.0012945083743598,0.0005348355771150557,0.9090909090909091,1.0,0.9523809523809523,D1:evaluate/one_se,False,False,0.06720487505663186,synthetic_group_cv
D1,20,fixed_k=50,50,10,10,1.0317234928718688,1.0012945083743598,0.012421226359100411,0.2,1.0,0.33333333333333337,D1:fixed_k=50,False,False,2.040993422269821e-06,
D1,20,oracle,10,10,10,1.0012945083743598,1.0012945083743598,0.0,1.0,1.0,1.0,D1:oracle,False,False,0.0,
D1,20,penalized/ebic,10,10,10,1.0012945083743598,1.0012945083743598,0.0,1.0,1.0,1.0,D1:penalized/ebic,False,False,0.00030216702725738287,
D1,20,penalized/ric,10,10,10,1.0012945083743598,1.0012945083743598,0.0,1.0,1.0,1.0,D1:penalized/ric,False,False,0.00025949999690055847,
D1,20,chi2_stop,10,10,10,1.0012945083743598,1.0012945083743598,0.0,1.0,1.0,1.0,D1:chi2_stop,False,False,0.0005037500523030758,
D1,20,forward_stop,10,10,10,1.0012945083743598,1.0012945083743598,0.0,1.0,1.0,1.0,D1:forward_stop,False,False,0.0005254580173641443,
D1,20,perm_gap,10,10,10,1.0012945083743598,1.0012945083743598,0.0,1.0,1.0,1.0,D1:perm_gap,False,False,0.08498887496534735,
D1,20,knockoff_path,10,10,10,1.0012945083743598,1.0012945083743598,0.0,1.0,1.0,1.0,D1:knockoff_path,False,False,0.0640090829692781,
D1,20,xfit_objective,10,10,10,1.0012945083743598,1.0012945083743598,0.0,1.0,1.0,1.0,D1:xfit_objective,False,False,0.04254466691054404,
D1,20,gaussian_cv,10,10,10,1.0012945083743598,1.0012945083743598,0.0,1.0,1.0,1.0,D1:gaussian_cv,False,False,0.047238374943844974,
D1,20,k_posterior,10,10,10,1.0012945083743598,1.0012945083743598,0.0,1.0,1.0,1.0,D1:k_posterior,False,False,0.000578500097617507,
D1,20,stability,10,10,10,1.0012945083743598,1.0012945083743598,0.0,1.0,1.0,1.0,D1:stability,False,False,0.1301129589555785,
D1,20,changepoint,74,10,10,1.039553602010463,1.0012945083743598,0.015617506472717115,0.13513513513513514,1.0,0.2380952380952381,D1:changepoint,False,False,0.0007500839419662952,exact_off_grid_k
D1,20,consensus,10,10,10,1.0012945083743598,1.0012945083743598,0.0,1.0,1.0,1.0,D1:consensus,False,False,0.051644249935634434,
D1,21,elbow,11,10,10,1.0062142984632005,1.0023069399092897,0.0015881513566275776,0.9090909090909091,1.0,0.9523809523809523,D1:elbow,False,False,0.00024349999148398638,
D1,21,penalized/bic,11,10,10,1.0062142984632005,1.0023069399092897,0.0015881513566275776,0.9090909090909091,1.0,0.9523809523809523,D1:penalized/bic,False,False,0.0005186669295653701,
D1,21,evaluate/time_holdout/best,50,10,10,1.0375012832174202,1.0023069399092897,0.014304790128482008,0.2,1.0,0.33333333333333337,D1:evaluate/time_holdout/best,False,False,0.01545508299022913,synthetic_time_holdout
D1,21,evaluate/one_se,11,10,10,1.0062142984632005,1.0023069399092897,0.0015881513566275776,0.9090909090909091,1.0,0.9523809523809523,D1:evaluate/one_se,False,False,0.07271929096896201,synthetic_group_cv
D1,21,fixed_k=50,50,10,10,1.0375012832174202,1.0023069399092897,0.014304790128482008,0.2,1.0,0.33333333333333337,D1:fixed_k=50,False,False,2.124928869307041e-06,
D1,21,oracle,10,10,10,1.0023069399092897,1.0023069399092897,0.0,1.0,1.0,1.0,D1:oracle,False,False,0.0,
D1,21,penalized/ebic,11,10,10,1.0062142984632005,1.0023069399092897,0.0015881513566275776,0.9090909090909091,1.0,0.9523809523809523,D1:penalized/ebic,False,False,0.00031208398286253214,
D1,21,penalized/ric,11,10,10,1.0062142984632005,1.0023069399092897,0.0015881513566275776,0.9090909090909091,1.0,0.9523809523809523,D1:penalized/ric,False,False,0.0002485410077497363,
D1,21,chi2_stop,11,10,10,1.0062142984632005,1.0023069399092897,0.0015881513566275776,0.9090909090909091,1.0,0.9523809523809523,D1:chi2_stop,False,False,0.0004898329498246312,
D1,21,forward_stop,11,10,10,1.0062142984632005,1.0023069399092897,0.0015881513566275776,0.9090909090909091,1.0,0.9523809523809523,D1:forward_stop,False,False,0.0006064169574528933,
D1,21,perm_gap,10,10,10,1.0023069399092897,1.0023069399092897,0.0,1.0,1.0,1.0,D1:perm_gap,False,False,0.07799120899289846,
D1,21,knockoff_path,11,10,10,1.0062142984632005,1.0023069399092897,0.0015881513566275776,0.9090909090909091,1.0,0.9523809523809523,D1:knockoff_path,False,False,0.06502762506715953,
D1,21,xfit_objective,10,10,10,1.0023069399092897,1.0023069399092897,0.0,1.0,1.0,1.0,D1:xfit_objective,False,False,0.04511254094541073,
D1,21,gaussian_cv,10,10,10,1.0023069399092897,1.0023069399092897,0.0,1.0,1.0,1.0,D1:gaussian_cv,False,False,0.04419245896860957,
D1,21,k_posterior,11,10,10,1.0062142984632005,1.0023069399092897,0.0015881513566275776,0.9090909090909091,1.0,0.9523809523809523,D1:k_posterior,False,False,0.0003986250376328826,
D1,21,stability,10,10,10,1.0023069399092897,1.0023069399092897,0.0,1.0,1.0,1.0,D1:stability,False,False,0.12866341602057219,
D1,21,changepoint,60,10,10,1.0397551583451812,1.0023069399092897,0.015220880830790358,0.16666666666666666,1.0,0.2857142857142857,D1:changepoint,False,False,0.0007656660163775086,
D1,21,consensus,11,10,10,1.0062142984632005,1.0023069399092897,0.0015881513566275776,0.9090909090909091,1.0,0.9523809523809523,D1:consensus,False,False,0.05134591704700142,
D1,22,elbow,11,10,10,1.011420377044871,1.009857826535241,0.00062914299444381,0.9090909090909091,1.0,0.9523809523809523,D1:elbow,False,False,0.00010525004472583532,
D1,22,penalized/bic,12,10,10,1.0132922190442466,1.009857826535241,0.0013828186505936595,0.8333333333333334,1.0,0.9090909090909091,D1:penalized/bic,False,False,0.0003487499197944999,
D1,22,evaluate/time_holdout/best,50,10,10,1.0434428020073918,1.009857826535241,0.013522604169686666,0.2,1.0,0.33333333333333337,D1:evaluate/time_holdout/best,False,False,0.01610966690350324,synthetic_time_holdout
D1,22,evaluate/one_se,11,10,10,1.011420377044871,1.009857826535241,0.00062914299444381,0.9090909090909091,1.0,0.9523809523809523,D1:evaluate/one_se,False,False,0.07000233291182667,synthetic_group_cv
D1,22,fixed_k=50,50,10,10,1.0434428020073918,1.009857826535241,0.013522604169686666,0.2,1.0,0.33333333333333337,D1:fixed_k=50,False,False,2.040993422269821e-06,
D1,22,oracle,10,10,10,1.009857826535241,1.009857826535241,0.0,1.0,1.0,1.0,D1:oracle,False,False,0.0,
D1,22,penalized/ebic,10,10,10,1.009857826535241,1.009857826535241,0.0,1.0,1.0,1.0,D1:penalized/ebic,False,False,0.0003018750576302409,
D1,22,penalized/ric,10,10,10,1.009857826535241,1.009857826535241,0.0,1.0,1.0,1.0,D1:penalized/ric,False,False,0.00025237491354346275,
D1,22,chi2_stop,10,10,10,1.009857826535241,1.009857826535241,0.0,1.0,1.0,1.0,D1:chi2_stop,False,False,0.0004871670389547944,
D1,22,forward_stop,10,10,10,1.009857826535241,1.009857826535241,0.0,1.0,1.0,1.0,D1:forward_stop,False,False,0.0005157920531928539,
D1,22,perm_gap,10,10,10,1.009857826535241,1.009857826535241,0.0,1.0,1.0,1.0,D1:perm_gap,False,False,0.0703414159361273,
D1,22,knockoff_path,13,10,10,1.013830941538874,1.009857826535241,0.001599729068116312,0.7692307692307693,1.0,0.8695652173913044,D1:knockoff_path,False,False,0.0630166670307517,
D1,22,xfit_objective,10,10,10,1.009857826535241,1.009857826535241,0.0,1.0,1.0,1.0,D1:xfit_objective,False,False,0.04471666703466326,
D1,22,gaussian_cv,10,10,10,1.009857826535241,1.009857826535241,0.0,1.0,1.0,1.0,D1:gaussian_cv,False,False,0.04746858403086662,
D1,22,k_posterior,10,10,10,1.009857826535241,1.009857826535241,0.0,1.0,1.0,1.0,D1:k_posterior,False,False,0.0003826669417321682,
D1,22,stability,10,10,10,1.009857826535241,1.009857826535241,0.0,1.0,1.0,1.0,D1:stability,False,False,0.12997241702396423,
D1,22,changepoint,51,10,10,1.043803230052683,1.009857826535241,0.013667726377447911,0.19607843137254902,1.0,0.3278688524590164,D1:changepoint,False,False,0.0007599579403176904,exact_off_grid_k
D1,22,consensus,10,10,10,1.009857826535241,1.009857826535241,0.0,1.0,1.0,1.0,D1:consensus,False,False,0.05964195798151195,
D1,23,elbow,11,10,10,1.009265526060615,1.0075322354687541,0.00070709013373967,0.9090909090909091,1.0,0.9523809523809523,D1:elbow,False,False,0.00010183406993746758,
D1,23,penalized/bic,10,10,10,1.0075322354687541,1.0075322354687541,0.0,1.0,1.0,1.0,D1:penalized/bic,False,False,0.000337290926836431,
D1,23,evaluate/time_holdout/best,16,10,10,1.0156267941733126,1.0075322354687541,0.0033021483090295107,0.625,1.0,0.7692307692307693,D1:evaluate/time_holdout/best,False,False,0.015586707973852754,synthetic_time_holdout
D1,23,evaluate/one_se,11,10,10,1.009265526060615,1.0075322354687541,0.00070709013373967,0.9090909090909091,1.0,0.9523809523809523,D1:evaluate/one_se,False,False,0.07028904196340591,synthetic_group_cv
D1,23,fixed_k=50,50,10,10,1.0398827754339328,1.0075322354687541,0.013197295212899904,0.2,1.0,0.33333333333333337,D1:fixed_k=50,False,False,2.0830193534493446e-06,
D1,23,oracle,10,10,10,1.0075322354687541,1.0075322354687541,0.0,1.0,1.0,1.0,D1:oracle,False,False,0.0,
D1,23,penalized/ebic,10,10,10,1.0075322354687541,1.0075322354687541,0.0,1.0,1.0,1.0,D1:penalized/ebic,False,False,0.00031450006645172834,
D1,23,penalized/ric,10,10,10,1.0075322354687541,1.0075322354687541,0.0,1.0,1.0,1.0,D1:penalized/ric,False,False,0.00026666605845093727,
D1,23,chi2_stop,10,10,10,1.0075322354687541,1.0075322354687541,0.0,1.0,1.0,1.0,D1:chi2_stop,False,False,0.0005024999845772982,
D1,23,forward_stop,10,10,10,1.0075322354687541,1.0075322354687541,0.0,1.0,1.0,1.0,D1:forward_stop,False,False,0.0005129170604050159,
D1,23,perm_gap,10,10,10,1.0075322354687541,1.0075322354687541,0.0,1.0,1.0,1.0,D1:perm_gap,False,False,0.09313862503040582,
D1,23,knockoff_path,10,10,10,1.0075322354687541,1.0075322354687541,0.0,1.0,1.0,1.0,D1:knockoff_path,False,False,0.07189150003250688,
D1,23,xfit_objective,10,10,10,1.0075322354687541,1.0075322354687541,0.0,1.0,1.0,1.0,D1:xfit_objective,False,False,0.043540332932025194,
D1,23,gaussian_cv,10,10,10,1.0075322354687541,1.0075322354687541,0.0,1.0,1.0,1.0,D1:gaussian_cv,False,False,0.05400145903695375,
D1,23,k_posterior,10,10,10,1.0075322354687541,1.0075322354687541,0.0,1.0,1.0,1.0,D1:k_posterior,False,False,0.0005313329165801406,
D1,23,stability,10,10,10,1.0075322354687541,1.0075322354687541,0.0,1.0,1.0,1.0,D1:stability,False,False,0.1341548750642687,
D1,23,changepoint,73,10,10,1.0456892932382833,1.0075322354687541,0.01556604484445028,0.136986301369863,1.0,0.24096385542168672,D1:changepoint,False,False,0.0007518749916926026,exact_off_grid_k
D1,23,consensus,10,10,10,1.0075322354687541,1.0075322354687541,0.0,1.0,1.0,1.0,D1:consensus,False,False,0.048544749966822565,
D1,24,elbow,11,10,10,1.0067431934538724,1.005101156674962,0.0006633522169754469,0.9090909090909091,1.0,0.9523809523809523,D1:elbow,False,False,0.0001105000264942646,
D1,24,penalized/bic,10,10,10,1.005101156674962,1.005101156674962,0.0,1.0,1.0,1.0,D1:penalized/bic,False,False,0.0003405410097911954,
D1,24,evaluate/time_holdout/best,50,10,10,1.0395698604089847,1.005101156674962,0.01392471309528449,0.2,1.0,0.33333333333333337,D1:evaluate/time_holdout/best,False,False,0.016189042013138533,synthetic_time_holdout
D1,24,evaluate/one_se,16,10,10,1.0128178202255642,1.005101156674962,0.0031173880754011107,0.625,1.0,0.7692307692307693,D1:evaluate/one_se,False,False,0.07067791605368257,synthetic_group_cv
D1,24,fixed_k=50,50,10,10,1.0395698604089847,1.005101156674962,0.01392471309528449,0.2,1.0,0.33333333333333337,D1:fixed_k=50,False,False,2.3329630494117737e-06,
D1,24,oracle,10,10,10,1.005101156674962,1.005101156674962,0.0,1.0,1.0,1.0,D1:oracle,False,False,0.0,
D1,24,penalized/ebic,10,10,10,1.005101156674962,1.005101156674962,0.0,1.0,1.0,1.0,D1:penalized/ebic,False,False,0.0003439169377088547,
D1,24,penalized/ric,10,10,10,1.005101156674962,1.005101156674962,0.0,1.0,1.0,1.0,D1:penalized/ric,False,False,0.0002612089738249779,
D1,24,chi2_stop,10,10,10,1.005101156674962,1.005101156674962,0.0,1.0,1.0,1.0,D1:chi2_stop,False,False,0.0005144169554114342,
D1,24,forward_stop,10,10,10,1.005101156674962,1.005101156674962,0.0,1.0,1.0,1.0,D1:forward_stop,False,False,0.0004984159022569656,
D1,24,perm_gap,10,10,10,1.005101156674962,1.005101156674962,0.0,1.0,1.0,1.0,D1:perm_gap,False,False,0.07802883395925164,
D1,24,knockoff_path,10,10,10,1.005101156674962,1.005101156674962,0.0,1.0,1.0,1.0,D1:knockoff_path,False,False,0.06110800011083484,
D1,24,xfit_objective,10,10,10,1.005101156674962,1.005101156674962,0.0,1.0,1.0,1.0,D1:xfit_objective,False,False,0.04264158301521093,
D1,24,gaussian_cv,10,10,10,1.005101156674962,1.005101156674962,0.0,1.0,1.0,1.0,D1:gaussian_cv,False,False,0.047624749946407974,
D1,24,k_posterior,10,10,10,1.005101156674962,1.005101156674962,0.0,1.0,1.0,1.0,D1:k_posterior,False,False,0.0003891249652951956,
D1,24,stability,10,10,10,1.005101156674962,1.005101156674962,0.0,1.0,1.0,1.0,D1:stability,False,False,0.1323918750276789,
D1,24,changepoint,69,10,10,1.047413470040932,1.005101156674962,0.017093385018634794,0.14492753623188406,1.0,0.25316455696202533,D1:changepoint,False,False,0.000739790964871645,exact_off_grid_k
D1,24,consensus,10,10,10,1.005101156674962,1.005101156674962,0.0,1.0,1.0,1.0,D1:consensus,False,False,0.049216374987736344,
D1,25,elbow,11,10,10,1.003760170749181,1.0029848191271222,0.00031651490356416327,0.9090909090909091,1.0,0.9523809523809523,D1:elbow,False,False,0.00011912500485777855,
D1,25,penalized/bic,12,10,10,1.0063152576196301,1.0029848191271222,0.0013595553143791767,0.8333333333333334,1.0,0.9090909090909091,D1:penalized/bic,False,False,0.0003939579473808408,
D1,25,evaluate/time_holdout/best,26,10,10,1.0208616015892165,1.0029848191271222,0.0072976800667586324,0.38461538461538464,1.0,0.5555555555555556,D1:evaluate/time_holdout/best,False,False,0.015954207978211343,synthetic_time_holdout
D1,25,evaluate/one_se,11,10,10,1.003760170749181,1.0029848191271222,0.00031651490356416327,0.9090909090909091,1.0,0.9523809523809523,D1:evaluate/one_se,False,False,0.06730395904742181,synthetic_group_cv
D1,25,fixed_k=50,50,10,10,1.0355154363287224,1.0029848191271222,0.013279684821071693,0.2,1.0,0.33333333333333337,D1:fixed_k=50,False,False,2.208980731666088e-06,
D1,25,oracle,10,10,10,1.0029848191271222,1.0029848191271222,0.0,1.0,1.0,1.0,D1:oracle,False,False,0.0,
D1,25,penalized/ebic,10,10,10,1.0029848191271222,1.0029848191271222,0.0,1.0,1.0,1.0,D1:penalized/ebic,False,False,0.0003252909518778324,
D1,25,penalized/ric,10,10,10,1.0029848191271222,1.0029848191271222,0.0,1.0,1.0,1.0,D1:penalized/ric,False,False,0.00028720905538648367,
D1,25,chi2_stop,10,10,10,1.0029848191271222,1.0029848191271222,0.0,1.0,1.0,1.0,D1:chi2_stop,False,False,0.00069500005338341,
D1,25,forward_stop,11,10,10,1.003760170749181,1.0029848191271222,0.00031651490356416327,0.9090909090909091,1.0,0.9523809523809523,D1:forward_stop,False,False,0.0005571669898927212,
D1,25,perm_gap,11,10,10,1.003760170749181,1.0029848191271222,0.00031651490356416327,0.9090909090909091,1.0,0.9523809523809523,D1:perm_gap,False,False,0.07584870897699147,
D1,25,knockoff_path,13,10,10,1.007949569829598,1.0029848191271222,0.0020267160667590553,0.7692307692307693,1.0,0.8695652173913044,D1:knockoff_path,False,False,0.06632466707378626,
D1,25,xfit_objective,10,10,10,1.0029848191271222,1.0029848191271222,0.0,1.0,1.0,1.0,D1:xfit_objective,False,False,0.041287625092081726,
D1,25,gaussian_cv,10,10,10,1.0029848191271222,1.0029848191271222,0.0,1.0,1.0,1.0,D1:gaussian_cv,False,False,0.04977608297485858,
D1,25,k_posterior,10,10,10,1.0029848191271222,1.0029848191271222,0.0,1.0,1.0,1.0,D1:k_posterior,False,False,0.00038370792753994465,
D1,25,stability,10,10,10,1.0029848191271222,1.0029848191271222,0.0,1.0,1.0,1.0,D1:stability,False,False,0.1274416670203209,
D1,25,changepoint,68,10,10,1.044076551344673,1.0029848191271222,0.016774512737314715,0.14705882352941177,1.0,0.25641025641025644,D1:changepoint,False,False,0.0007422079797834158,exact_off_grid_k
D1,25,consensus,10,10,10,1.0029848191271222,1.0029848191271222,0.0,1.0,1.0,1.0,D1:consensus,False,False,0.050671958015300333,
D1,26,elbow,11,10,10,0.9999097433631995,0.9984710403292213,0.0005841524034141766,0.9090909090909091,1.0,0.9523809523809523,D1:elbow,False,False,0.00011770892888307571,
D1,26,penalized/bic,10,10,10,0.9984710403292213,0.9984710403292213,0.0,1.0,1.0,1.0,D1:penalized/bic,False,False,0.00035212503280490637,
D1,26,evaluate/time_holdout/best,16,10,10,1.0067128308590398,0.9984710403292213,0.0033463902089071944,0.625,1.0,0.7692307692307693,D1:evaluate/time_holdout/best,False,False,0.015347958076745272,synthetic_time_holdout
D1,26,evaluate/one_se,16,10,10,1.0067128308590398,0.9984710403292213,0.0033463902089071944,0.625,1.0,0.7692307692307693,D1:evaluate/one_se,False,False,0.0715983749832958,synthetic_group_cv
D1,26,fixed_k=50,50,10,10,1.0327234906916887,0.9984710403292213,0.013907422678281054,0.2,1.0,0.33333333333333337,D1:fixed_k=50,False,False,2.0420411601662636e-06,
D1,26,oracle,10,10,10,0.9984710403292213,0.9984710403292213,0.0,1.0,1.0,1.0,D1:oracle,False,False,0.0,
D1,26,penalized/ebic,10,10,10,0.9984710403292213,0.9984710403292213,0.0,1.0,1.0,1.0,D1:penalized/ebic,False,False,0.00034366699401289225,
D1,26,penalized/ric,10,10,10,0.9984710403292213,0.9984710403292213,0.0,1.0,1.0,1.0,D1:penalized/ric,False,False,0.0002988330088555813,
D1,26,chi2_stop,10,10,10,0.9984710403292213,0.9984710403292213,0.0,1.0,1.0,1.0,D1:chi2_stop,False,False,0.0005626250058412552,
D1,26,forward_stop,10,10,10,0.9984710403292213,0.9984710403292213,0.0,1.0,1.0,1.0,D1:forward_stop,False,False,0.0005698329769074917,
D1,26,perm_gap,10,10,10,0.9984710403292213,0.9984710403292213,0.0,1.0,1.0,1.0,D1:perm_gap,False,False,0.07089754205662757,
D1,26,knockoff_path,10,10,10,0.9984710403292213,0.9984710403292213,0.0,1.0,1.0,1.0,D1:knockoff_path,False,False,0.06679441698361188,
D1,26,xfit_objective,10,10,10,0.9984710403292213,0.9984710403292213,0.0,1.0,1.0,1.0,D1:xfit_objective,False,False,0.04616529191844165,
D1,26,gaussian_cv,10,10,10,0.9984710403292213,0.9984710403292213,0.0,1.0,1.0,1.0,D1:gaussian_cv,False,False,0.045725125004537404,
D1,26,k_posterior,10,10,10,0.9984710403292213,0.9984710403292213,0.0,1.0,1.0,1.0,D1:k_posterior,False,False,0.0003952919505536556,
D1,26,stability,10,10,10,0.9984710403292213,0.9984710403292213,0.0,1.0,1.0,1.0,D1:stability,False,False,0.1291290419176221,
D1,26,changepoint,76,10,10,1.0444444237329935,0.9984710403292213,0.018666438989939593,0.13157894736842105,1.0,0.23255813953488372,D1:changepoint,False,False,0.0007435000734403729,exact_off_grid_k
D1,26,consensus,10,10,10,0.9984710403292213,0.9984710403292213,0.0,1.0,1.0,1.0,D1:consensus,False,False,0.0512853340478614,
D1,27,elbow,11,10,10,1.0069887219491143,1.0047102550986735,0.0009080938565168906,0.9090909090909091,1.0,0.9523809523809523,D1:elbow,False,False,0.00010312499944120646,
D1,27,penalized/bic,12,10,10,1.0096100268724708,1.0047102550986735,0.0019528274660917202,0.8333333333333334,1.0,0.9090909090909091,D1:penalized/bic,False,False,0.0003388329641893506,
D1,27,evaluate/time_holdout/best,40,10,10,1.0362506404021605,1.0047102550986735,0.012570571356230912,0.25,1.0,0.4,D1:evaluate/time_holdout/best,False,False,0.015178708010353148,synthetic_time_holdout
D1,27,evaluate/one_se,21,10,10,1.0231109393709212,1.0047102550986735,0.00733368068975978,0.47619047619047616,1.0,0.6451612903225806,D1:evaluate/one_se,False,False,0.06702750001568347,synthetic_group_cv
D1,27,fixed_k=50,50,10,10,1.039012841503166,1.0047102550986735,0.013671459811027662,0.2,1.0,0.33333333333333337,D1:fixed_k=50,False,False,1.8749851733446121e-06,
D1,27,oracle,10,10,10,1.0047102550986735,1.0047102550986735,0.0,1.0,1.0,1.0,D1:oracle,False,False,0.0,
D1,27,penalized/ebic,10,10,10,1.0047102550986735,1.0047102550986735,0.0,1.0,1.0,1.0,D1:penalized/ebic,False,False,0.0002982920268550515,
D1,27,penalized/ric,10,10,10,1.0047102550986735,1.0047102550986735,0.0,1.0,1.0,1.0,D1:penalized/ric,False,False,0.0002475840738043189,
D1,27,chi2_stop,10,10,10,1.0047102550986735,1.0047102550986735,0.0,1.0,1.0,1.0,D1:chi2_stop,False,False,0.0004778329748660326,
D1,27,forward_stop,10,10,10,1.0047102550986735,1.0047102550986735,0.0,1.0,1.0,1.0,D1:forward_stop,False,False,0.0005037910304963589,
D1,27,perm_gap,10,10,10,1.0047102550986735,1.0047102550986735,0.0,1.0,1.0,1.0,D1:perm_gap,False,False,0.07537091698031873,
D1,27,knockoff_path,16,10,10,1.0167161212795843,1.0047102550986735,0.00478499536604626,0.625,1.0,0.7692307692307693,D1:knockoff_path,False,False,0.06686000002082437,
D1,27,xfit_objective,10,10,10,1.0047102550986735,1.0047102550986735,0.0,1.0,1.0,1.0,D1:xfit_objective,False,False,0.039565499988384545,
D1,27,gaussian_cv,10,10,10,1.0047102550986735,1.0047102550986735,0.0,1.0,1.0,1.0,D1:gaussian_cv,False,False,0.044495875015854836,
D1,27,k_posterior,10,10,10,1.0047102550986735,1.0047102550986735,0.0,1.0,1.0,1.0,D1:k_posterior,False,False,0.00043649994768202305,
D1,27,stability,10,10,10,1.0047102550986735,1.0047102550986735,0.0,1.0,1.0,1.0,D1:stability,False,False,0.12926654203329235,
D1,27,changepoint,58,10,10,1.0413157001023516,1.0047102550986735,0.014589275115622928,0.1724137931034483,1.0,0.29411764705882354,D1:changepoint,False,False,0.0008366659749299288,exact_off_grid_k
D1,27,consensus,10,10,10,1.0047102550986735,1.0047102550986735,0.0,1.0,1.0,1.0,D1:consensus,False,False,0.049872291972860694,
D1,28,elbow,11,10,10,0.9960068438747064,0.9938844106742107,0.000864091238907595,0.9090909090909091,1.0,0.9523809523809523,D1:elbow,False,False,0.00020404101815074682,
D1,28,penalized/bic,12,10,10,0.9979943934473156,0.9938844106742107,0.0016732682590300833,0.8333333333333334,1.0,0.9090909090909091,D1:penalized/bic,False,False,0.00034841708838939667,
D1,28,evaluate/time_holdout/best,40,10,10,1.0247079896849123,0.9938844106742107,0.012548986026369767,0.25,1.0,0.4,D1:evaluate/time_holdout/best,False,False,0.014380875043570995,synthetic_time_holdout
D1,28,evaluate/one_se,16,10,10,1.0041531170642626,0.9938844106742107,0.0041806259082670235,0.625,1.0,0.7692307692307693,D1:evaluate/one_se,False,False,0.0695895419921726,synthetic_group_cv
D1,28,fixed_k=50,50,10,10,1.0307505699423367,0.9938844106742107,0.015009059049924575,0.2,1.0,0.33333333333333337,D1:fixed_k=50,False,False,2.00001522898674e-06,
D1,28,oracle,10,10,10,0.9938844106742107,0.9938844106742107,0.0,1.0,1.0,1.0,D1:oracle,False,False,0.0,
D1,28,penalized/ebic,11,10,10,0.9960068438747064,0.9938844106742107,0.000864091238907595,0.9090909090909091,1.0,0.9523809523809523,D1:penalized/ebic,False,False,0.00031820801086723804,
D1,28,penalized/ric,10,10,10,0.9938844106742107,0.9938844106742107,0.0,1.0,1.0,1.0,D1:penalized/ric,False,False,0.0002497909590601921,
D1,28,chi2_stop,10,10,10,0.9938844106742107,0.9938844106742107,0.0,1.0,1.0,1.0,D1:chi2_stop,False,False,0.0004969590809196234,
D1,28,forward_stop,11,10,10,0.9960068438747064,0.9938844106742107,0.000864091238907595,0.9090909090909091,1.0,0.9523809523809523,D1:forward_stop,False,False,0.0005269160028547049,
D1,28,perm_gap,10,10,10,0.9938844106742107,0.9938844106742107,0.0,1.0,1.0,1.0,D1:perm_gap,False,False,0.07738970802165568,
D1,28,knockoff_path,12,10,10,0.9979943934473156,0.9938844106742107,0.0016732682590300833,0.8333333333333334,1.0,0.9090909090909091,D1:knockoff_path,False,False,0.06780658406205475,
D1,28,xfit_objective,10,10,10,0.9938844106742107,0.9938844106742107,0.0,1.0,1.0,1.0,D1:xfit_objective,False,False,0.0477217499865219,
D1,28,gaussian_cv,10,10,10,0.9938844106742107,0.9938844106742107,0.0,1.0,1.0,1.0,D1:gaussian_cv,False,False,0.05464437499176711,
D1,28,k_posterior,11,10,10,0.9960068438747064,0.9938844106742107,0.000864091238907595,0.9090909090909091,1.0,0.9523809523809523,D1:k_posterior,False,False,0.0004255829844623804,
D1,28,stability,10,10,10,0.9938844106742107,0.9938844106742107,0.0,1.0,1.0,1.0,D1:stability,False,False,0.13693079189397395,
D1,28,changepoint,80,10,10,1.0412673875520568,0.9938844106742107,0.01929069672673158,0.125,1.0,0.2222222222222222,D1:changepoint,False,False,0.0007666250457987189,
D1,28,consensus,10,10,10,0.9938844106742107,0.9938844106742107,0.0,1.0,1.0,1.0,D1:consensus,False,False,0.04916024999693036,
D1,29,elbow,11,10,10,1.0130025687415913,1.01002109075636,0.0012206295745590453,0.9090909090909091,1.0,0.9523809523809523,D1:elbow,False,False,0.00010408402886241674,
D1,29,penalized/bic,12,10,10,1.014280166737977,1.01002109075636,0.0017436835452778008,0.8333333333333334,1.0,0.9090909090909091,D1:penalized/bic,False,False,0.00033941701985895634,
D1,29,evaluate/time_holdout/best,26,10,10,1.0295083887058034,1.01002109075636,0.007978181399682245,0.38461538461538464,1.0,0.5555555555555556,D1:evaluate/time_holdout/best,False,False,0.014518957934342325,synthetic_time_holdout
D1,29,evaluate/one_se,16,10,10,1.0192618287009765,1.01002109075636,0.003783196817760086,0.625,1.0,0.7692307692307693,D1:evaluate/one_se,False,False,0.07046445808373392,synthetic_group_cv
D1,29,fixed_k=50,50,10,10,1.0467550690544407,1.01002109075636,0.015039044569154832,0.2,1.0,0.33333333333333337,D1:fixed_k=50,False,False,2.00001522898674e-06,
D1,29,oracle,10,10,10,1.01002109075636,1.01002109075636,0.0,1.0,1.0,1.0,D1:oracle,False,False,0.0,
D1,29,penalized/ebic,11,10,10,1.0130025687415913,1.01002109075636,0.0012206295745590453,0.9090909090909091,1.0,0.9523809523809523,D1:penalized/ebic,False,False,0.00031037500593811274,
D1,29,penalized/ric,11,10,10,1.0130025687415913,1.01002109075636,0.0012206295745590453,0.9090909090909091,1.0,0.9523809523809523,D1:penalized/ric,False,False,0.0002541670110076666,
D1,29,chi2_stop,10,10,10,1.01002109075636,1.01002109075636,0.0,1.0,1.0,1.0,D1:chi2_stop,False,False,0.0005143749294802547,
D1,29,forward_stop,11,10,10,1.0130025687415913,1.01002109075636,0.0012206295745590453,0.9090909090909091,1.0,0.9523809523809523,D1:forward_stop,False,False,0.0005481670377776027,
D1,29,perm_gap,11,10,10,1.0130025687415913,1.01002109075636,0.0012206295745590453,0.9090909090909091,1.0,0.9523809523809523,D1:perm_gap,False,False,0.0725419579539448,
D1,29,knockoff_path,18,10,10,1.0218610643996828,1.01002109075636,0.0048473347992600505,0.5555555555555556,1.0,0.7142857142857143,D1:knockoff_path,False,False,0.06797333399299532,
D1,29,xfit_objective,10,10,10,1.01002109075636,1.01002109075636,0.0,1.0,1.0,1.0,D1:xfit_objective,False,False,0.04256325005553663,
D1,29,gaussian_cv,10,10,10,1.01002109075636,1.01002109075636,0.0,1.0,1.0,1.0,D1:gaussian_cv,False,False,0.05038133298512548,
D1,29,k_posterior,11,10,10,1.0130025687415913,1.01002109075636,0.0012206295745590453,0.9090909090909091,1.0,0.9523809523809523,D1:k_posterior,False,False,0.0003865839680656791,
D1,29,stability,10,10,10,1.01002109075636,1.01002109075636,0.0,1.0,1.0,1.0,D1:stability,False,False,0.12513825006317347,
D1,29,changepoint,66,10,10,1.0521955557350684,1.01002109075636,0.017266402602742176,0.15151515151515152,1.0,0.2631578947368421,D1:changepoint,False,False,0.0008102500578388572,exact_off_grid_k
D1,29,consensus,10,10,10,1.01002109075636,1.01002109075636,0.0,1.0,1.0,1.0,D1:consensus,False,False,0.04928504198323935,
D2,0,elbow,11,10,10,1.0049230065835113,1.0023743004966859,0.0009908776542717854,0.9090909090909091,1.0,0.9523809523809523,D2:elbow,False,False,0.0001064579701051116,
D2,0,penalized/bic,12,10,10,1.0059644380034098,1.0023743004966859,0.001395761970972001,0.8333333333333334,1.0,0.9090909090909091,D2:penalized/bic,False,False,0.00035220803692936897,
D2,0,evaluate/time_holdout/best,50,10,10,1.0354631230119093,1.0023743004966859,0.012864164685751607,0.2,1.0,0.33333333333333337,D2:evaluate/time_holdout/best,False,False,0.014532500063069165,synthetic_time_holdout
D2,0,evaluate/one_se,16,10,10,1.012830358477147,1.0023743004966859,0.004065072178453453,0.625,1.0,0.7692307692307693,D2:evaluate/one_se,False,False,0.0692258330527693,synthetic_group_cv
D2,0,fixed_k=50,50,10,10,1.0354631230119093,1.0023743004966859,0.012864164685751607,0.2,1.0,0.33333333333333337,D2:fixed_k=50,False,False,2.1670712158083916e-06,
D2,0,oracle,10,10,10,1.0023743004966859,1.0023743004966859,0.0,1.0,1.0,1.0,D2:oracle,False,False,0.0,
D2,0,penalized/ebic,11,10,10,1.0049230065835113,1.0023743004966859,0.0009908776542717854,0.9090909090909091,1.0,0.9523809523809523,D2:penalized/ebic,False,False,0.00030816695652902126,
D2,0,penalized/ric,10,10,10,1.0023743004966859,1.0023743004966859,0.0,1.0,1.0,1.0,D2:penalized/ric,False,False,0.00025358295533806086,
D2,0,chi2_stop,10,10,10,1.0023743004966859,1.0023743004966859,0.0,1.0,1.0,1.0,D2:chi2_stop,False,False,0.0004997079959139228,
D2,0,forward_stop,11,10,10,1.0049230065835113,1.0023743004966859,0.0009908776542717854,0.9090909090909091,1.0,0.9523809523809523,D2:forward_stop,False,False,0.0005970830097794533,
D2,0,perm_gap,10,10,10,1.0023743004966859,1.0023743004966859,0.0,1.0,1.0,1.0,D2:perm_gap,False,False,0.07262716698460281,
D2,0,knockoff_path,13,10,10,1.0079396813539272,1.0023743004966859,0.0021636906497214626,0.7692307692307693,1.0,0.8695652173913044,D2:knockoff_path,False,False,0.06307137501426041,
D2,0,xfit_objective,10,10,10,1.0023743004966859,1.0023743004966859,0.0,1.0,1.0,1.0,D2:xfit_objective,False,False,0.04467512504197657,
D2,0,gaussian_cv,10,10,10,1.0023743004966859,1.0023743004966859,0.0,1.0,1.0,1.0,D2:gaussian_cv,False,False,0.05078495806083083,
D2,0,k_posterior,11,10,10,1.0049230065835113,1.0023743004966859,0.0009908776542717854,0.9090909090909091,1.0,0.9523809523809523,D2:k_posterior,False,False,0.00038345903158187866,
D2,0,stability,10,10,10,1.0023743004966859,1.0023743004966859,0.0,1.0,1.0,1.0,D2:stability,False,False,0.1363425840390846,
D2,0,changepoint,73,10,10,1.0428706214886183,1.0023743004966859,0.015744027825940313,0.136986301369863,1.0,0.24096385542168672,D2:changepoint,False,False,0.0007442920468747616,exact_off_grid_k
D2,0,consensus,10,10,10,1.0023743004966859,1.0023743004966859,0.0,1.0,1.0,1.0,D2:consensus,False,False,0.047427874989807606,
D2,1,elbow,11,10,10,1.0026011553705,1.0006797500406166,0.0007545371618514961,0.9090909090909091,1.0,0.9523809523809523,D2:elbow,False,False,0.0001230000052601099,
D2,1,penalized/bic,13,10,10,1.0061392847230188,1.0006797500406166,0.0021439629318293655,0.7692307692307693,1.0,0.8695652173913044,D2:penalized/bic,False,False,0.0003629589919000864,
D2,1,evaluate/time_holdout/best,60,10,10,1.0368965506427323,1.0006797500406166,0.014222361889315107,0.16666666666666666,1.0,0.2857142857142857,D2:evaluate/time_holdout/best,False,False,0.016022832947783172,synthetic_time_holdout
D2,1,evaluate/one_se,11,10,10,1.0026011553705,1.0006797500406166,0.0007545371618514961,0.9090909090909091,1.0,0.9523809523809523,D2:evaluate/one_se,False,False,0.06905795796774328,synthetic_group_cv
D2,1,fixed_k=50,50,10,10,1.031827407886276,1.0006797500406166,0.012231706128664845,0.2,1.0,0.33333333333333337,D2:fixed_k=50,False,False,2.00001522898674e-06,
D2,1,oracle,10,10,10,1.0006797500406166,1.0006797500406166,0.0,1.0,1.0,1.0,D2:oracle,False,False,0.0,
D2,1,penalized/ebic,10,10,10,1.0006797500406166,1.0006797500406166,0.0,1.0,1.0,1.0,D2:penalized/ebic,False,False,0.0003233749885112047,
D2,1,penalized/ric,10,10,10,1.0006797500406166,1.0006797500406166,0.0,1.0,1.0,1.0,D2:penalized/ric,False,False,0.00025587494019418955,
D2,1,chi2_stop,10,10,10,1.0006797500406166,1.0006797500406166,0.0,1.0,1.0,1.0,D2:chi2_stop,False,False,0.000503833987750113,
D2,1,forward_stop,10,10,10,1.0006797500406166,1.0006797500406166,0.0,1.0,1.0,1.0,D2:forward_stop,False,False,0.000512166996486485,
D2,1,perm_gap,10,10,10,1.0006797500406166,1.0006797500406166,0.0,1.0,1.0,1.0,D2:perm_gap,False,False,0.07002183399163187,
D2,1,knockoff_path,12,10,10,1.004036866649627,1.0006797500406166,0.0013183419441856624,0.8333333333333334,1.0,0.9090909090909091,D2:knockoff_path,False,False,0.06425749999471009,
D2,1,xfit_objective,10,10,10,1.0006797500406166,1.0006797500406166,0.0,1.0,1.0,1.0,D2:xfit_objective,False,False,0.04112499998882413,
D2,1,gaussian_cv,10,10,10,1.0006797500406166,1.0006797500406166,0.0,1.0,1.0,1.0,D2:gaussian_cv,False,False,0.04429004201665521,
D2,1,k_posterior,10,10,10,1.0006797500406166,1.0006797500406166,0.0,1.0,1.0,1.0,D2:k_posterior,False,False,0.0004127500578761101,
D2,1,stability,10,10,10,1.0006797500406166,1.0006797500406166,0.0,1.0,1.0,1.0,D2:stability,False,False,0.1270993750076741,
D2,1,changepoint,54,10,10,1.0344276085484405,1.0006797500406166,0.013252806672813445,0.18518518518518517,1.0,0.3125,D2:changepoint,False,False,0.0008992910152301192,exact_off_grid_k
D2,1,consensus,10,10,10,1.0006797500406166,1.0006797500406166,0.0,1.0,1.0,1.0,D2:consensus,False,False,0.04786379204597324,
D2,2,elbow,11,10,10,1.0092821590905792,1.00765493484712,0.0006397131851661028,0.9090909090909091,1.0,0.9523809523809523,D2:elbow,False,False,0.00011429202277213335,
D2,2,penalized/bic,10,10,10,1.00765493484712,1.00765493484712,0.0,1.0,1.0,1.0,D2:penalized/bic,False,False,0.00037208397407084703,
D2,2,evaluate/time_holdout/best,40,10,10,1.0386747635813192,1.00765493484712,0.012194873277377734,0.25,1.0,0.4,D2:evaluate/time_holdout/best,False,False,0.01743687503039837,synthetic_time_holdout
D2,2,evaluate/one_se,11,10,10,1.0092821590905792,1.00765493484712,0.0006397131851661028,0.9090909090909091,1.0,0.9523809523809523,D2:evaluate/one_se,False,False,0.07193362491670996,synthetic_group_cv
D2,2,fixed_k=50,50,10,10,1.0436525703812536,1.00765493484712,0.014151806168420553,0.2,1.0,0.33333333333333337,D2:fixed_k=50,False,False,2.249958924949169e-06,
D2,2,oracle,10,10,10,1.00765493484712,1.00765493484712,0.0,1.0,1.0,1.0,D2:oracle,False,False,0.0,
D2,2,penalized/ebic,10,10,10,1.00765493484712,1.00765493484712,0.0,1.0,1.0,1.0,D2:penalized/ebic,False,False,0.0003139579202979803,
D2,2,penalized/ric,10,10,10,1.00765493484712,1.00765493484712,0.0,1.0,1.0,1.0,D2:penalized/ric,False,False,0.0003125839866697788,
D2,2,chi2_stop,10,10,10,1.00765493484712,1.00765493484712,0.0,1.0,1.0,1.0,D2:chi2_stop,False,False,0.0007004999788478017,
D2,2,forward_stop,10,10,10,1.00765493484712,1.00765493484712,0.0,1.0,1.0,1.0,D2:forward_stop,False,False,0.0006267920834943652,
D2,2,perm_gap,10,10,10,1.00765493484712,1.00765493484712,0.0,1.0,1.0,1.0,D2:perm_gap,False,False,0.07403866702225059,
D2,2,knockoff_path,13,10,10,1.0130273447228781,1.00765493484712,0.0021120638089394904,0.7692307692307693,1.0,0.8695652173913044,D2:knockoff_path,False,False,0.07700120902154595,
D2,2,xfit_objective,10,10,10,1.00765493484712,1.00765493484712,0.0,1.0,1.0,1.0,D2:xfit_objective,False,False,0.04232254100497812,
D2,2,gaussian_cv,10,10,10,1.00765493484712,1.00765493484712,0.0,1.0,1.0,1.0,D2:gaussian_cv,False,False,0.04600629198830575,
D2,2,k_posterior,10,10,10,1.00765493484712,1.00765493484712,0.0,1.0,1.0,1.0,D2:k_posterior,False,False,0.0004230830818414688,
D2,2,stability,10,10,10,1.00765493484712,1.00765493484712,0.0,1.0,1.0,1.0,D2:stability,False,False,0.13538537500426173,
D2,2,changepoint,78,10,10,1.0514295265919231,1.00765493484712,0.017209172999342843,0.1282051282051282,1.0,0.22727272727272727,D2:changepoint,False,False,0.0007693340303376317,exact_off_grid_k
D2,2,consensus,10,10,10,1.00765493484712,1.00765493484712,0.0,1.0,1.0,1.0,D2:consensus,False,False,0.051201082998886704,
D2,3,elbow,11,10,10,1.0125805692298073,1.0112855457129133,0.0005049566483767114,0.9090909090909091,1.0,0.9523809523809523,D2:elbow,False,False,0.00012108299415558577,
D2,3,penalized/bic,11,10,10,1.0125805692298073,1.0112855457129133,0.0005049566483767114,0.9090909090909091,1.0,0.9523809523809523,D2:penalized/bic,False,False,0.00034662499092519283,
D2,3,evaluate/time_holdout/best,40,10,10,1.0368452256897662,1.0112855457129133,0.00996625170610634,0.25,1.0,0.4,D2:evaluate/time_holdout/best,False,False,0.014211292029358447,synthetic_time_holdout
D2,3,evaluate/one_se,16,10,10,1.0179199617331913,1.0112855457129133,0.002586897020658876,0.625,1.0,0.7692307692307693,D2:evaluate/one_se,False,False,0.0660132080083713,synthetic_group_cv
D2,3,fixed_k=50,50,10,10,1.0403777438032984,1.0112855457129133,0.011343654111289988,0.2,1.0,0.33333333333333337,D2:fixed_k=50,False,False,2.0830193534493446e-06,
D2,3,oracle,10,10,10,1.0112855457129133,1.0112855457129133,0.0,1.0,1.0,1.0,D2:oracle,False,False,0.0,
D2,3,penalized/ebic,10,10,10,1.0112855457129133,1.0112855457129133,0.0,1.0,1.0,1.0,D2:penalized/ebic,False,False,0.0003018330316990614,
D2,3,penalized/ric,10,10,10,1.0112855457129133,1.0112855457129133,0.0,1.0,1.0,1.0,D2:penalized/ric,False,False,0.0002489580074325204,
D2,3,chi2_stop,10,10,10,1.0112855457129133,1.0112855457129133,0.0,1.0,1.0,1.0,D2:chi2_stop,False,False,0.0005086250603199005,
D2,3,forward_stop,10,10,10,1.0112855457129133,1.0112855457129133,0.0,1.0,1.0,1.0,D2:forward_stop,False,False,0.0005966249154880643,
D2,3,perm_gap,10,10,10,1.0112855457129133,1.0112855457129133,0.0,1.0,1.0,1.0,D2:perm_gap,False,False,0.07460441696457565,
D2,3,knockoff_path,11,10,10,1.0125805692298073,1.0112855457129133,0.0005049566483767114,0.9090909090909091,1.0,0.9523809523809523,D2:knockoff_path,False,False,0.061837792047299445,
D2,3,xfit_objective,10,10,10,1.0112855457129133,1.0112855457129133,0.0,1.0,1.0,1.0,D2:xfit_objective,False,False,0.04337145807221532,
D2,3,gaussian_cv,10,10,10,1.0112855457129133,1.0112855457129133,0.0,1.0,1.0,1.0,D2:gaussian_cv,False,False,0.058432416059076786,
D2,3,k_posterior,10,10,10,1.0112855457129133,1.0112855457129133,0.0,1.0,1.0,1.0,D2:k_posterior,False,False,0.0009918749565258622,
D2,3,stability,10,10,10,1.0112855457129133,1.0112855457129133,0.0,1.0,1.0,1.0,D2:stability,False,False,0.14583375002257526,
D2,3,changepoint,80,10,10,1.053095957593335,1.0112855457129133,0.016302750625736398,0.125,1.0,0.2222222222222222,D2:changepoint,False,False,0.0007722909795120358,
D2,3,consensus,10,10,10,1.0112855457129133,1.0112855457129133,0.0,1.0,1.0,1.0,D2:consensus,False,False,0.05315195897128433,
D2,4,elbow,11,10,10,0.995597781228996,0.9945589252242786,0.0004017162941004206,0.9090909090909091,1.0,0.9523809523809523,D2:elbow,False,False,0.00010499998461455107,
D2,4,penalized/bic,10,10,10,0.9945589252242786,0.9945589252242786,0.0,1.0,1.0,1.0,D2:penalized/bic,False,False,0.0003553749993443489,
D2,4,evaluate/time_holdout/best,40,10,10,1.0153893097439741,0.9945589252242786,0.008054922757283364,0.25,1.0,0.4,D2:evaluate/time_holdout/best,False,False,0.014030292048119009,synthetic_time_holdout
D2,4,evaluate/one_se,11,10,10,0.995597781228996,0.9945589252242786,0.0004017162941004206,0.9090909090909091,1.0,0.9523809523809523,D2:evaluate/one_se,False,False,0.06922366702929139,synthetic_group_cv
D2,4,fixed_k=50,50,10,10,1.01890060194425,0.9945589252242786,0.009412707940016344,0.2,1.0,0.33333333333333337,D2:fixed_k=50,False,False,3.0410010367631912e-06,
D2,4,oracle,10,10,10,0.9945589252242786,0.9945589252242786,0.0,1.0,1.0,1.0,D2:oracle,False,False,0.0,
D2,4,penalized/ebic,10,10,10,0.9945589252242786,0.9945589252242786,0.0,1.0,1.0,1.0,D2:penalized/ebic,False,False,0.00044462503865361214,
D2,4,penalized/ric,10,10,10,0.9945589252242786,0.9945589252242786,0.0,1.0,1.0,1.0,D2:penalized/ric,False,False,0.0002796250628307462,
D2,4,chi2_stop,10,10,10,0.9945589252242786,0.9945589252242786,0.0,1.0,1.0,1.0,D2:chi2_stop,False,False,0.0005816250341013074,
D2,4,forward_stop,10,10,10,0.9945589252242786,0.9945589252242786,0.0,1.0,1.0,1.0,D2:forward_stop,False,False,0.00059291603974998,
D2,4,perm_gap,10,10,10,0.9945589252242786,0.9945589252242786,0.0,1.0,1.0,1.0,D2:perm_gap,False,False,0.08350800001062453,
D2,4,knockoff_path,11,10,10,0.995597781228996,0.9945589252242786,0.0004017162941004206,0.9090909090909091,1.0,0.9523809523809523,D2:knockoff_path,False,False,0.066116499947384,
D2,4,xfit_objective,10,10,10,0.9945589252242786,0.9945589252242786,0.0,1.0,1.0,1.0,D2:xfit_objective,False,False,0.0468957080738619,
D2,4,gaussian_cv,10,10,10,0.9945589252242786,0.9945589252242786,0.0,1.0,1.0,1.0,D2:gaussian_cv,False,False,0.046215874957852066,
D2,4,k_posterior,10,10,10,0.9945589252242786,0.9945589252242786,0.0,1.0,1.0,1.0,D2:k_posterior,False,False,0.0004055409226566553,
D2,4,stability,10,10,10,0.9945589252242786,0.9945589252242786,0.0,1.0,1.0,1.0,D2:stability,False,False,0.13356158300302923,
D2,4,changepoint,75,10,10,1.0268757941516247,0.9945589252242786,0.012496643195467439,0.13333333333333333,1.0,0.23529411764705882,D2:changepoint,False,False,0.0007563750259578228,
D2,4,consensus,10,10,10,0.9945589252242786,0.9945589252242786,0.0,1.0,1.0,1.0,D2:consensus,False,False,0.05531579197850078,
D2,5,elbow,11,10,10,1.0025709338097162,1.0008594643990931,0.0006639655268442171,0.9090909090909091,1.0,0.9523809523809523,D2:elbow,False,False,0.00011916703078895807,
D2,5,penalized/bic,11,10,10,1.0025709338097162,1.0008594643990931,0.0006639655268442171,0.9090909090909091,1.0,0.9523809523809523,D2:penalized/bic,False,False,0.0004092920571565628,
D2,5,evaluate/time_holdout/best,16,10,10,1.0101583008206503,1.0008594643990931,0.003607488854521637,0.625,1.0,0.7692307692307693,D2:evaluate/time_holdout/best,False,False,0.014968374976888299,synthetic_time_holdout
D2,5,evaluate/one_se,11,10,10,1.0025709338097162,1.0008594643990931,0.0006639655268442171,0.9090909090909091,1.0,0.9523809523809523,D2:evaluate/one_se,False,False,0.06853070796933025,synthetic_group_cv
D2,5,fixed_k=50,50,10,10,1.0325343258922313,1.0008594643990931,0.012288280449811123,0.2,1.0,0.33333333333333337,D2:fixed_k=50,False,False,2.334010787308216e-06,
D2,5,oracle,10,10,10,1.0008594643990931,1.0008594643990931,0.0,1.0,1.0,1.0,D2:oracle,False,False,0.0,
D2,5,penalized/ebic,10,10,10,1.0008594643990931,1.0008594643990931,0.0,1.0,1.0,1.0,D2:penalized/ebic,False,False,0.0003277090145274997,
D2,5,penalized/ric,10,10,10,1.0008594643990931,1.0008594643990931,0.0,1.0,1.0,1.0,D2:penalized/ric,False,False,0.00025433406699448824,
D2,5,chi2_stop,10,10,10,1.0008594643990931,1.0008594643990931,0.0,1.0,1.0,1.0,D2:chi2_stop,False,False,0.0005182089516893029,
D2,5,forward_stop,10,10,10,1.0008594643990931,1.0008594643990931,0.0,1.0,1.0,1.0,D2:forward_stop,False,False,0.0005084999138489366,
D2,5,perm_gap,10,10,10,1.0008594643990931,1.0008594643990931,0.0,1.0,1.0,1.0,D2:perm_gap,False,False,0.08278362499549985,
D2,5,knockoff_path,11,10,10,1.0025709338097162,1.0008594643990931,0.0006639655268442171,0.9090909090909091,1.0,0.9523809523809523,D2:knockoff_path,False,False,0.07030237501021475,
D2,5,xfit_objective,10,10,10,1.0008594643990931,1.0008594643990931,0.0,1.0,1.0,1.0,D2:xfit_objective,False,False,0.04250862495973706,
D2,5,gaussian_cv,10,10,10,1.0008594643990931,1.0008594643990931,0.0,1.0,1.0,1.0,D2:gaussian_cv,False,False,0.048959832987748086,
D2,5,k_posterior,10,10,10,1.0008594643990931,1.0008594643990931,0.0,1.0,1.0,1.0,D2:k_posterior,False,False,0.0004189999308437109,
D2,5,stability,10,10,10,1.0008594643990931,1.0008594643990931,0.0,1.0,1.0,1.0,D2:stability,False,False,0.12374812492635101,
D2,5,changepoint,80,10,10,1.0416493229215598,1.0008594643990931,0.01582444870803219,0.125,1.0,0.2222222222222222,D2:changepoint,False,False,0.0007540419464930892,
D2,5,consensus,10,10,10,1.0008594643990931,1.0008594643990931,0.0,1.0,1.0,1.0,D2:consensus,False,False,0.05122541601303965,
D2,6,elbow,11,10,10,1.0047260228780293,1.0022043238041105,0.0009716104266580292,0.9090909090909091,1.0,0.9523809523809523,D2:elbow,False,False,0.00012054096441715956,
D2,6,penalized/bic,10,10,10,1.0022043238041105,1.0022043238041105,0.0,1.0,1.0,1.0,D2:penalized/bic,False,False,0.0005687499651685357,
D2,6,evaluate/time_holdout/best,26,10,10,1.020308380718168,1.0022043238041105,0.006975491502708743,0.38461538461538464,1.0,0.5555555555555556,D2:evaluate/time_holdout/best,False,False,0.018945499905385077,synthetic_time_holdout
D2,6,evaluate/one_se,11,10,10,1.0047260228780293,1.0022043238041105,0.0009716104266580292,0.9090909090909091,1.0,0.9523809523809523,D2:evaluate/one_se,False,False,0.07120129198301584,synthetic_group_cv
D2,6,fixed_k=50,50,10,10,1.030602340884289,1.0022043238041105,0.010941753430014266,0.2,1.0,0.33333333333333337,D2:fixed_k=50,False,False,2.4170149117708206e-06,
D2,6,oracle,10,10,10,1.0022043238041105,1.0022043238041105,0.0,1.0,1.0,1.0,D2:oracle,False,False,0.0,
D2,6,penalized/ebic,10,10,10,1.0022043238041105,1.0022043238041105,0.0,1.0,1.0,1.0,D2:penalized/ebic,False,False,0.00038108392618596554,
D2,6,penalized/ric,10,10,10,1.0022043238041105,1.0022043238041105,0.0,1.0,1.0,1.0,D2:penalized/ric,False,False,0.0002787909470498562,
D2,6,chi2_stop,10,10,10,1.0022043238041105,1.0022043238041105,0.0,1.0,1.0,1.0,D2:chi2_stop,False,False,0.000706917024217546,
D2,6,forward_stop,10,10,10,1.0022043238041105,1.0022043238041105,0.0,1.0,1.0,1.0,D2:forward_stop,False,False,0.0005827499553561211,
D2,6,perm_gap,10,10,10,1.0022043238041105,1.0022043238041105,0.0,1.0,1.0,1.0,D2:perm_gap,False,False,0.0826638339785859,
D2,6,knockoff_path,10,10,10,1.0022043238041105,1.0022043238041105,0.0,1.0,1.0,1.0,D2:knockoff_path,False,False,0.06828420900274068,
D2,6,xfit_objective,10,10,10,1.0022043238041105,1.0022043238041105,0.0,1.0,1.0,1.0,D2:xfit_objective,False,False,0.04741212504450232,
D2,6,gaussian_cv,10,10,10,1.0022043238041105,1.0022043238041105,0.0,1.0,1.0,1.0,D2:gaussian_cv,False,False,0.04932066600304097,
D2,6,k_posterior,10,10,10,1.0022043238041105,1.0022043238041105,0.0,1.0,1.0,1.0,D2:k_posterior,False,False,0.00038804206997156143,
D2,6,stability,10,10,10,1.0022043238041105,1.0022043238041105,0.0,1.0,1.0,1.0,D2:stability,False,False,0.12566612497903407,
D2,6,changepoint,74,10,10,1.0375697128499526,1.0022043238041105,0.013626281222509173,0.13513513513513514,1.0,0.2380952380952381,D2:changepoint,False,False,0.0008126249304041266,exact_off_grid_k
D2,6,consensus,10,10,10,1.0022043238041105,1.0022043238041105,0.0,1.0,1.0,1.0,D2:consensus,False,False,0.0636888750595972,
D2,7,elbow,11,10,10,1.0031545027695483,1.001306695116267,0.000712234116328714,0.9090909090909091,1.0,0.9523809523809523,D2:elbow,False,False,0.00010991597082465887,
D2,7,penalized/bic,11,10,10,1.0031545027695483,1.001306695116267,0.000712234116328714,0.9090909090909091,1.0,0.9523809523809523,D2:penalized/bic,False,False,0.0003380839480087161,
D2,7,evaluate/time_holdout/best,26,10,10,1.016540226877829,1.001306695116267,0.005871737252248391,0.38461538461538464,1.0,0.5555555555555556,D2:evaluate/time_holdout/best,False,False,0.014805041020736098,synthetic_time_holdout
D2,7,evaluate/one_se,11,10,10,1.0031545027695483,1.001306695116267,0.000712234116328714,0.9090909090909091,1.0,0.9523809523809523,D2:evaluate/one_se,False,False,0.06814508303068578,synthetic_group_cv
D2,7,fixed_k=50,50,10,10,1.0283396214540177,1.001306695116267,0.01041979254050422,0.2,1.0,0.33333333333333337,D2:fixed_k=50,False,False,1.9581057131290436e-06,
D2,7,oracle,10,10,10,1.001306695116267,1.001306695116267,0.0,1.0,1.0,1.0,D2:oracle,False,False,0.0,
D2,7,penalized/ebic,11,10,10,1.0031545027695483,1.001306695116267,0.000712234116328714,0.9090909090909091,1.0,0.9523809523809523,D2:penalized/ebic,False,False,0.0003115410218015313,
D2,7,penalized/ric,10,10,10,1.001306695116267,1.001306695116267,0.0,1.0,1.0,1.0,D2:penalized/ric,False,False,0.0002489580074325204,
D2,7,chi2_stop,10,10,10,1.001306695116267,1.001306695116267,0.0,1.0,1.0,1.0,D2:chi2_stop,False,False,0.0004887499380856752,
D2,7,forward_stop,11,10,10,1.0031545027695483,1.001306695116267,0.000712234116328714,0.9090909090909091,1.0,0.9523809523809523,D2:forward_stop,False,False,0.0004967499990016222,
D2,7,perm_gap,10,10,10,1.001306695116267,1.001306695116267,0.0,1.0,1.0,1.0,D2:perm_gap,False,False,0.07330370903946459,
D2,7,knockoff_path,11,10,10,1.0031545027695483,1.001306695116267,0.000712234116328714,0.9090909090909091,1.0,0.9523809523809523,D2:knockoff_path,False,False,0.06805662496481091,
D2,7,xfit_objective,10,10,10,1.001306695116267,1.001306695116267,0.0,1.0,1.0,1.0,D2:xfit_objective,False,False,0.055235167033970356,
D2,7,gaussian_cv,10,10,10,1.001306695116267,1.001306695116267,0.0,1.0,1.0,1.0,D2:gaussian_cv,False,False,0.06036341597791761,
D2,7,k_posterior,11,10,10,1.0031545027695483,1.001306695116267,0.000712234116328714,0.9090909090909091,1.0,0.9523809523809523,D2:k_posterior,False,False,0.00039858301170170307,
D2,7,stability,10,10,10,1.001306695116267,1.001306695116267,0.0,1.0,1.0,1.0,D2:stability,False,False,0.1375545000191778,
D2,7,changepoint,68,10,10,1.0350554654999828,1.001306695116267,0.013008402475626766,0.14705882352941177,1.0,0.25641025641025644,D2:changepoint,False,False,0.0007621669210493565,exact_off_grid_k
D2,7,consensus,10,10,10,1.001306695116267,1.001306695116267,0.0,1.0,1.0,1.0,D2:consensus,False,False,0.05264212505426258,
D2,8,elbow,11,10,10,1.014518025565916,1.0126991793681732,0.000707970351534199,0.9090909090909091,1.0,0.9523809523809523,D2:elbow,False,False,0.00011074997019022703,
D2,8,penalized/bic,10,10,10,1.0126991793681732,1.0126991793681732,0.0,1.0,1.0,1.0,D2:penalized/bic,False,False,0.00037770799826830626,
D2,8,evaluate/time_holdout/best,40,10,10,1.0377018966794864,1.0126991793681732,0.009732094217843865,0.25,1.0,0.4,D2:evaluate/time_holdout/best,False,False,0.015535208047367632,synthetic_time_holdout
D2,8,evaluate/one_se,11,10,10,1.014518025565916,1.0126991793681732,0.000707970351534199,0.9090909090909091,1.0,0.9523809523809523,D2:evaluate/one_se,False,False,0.0699759159469977,synthetic_group_cv
D2,8,fixed_k=50,50,10,10,1.042415090977457,1.0126991793681732,0.011566664852856371,0.2,1.0,0.33333333333333337,D2:fixed_k=50,False,False,2.2079329937696457e-06,
D2,8,oracle,10,10,10,1.0126991793681732,1.0126991793681732,0.0,1.0,1.0,1.0,D2:oracle,False,False,0.0,
D2,8,penalized/ebic,10,10,10,1.0126991793681732,1.0126991793681732,0.0,1.0,1.0,1.0,D2:penalized/ebic,False,False,0.0003215000033378601,
D2,8,penalized/ric,10,10,10,1.0126991793681732,1.0126991793681732,0.0,1.0,1.0,1.0,D2:penalized/ric,False,False,0.00024874997325241566,
D2,8,chi2_stop,10,10,10,1.0126991793681732,1.0126991793681732,0.0,1.0,1.0,1.0,D2:chi2_stop,False,False,0.0004982920363545418,
D2,8,forward_stop,10,10,10,1.0126991793681732,1.0126991793681732,0.0,1.0,1.0,1.0,D2:forward_stop,False,False,0.0005211660172790289,
D2,8,perm_gap,10,10,10,1.0126991793681732,1.0126991793681732,0.0,1.0,1.0,1.0,D2:perm_gap,False,False,0.07933970796875656,
D2,8,knockoff_path,15,10,10,1.021237056192192,1.0126991793681732,0.003323295649713194,0.6666666666666666,1.0,0.8,D2:knockoff_path,False,False,0.06424004200380296,
D2,8,xfit_objective,10,10,10,1.0126991793681732,1.0126991793681732,0.0,1.0,1.0,1.0,D2:xfit_objective,False,False,0.04996154201216996,
D2,8,gaussian_cv,10,10,10,1.0126991793681732,1.0126991793681732,0.0,1.0,1.0,1.0,D2:gaussian_cv,False,False,0.048813332919962704,
D2,8,k_posterior,10,10,10,1.0126991793681732,1.0126991793681732,0.0,1.0,1.0,1.0,D2:k_posterior,False,False,0.0004047499969601631,
D2,8,stability,10,10,10,1.0126991793681732,1.0126991793681732,0.0,1.0,1.0,1.0,D2:stability,False,False,0.14764595893211663,
D2,8,changepoint,73,10,10,1.04990567076853,1.0126991793681732,0.014482309075255096,0.136986301369863,1.0,0.24096385542168672,D2:changepoint,False,False,0.001495666103437543,exact_off_grid_k
D2,8,consensus,10,10,10,1.0126991793681732,1.0126991793681732,0.0,1.0,1.0,1.0,D2:consensus,False,False,0.06559183390345424,
D2,9,elbow,11,10,10,1.0056641533830626,1.00322801666613,0.00094769358100834,0.9090909090909091,1.0,0.9523809523809523,D2:elbow,False,False,0.0001212080242112279,
D2,9,penalized/bic,11,10,10,1.0056641533830626,1.00322801666613,0.00094769358100834,0.9090909090909091,1.0,0.9523809523809523,D2:penalized/bic,False,False,0.00035737501457333565,
D2,9,evaluate/time_holdout/best,40,10,10,1.0323092833098269,1.00322801666613,0.011313047225250013,0.25,1.0,0.4,D2:evaluate/time_holdout/best,False,False,0.015022584004327655,synthetic_time_holdout
D2,9,evaluate/one_se,11,10,10,1.0056641533830626,1.00322801666613,0.00094769358100834,0.9090909090909091,1.0,0.9523809523809523,D2:evaluate/one_se,False,False,0.07128654199186713,synthetic_group_cv
D2,9,fixed_k=50,50,10,10,1.0369642171179216,1.00322801666613,0.01312388602558828,0.2,1.0,0.33333333333333337,D2:fixed_k=50,False,False,2.4579931050539017e-06,
D2,9,oracle,10,10,10,1.00322801666613,1.00322801666613,0.0,1.0,1.0,1.0,D2:oracle,False,False,0.0,
D2,9,penalized/ebic,10,10,10,1.00322801666613,1.00322801666613,0.0,1.0,1.0,1.0,D2:penalized/ebic,False,False,0.0003285419661551714,
D2,9,penalized/ric,10,10,10,1.00322801666613,1.00322801666613,0.0,1.0,1.0,1.0,D2:penalized/ric,False,False,0.00025949999690055847,
D2,9,chi2_stop,10,10,10,1.00322801666613,1.00322801666613,0.0,1.0,1.0,1.0,D2:chi2_stop,False,False,0.00065287493634969,
D2,9,forward_stop,10,10,10,1.00322801666613,1.00322801666613,0.0,1.0,1.0,1.0,D2:forward_stop,False,False,0.0005770829739049077,
D2,9,perm_gap,10,10,10,1.00322801666613,1.00322801666613,0.0,1.0,1.0,1.0,D2:perm_gap,False,False,0.07916104199830443,
D2,9,knockoff_path,15,10,10,1.0116849116276339,1.00322801666613,0.003289858493808354,0.6666666666666666,1.0,0.8,D2:knockoff_path,False,False,0.06261400005314499,
D2,9,xfit_objective,10,10,10,1.00322801666613,1.00322801666613,0.0,1.0,1.0,1.0,D2:xfit_objective,False,False,0.04363049997482449,
D2,9,gaussian_cv,10,10,10,1.00322801666613,1.00322801666613,0.0,1.0,1.0,1.0,D2:gaussian_cv,False,False,0.04538141703233123,
D2,9,k_posterior,10,10,10,1.00322801666613,1.00322801666613,0.0,1.0,1.0,1.0,D2:k_posterior,False,False,0.00040212494786828756,
D2,9,stability,10,10,10,1.00322801666613,1.00322801666613,0.0,1.0,1.0,1.0,D2:stability,False,False,0.12885816604830325,
D2,9,changepoint,70,10,10,1.045667061636138,1.00322801666613,0.01650942257167028,0.14285714285714285,1.0,0.25,D2:changepoint,False,False,0.0008202079916372895,
D2,9,consensus,10,10,10,1.00322801666613,1.00322801666613,0.0,1.0,1.0,1.0,D2:consensus,False,False,0.04806079110130668,
D2,10,elbow,11,10,10,1.001945602647395,1.0001918924084063,0.0006765451712466208,0.9090909090909091,1.0,0.9523809523809523,D2:elbow,False,False,0.0001200829865410924,
D2,10,penalized/bic,11,10,10,1.001945602647395,1.0001918924084063,0.0006765451712466208,0.9090909090909091,1.0,0.9523809523809523,D2:penalized/bic,False,False,0.0004045000532642007,
D2,10,evaluate/time_holdout/best,26,10,10,1.0162709043790994,1.0001918924084063,0.006202950558960358,0.38461538461538464,1.0,0.5555555555555556,D2:evaluate/time_holdout/best,False,False,0.01838108303491026,synthetic_time_holdout
D2,10,evaluate/one_se,11,10,10,1.001945602647395,1.0001918924084063,0.0006765451712466208,0.9090909090909091,1.0,0.9523809523809523,D2:evaluate/one_se,False,False,0.07529300008900464,synthetic_group_cv
D2,10,fixed_k=50,50,10,10,1.0325867228369274,1.0001918924084063,0.01249725616724941,0.2,1.0,0.33333333333333337,D2:fixed_k=50,False,False,2.124928869307041e-06,
D2,10,oracle,10,10,10,1.0001918924084063,1.0001918924084063,0.0,1.0,1.0,1.0,D2:oracle,False,False,0.0,
D2,10,penalized/ebic,10,10,10,1.0001918924084063,1.0001918924084063,0.0,1.0,1.0,1.0,D2:penalized/ebic,False,False,0.00031991605646908283,
D2,10,penalized/ric,10,10,10,1.0001918924084063,1.0001918924084063,0.0,1.0,1.0,1.0,D2:penalized/ric,False,False,0.00025595794431865215,
D2,10,chi2_stop,10,10,10,1.0001918924084063,1.0001918924084063,0.0,1.0,1.0,1.0,D2:chi2_stop,False,False,0.0004964160034433007,
D2,10,forward_stop,11,10,10,1.001945602647395,1.0001918924084063,0.0006765451712466208,0.9090909090909091,1.0,0.9523809523809523,D2:forward_stop,False,False,0.0005061250412836671,
D2,10,perm_gap,10,10,10,1.0001918924084063,1.0001918924084063,0.0,1.0,1.0,1.0,D2:perm_gap,False,False,0.0742041670018807,
D2,10,knockoff_path,11,10,10,1.001945602647395,1.0001918924084063,0.0006765451712466208,0.9090909090909091,1.0,0.9523809523809523,D2:knockoff_path,False,False,0.0670979170827195,
D2,10,xfit_objective,10,10,10,1.0001918924084063,1.0001918924084063,0.0,1.0,1.0,1.0,D2:xfit_objective,False,False,0.04475816595368087,
D2,10,gaussian_cv,10,10,10,1.0001918924084063,1.0001918924084063,0.0,1.0,1.0,1.0,D2:gaussian_cv,False,False,0.0549969170242548,
D2,10,k_posterior,10,10,10,1.0001918924084063,1.0001918924084063,0.0,1.0,1.0,1.0,D2:k_posterior,False,False,0.0006441670702770352,
D2,10,stability,10,10,10,1.0001918924084063,1.0001918924084063,0.0,1.0,1.0,1.0,D2:stability,False,False,0.13206054200418293,
D2,10,changepoint,78,10,10,1.0430725023181178,1.0001918924084063,0.016542453211230535,0.1282051282051282,1.0,0.22727272727272727,D2:changepoint,False,False,0.0008114580996334553,exact_off_grid_k
D2,10,consensus,10,10,10,1.0001918924084063,1.0001918924084063,0.0,1.0,1.0,1.0,D2:consensus,False,False,0.050995458965189755,
D2,11,elbow,11,10,10,0.9983629724667735,0.9954454049352018,0.001137843937848119,0.9090909090909091,1.0,0.9523809523809523,D2:elbow,False,False,0.00011633301619440317,
D2,11,penalized/bic,13,10,10,1.0011806571563766,0.9954454049352018,0.0022367338206489527,0.7692307692307693,1.0,0.8695652173913044,D2:penalized/bic,False,False,0.00037875003181397915,
D2,11,evaluate/time_holdout/best,26,10,10,1.018808793227512,0.9954454049352018,0.009111662180335626,0.38461538461538464,1.0,0.5555555555555556,D2:evaluate/time_holdout/best,False,False,0.01442645804490894,synthetic_time_holdout
D2,11,evaluate/one_se,26,10,10,1.018808793227512,0.9954454049352018,0.009111662180335626,0.38461538461538464,1.0,0.5555555555555556,D2:evaluate/one_se,False,False,0.06880645803175867,synthetic_group_cv
D2,11,fixed_k=50,50,10,10,1.033657509774801,0.9954454049352018,0.014902623974819371,0.2,1.0,0.33333333333333337,D2:fixed_k=50,False,False,2.125045284628868e-06,
D2,11,oracle,10,10,10,0.9954454049352018,0.9954454049352018,0.0,1.0,1.0,1.0,D2:oracle,False,False,0.0,
D2,11,penalized/ebic,11,10,10,0.9983629724667735,0.9954454049352018,0.001137843937848119,0.9090909090909091,1.0,0.9523809523809523,D2:penalized/ebic,False,False,0.0003172090509906411,
D2,11,penalized/ric,11,10,10,0.9983629724667735,0.9954454049352018,0.001137843937848119,0.9090909090909091,1.0,0.9523809523809523,D2:penalized/ric,False,False,0.0002572920639067888,
D2,11,chi2_stop,10,10,10,0.9954454049352018,0.9954454049352018,0.0,1.0,1.0,1.0,D2:chi2_stop,False,False,0.0004987500142306089,
D2,11,forward_stop,11,10,10,0.9983629724667735,0.9954454049352018,0.001137843937848119,0.9090909090909091,1.0,0.9523809523809523,D2:forward_stop,False,False,0.0005071249324828386,
D2,11,perm_gap,10,10,10,0.9954454049352018,0.9954454049352018,0.0,1.0,1.0,1.0,D2:perm_gap,False,False,0.086345124989748,
D2,11,knockoff_path,21,10,10,1.012743287380078,0.9954454049352018,0.006746130283026846,0.47619047619047616,1.0,0.6451612903225806,D2:knockoff_path,False,False,0.06704620795790106,
D2,11,xfit_objective,10,10,10,0.9954454049352018,0.9954454049352018,0.0,1.0,1.0,1.0,D2:xfit_objective,False,False,0.05309054208919406,
D2,11,gaussian_cv,10,10,10,0.9954454049352018,0.9954454049352018,0.0,1.0,1.0,1.0,D2:gaussian_cv,False,False,0.052416999940760434,
D2,11,k_posterior,11,10,10,0.9983629724667735,0.9954454049352018,0.001137843937848119,0.9090909090909091,1.0,0.9523809523809523,D2:k_posterior,False,False,0.0005444580456241965,
D2,11,stability,10,10,10,0.9954454049352018,0.9954454049352018,0.0,1.0,1.0,1.0,D2:stability,False,False,0.13141908298712224,
D2,11,changepoint,77,10,10,1.0435889659357047,0.9954454049352018,0.01877586668965073,0.12987012987012986,1.0,0.22988505747126434,D2:changepoint,False,False,0.0007522910600528121,exact_off_grid_k
D2,11,consensus,10,10,10,0.9954454049352018,0.9954454049352018,0.0,1.0,1.0,1.0,D2:consensus,False,False,0.04596708295866847,
D2,12,elbow,11,10,10,1.0087551877868701,1.0058076740633832,0.0011515674254895841,0.9090909090909091,1.0,0.9523809523809523,D2:elbow,False,False,0.00011116696987301111,
D2,12,penalized/bic,12,10,10,1.0120583112672499,1.0058076740633832,0.0024420684236919838,0.8333333333333334,1.0,0.9090909090909091,D2:penalized/bic,False,False,0.00034983293153345585,
D2,12,evaluate/time_holdout/best,11,10,10,1.0087551877868701,1.0058076740633832,0.0011515674254895841,0.9090909090909091,1.0,0.9523809523809523,D2:evaluate/time_holdout/best,False,False,0.014656416024081409,synthetic_time_holdout
D2,12,evaluate/one_se,11,10,10,1.0087551877868701,1.0058076740633832,0.0011515674254895841,0.9090909090909091,1.0,0.9523809523809523,D2:evaluate/one_se,False,False,0.06844837497919798,synthetic_group_cv
D2,12,fixed_k=50,50,10,10,1.0405936131900144,1.0058076740633832,0.013590557371825648,0.2,1.0,0.33333333333333337,D2:fixed_k=50,False,False,2.00001522898674e-06,
D2,12,oracle,10,10,10,1.0058076740633832,1.0058076740633832,0.0,1.0,1.0,1.0,D2:oracle,False,False,0.0,
D2,12,penalized/ebic,10,10,10,1.0058076740633832,1.0058076740633832,0.0,1.0,1.0,1.0,D2:penalized/ebic,False,False,0.00031875004060566425,
D2,12,penalized/ric,10,10,10,1.0058076740633832,1.0058076740633832,0.0,1.0,1.0,1.0,D2:penalized/ric,False,False,0.00025054195430129766,
D2,12,chi2_stop,10,10,10,1.0058076740633832,1.0058076740633832,0.0,1.0,1.0,1.0,D2:chi2_stop,False,False,0.000491625047288835,
D2,12,forward_stop,11,10,10,1.0087551877868701,1.0058076740633832,0.0011515674254895841,0.9090909090909091,1.0,0.9523809523809523,D2:forward_stop,False,False,0.0005063340067863464,
D2,12,perm_gap,10,10,10,1.0058076740633832,1.0058076740633832,0.0,1.0,1.0,1.0,D2:perm_gap,False,False,0.07105975004378706,
D2,12,knockoff_path,15,10,10,1.016440229251107,1.0058076740633832,0.004154044850185894,0.6666666666666666,1.0,0.8,D2:knockoff_path,False,False,0.06274383293930441,
D2,12,xfit_objective,10,10,10,1.0058076740633832,1.0058076740633832,0.0,1.0,1.0,1.0,D2:xfit_objective,False,False,0.049093290930613875,
D2,12,gaussian_cv,10,10,10,1.0058076740633832,1.0058076740633832,0.0,1.0,1.0,1.0,D2:gaussian_cv,False,False,0.05088341701775789,
D2,12,k_posterior,10,10,10,1.0058076740633832,1.0058076740633832,0.0,1.0,1.0,1.0,D2:k_posterior,False,False,0.000406040926463902,
D2,12,stability,10,10,10,1.0058076740633832,1.0058076740633832,0.0,1.0,1.0,1.0,D2:stability,False,False,0.13790025003254414,
D2,12,changepoint,76,10,10,1.0479451927333467,1.0058076740633832,0.016462754186564153,0.13157894736842105,1.0,0.23255813953488372,D2:changepoint,False,False,0.0007805420318618417,exact_off_grid_k
D2,12,consensus,10,10,10,1.0058076740633832,1.0058076740633832,0.0,1.0,1.0,1.0,D2:consensus,False,False,0.048577917041257024,
D2,13,elbow,11,10,10,0.9977978585428121,0.9955549195185643,0.0008734504585399772,0.9090909090909091,1.0,0.9523809523809523,D2:elbow,False,False,0.00011079199612140656,
D2,13,penalized/bic,11,10,10,0.9977978585428121,0.9955549195185643,0.0008734504585399772,0.9090909090909091,1.0,0.9523809523809523,D2:penalized/bic,False,False,0.0003562920028343797,
D2,13,evaluate/time_holdout/best,21,10,10,1.0087578500732373,0.9955549195185643,0.005141515494795112,0.47619047619047616,1.0,0.6451612903225806,D2:evaluate/time_holdout/best,False,False,0.019911292009055614,synthetic_time_holdout
D2,13,evaluate/one_se,11,10,10,0.9977978585428121,0.9955549195185643,0.0008734504585399772,0.9090909090909091,1.0,0.9523809523809523,D2:evaluate/one_se,False,False,0.07248620910104364,synthetic_group_cv
D2,13,fixed_k=50,50,10,10,1.0252866381143764,0.9955549195185643,0.011578194039137133,0.2,1.0,0.33333333333333337,D2:fixed_k=50,False,False,2.415967173874378e-06,
D2,13,oracle,10,10,10,0.9955549195185643,0.9955549195185643,0.0,1.0,1.0,1.0,D2:oracle,False,False,0.0,
D2,13,penalized/ebic,10,10,10,0.9955549195185643,0.9955549195185643,0.0,1.0,1.0,1.0,D2:penalized/ebic,False,False,0.000321083003655076,
D2,13,penalized/ric,10,10,10,0.9955549195185643,0.9955549195185643,0.0,1.0,1.0,1.0,D2:penalized/ric,False,False,0.0002490000333636999,
D2,13,chi2_stop,10,10,10,0.9955549195185643,0.9955549195185643,0.0,1.0,1.0,1.0,D2:chi2_stop,False,False,0.000582417007535696,
D2,13,forward_stop,10,10,10,0.9955549195185643,0.9955549195185643,0.0,1.0,1.0,1.0,D2:forward_stop,False,False,0.0005562920123338699,
D2,13,perm_gap,10,10,10,0.9955549195185643,0.9955549195185643,0.0,1.0,1.0,1.0,D2:perm_gap,False,False,0.07907991693355143,
D2,13,knockoff_path,10,10,10,0.9955549195185643,0.9955549195185643,0.0,1.0,1.0,1.0,D2:knockoff_path,False,False,0.06833287503104657,
D2,13,xfit_objective,10,10,10,0.9955549195185643,0.9955549195185643,0.0,1.0,1.0,1.0,D2:xfit_objective,False,False,0.047298750025220215,
D2,13,gaussian_cv,10,10,10,0.9955549195185643,0.9955549195185643,0.0,1.0,1.0,1.0,D2:gaussian_cv,False,False,0.04997454094700515,
D2,13,k_posterior,10,10,10,0.9955549195185643,0.9955549195185643,0.0,1.0,1.0,1.0,D2:k_posterior,False,False,0.0003974169958382845,
D2,13,stability,10,10,10,0.9955549195185643,0.9955549195185643,0.0,1.0,1.0,1.0,D2:stability,False,False,0.1343308329815045,
D2,13,changepoint,79,10,10,1.0373889865946553,0.9955549195185643,0.01629111833856405,0.12658227848101267,1.0,0.22471910112359553,D2:changepoint,False,False,0.0008120409911498427,exact_off_grid_k
D2,13,consensus,10,10,10,0.9955549195185643,0.9955549195185643,0.0,1.0,1.0,1.0,D2:consensus,False,False,0.04931520903483033,
D2,14,elbow,11,10,10,0.9954147228687706,0.993114028826189,0.0008999616680282384,0.9090909090909091,1.0,0.9523809523809523,D2:elbow,False,False,0.0002282910281792283,
D2,14,penalized/bic,10,10,10,0.993114028826189,0.993114028826189,0.0,1.0,1.0,1.0,D2:penalized/bic,False,False,0.00043329200707376003,
D2,14,evaluate/time_holdout/best,50,10,10,1.0216496841131424,0.993114028826189,0.011162282100539034,0.2,1.0,0.33333333333333337,D2:evaluate/time_holdout/best,False,False,0.01570645801257342,synthetic_time_holdout
D2,14,evaluate/one_se,16,10,10,1.004499808560766,0.993114028826189,0.0044537713977100945,0.625,1.0,0.7692307692307693,D2:evaluate/one_se,False,False,0.06564762501511723,synthetic_group_cv
D2,14,fixed_k=50,50,10,10,1.0216496841131424,0.993114028826189,0.011162282100539034,0.2,1.0,0.33333333333333337,D2:fixed_k=50,False,False,2.1670712158083916e-06,
D2,14,oracle,10,10,10,0.993114028826189,0.993114028826189,0.0,1.0,1.0,1.0,D2:oracle,False,False,0.0,
D2,14,penalized/ebic,10,10,10,0.993114028826189,0.993114028826189,0.0,1.0,1.0,1.0,D2:penalized/ebic,False,False,0.0003406249452382326,
D2,14,penalized/ric,10,10,10,0.993114028826189,0.993114028826189,0.0,1.0,1.0,1.0,D2:penalized/ric,False,False,0.00026691704988479614,
D2,14,chi2_stop,10,10,10,0.993114028826189,0.993114028826189,0.0,1.0,1.0,1.0,D2:chi2_stop,False,False,0.0005462920526042581,
D2,14,forward_stop,10,10,10,0.993114028826189,0.993114028826189,0.0,1.0,1.0,1.0,D2:forward_stop,False,False,0.0005225420463830233,
D2,14,perm_gap,10,10,10,0.993114028826189,0.993114028826189,0.0,1.0,1.0,1.0,D2:perm_gap,False,False,0.0773344999179244,
D2,14,knockoff_path,15,10,10,1.0027271924797334,0.993114028826189,0.0037603777975468836,0.6666666666666666,1.0,0.8,D2:knockoff_path,False,False,0.06509400007780641,
D2,14,xfit_objective,10,10,10,0.993114028826189,0.993114028826189,0.0,1.0,1.0,1.0,D2:xfit_objective,False,False,0.04956541699357331,
D2,14,gaussian_cv,10,10,10,0.993114028826189,0.993114028826189,0.0,1.0,1.0,1.0,D2:gaussian_cv,False,False,0.04560329194646329,
D2,14,k_posterior,10,10,10,0.993114028826189,0.993114028826189,0.0,1.0,1.0,1.0,D2:k_posterior,False,False,0.0003920000744983554,
D2,14,stability,10,10,10,0.993114028826189,0.993114028826189,0.0,1.0,1.0,1.0,D2:stability,False,False,0.12610187497921288,
D2,14,changepoint,68,10,10,1.0279754635866347,0.993114028826189,0.013636735000914658,0.14705882352941177,1.0,0.25641025641025644,D2:changepoint,False,False,0.0008120000129565597,exact_off_grid_k
D2,14,consensus,10,10,10,0.993114028826189,0.993114028826189,0.0,1.0,1.0,1.0,D2:consensus,False,False,0.04759550001472235,
D2,15,elbow,11,10,10,1.0020603463730609,0.9986028597112004,0.0013491588672951307,0.9090909090909091,1.0,0.9523809523809523,D2:elbow,False,False,0.00010475004091858864,
D2,15,penalized/bic,12,10,10,1.0036111930569291,0.9986028597112004,0.0019543205815648547,0.8333333333333334,1.0,0.9090909090909091,D2:penalized/bic,False,False,0.00035149999894201756,
D2,15,evaluate/time_holdout/best,26,10,10,1.0181191659726025,0.9986028597112004,0.007615531229627398,0.38461538461538464,1.0,0.5555555555555556,D2:evaluate/time_holdout/best,False,False,0.016836415976285934,synthetic_time_holdout
D2,15,evaluate/one_se,11,10,10,1.0020603463730609,0.9986028597112004,0.0013491588672951307,0.9090909090909091,1.0,0.9523809523809523,D2:evaluate/one_se,False,False,0.08020691701676697,synthetic_group_cv
D2,15,fixed_k=50,50,10,10,1.0326396120142856,0.9986028597112004,0.013281609063077633,0.2,1.0,0.33333333333333337,D2:fixed_k=50,False,False,2.374988980591297e-06,
D2,15,oracle,10,10,10,0.9986028597112004,0.9986028597112004,0.0,1.0,1.0,1.0,D2:oracle,False,False,0.0,
D2,15,penalized/ebic,11,10,10,1.0020603463730609,0.9986028597112004,0.0013491588672951307,0.9090909090909091,1.0,0.9523809523809523,D2:penalized/ebic,False,False,0.0003282909747213125,
D2,15,penalized/ric,11,10,10,1.0020603463730609,0.9986028597112004,0.0013491588672951307,0.9090909090909091,1.0,0.9523809523809523,D2:penalized/ric,False,False,0.00025245908182114363,
D2,15,chi2_stop,11,10,10,1.0020603463730609,0.9986028597112004,0.0013491588672951307,0.9090909090909091,1.0,0.9523809523809523,D2:chi2_stop,False,False,0.0005093750078231096,
D2,15,forward_stop,11,10,10,1.0020603463730609,0.9986028597112004,0.0013491588672951307,0.9090909090909091,1.0,0.9523809523809523,D2:forward_stop,False,False,0.0006603329675272107,
D2,15,perm_gap,10,10,10,0.9986028597112004,0.9986028597112004,0.0,1.0,1.0,1.0,D2:perm_gap,False,False,0.08361545810475945,
D2,15,knockoff_path,12,10,10,1.0036111930569291,0.9986028597112004,0.0019543205815648547,0.8333333333333334,1.0,0.9090909090909091,D2:knockoff_path,False,False,0.07481779193039984,
D2,15,xfit_objective,46,10,10,1.0307575317279505,0.9986028597112004,0.012547195439655578,0.21739130434782608,1.0,0.3571428571428571,D2:xfit_objective,False,False,0.05245204095263034,exact_off_grid_k
D2,15,gaussian_cv,10,10,10,0.9986028597112004,0.9986028597112004,0.0,1.0,1.0,1.0,D2:gaussian_cv,False,False,0.050192957976832986,
D2,15,k_posterior,11,10,10,1.0020603463730609,0.9986028597112004,0.0013491588672951307,0.9090909090909091,1.0,0.9523809523809523,D2:k_posterior,False,False,0.00040070805698633194,
D2,15,stability,10,10,10,0.9986028597112004,0.9986028597112004,0.0,1.0,1.0,1.0,D2:stability,False,False,0.13112437492236495,
D2,15,changepoint,71,10,10,1.0422243985588764,0.9986028597112004,0.017021724650626312,0.14084507042253522,1.0,0.2469135802469136,D2:changepoint,False,False,0.0007788330549374223,exact_off_grid_k
D2,15,consensus,11,10,10,1.0020603463730609,0.9986028597112004,0.0013491588672951307,0.9090909090909091,1.0,0.9523809523809523,D2:consensus,False,False,0.0461473329924047,
D2,16,elbow,11,10,10,0.9955168835412909,0.9950953674148959,0.000163195524007231,0.9090909090909091,1.0,0.9523809523809523,D2:elbow,False,False,0.00010433304123580456,
D2,16,penalized/bic,10,10,10,0.9950953674148959,0.9950953674148959,0.0,1.0,1.0,1.0,D2:penalized/bic,False,False,0.000339832971803844,
D2,16,evaluate/time_holdout/best,21,10,10,1.0066933961407631,0.9950953674148959,0.004490329685738566,0.47619047619047616,1.0,0.6451612903225806,D2:evaluate/time_holdout/best,False,False,0.01600829209201038,synthetic_time_holdout
D2,16,evaluate/one_se,11,10,10,0.9955168835412909,0.9950953674148959,0.000163195524007231,0.9090909090909091,1.0,0.9523809523809523,D2:evaluate/one_se,False,False,0.06752208294346929,synthetic_group_cv
D2,16,fixed_k=50,50,10,10,1.0298300273485983,0.9950953674148959,0.013447981403639371,0.2,1.0,0.33333333333333337,D2:fixed_k=50,False,False,2.249958924949169e-06,
D2,16,oracle,10,10,10,0.9950953674148959,0.9950953674148959,0.0,1.0,1.0,1.0,D2:oracle,False,False,0.0,
D2,16,penalized/ebic,10,10,10,0.9950953674148959,0.9950953674148959,0.0,1.0,1.0,1.0,D2:penalized/ebic,False,False,0.0003232500748708844,
D2,16,penalized/ric,10,10,10,0.9950953674148959,0.9950953674148959,0.0,1.0,1.0,1.0,D2:penalized/ric,False,False,0.0003082919865846634,
D2,16,chi2_stop,10,10,10,0.9950953674148959,0.9950953674148959,0.0,1.0,1.0,1.0,D2:chi2_stop,False,False,0.0005539169069379568,
D2,16,forward_stop,10,10,10,0.9950953674148959,0.9950953674148959,0.0,1.0,1.0,1.0,D2:forward_stop,False,False,0.000518708024173975,
D2,16,perm_gap,10,10,10,0.9950953674148959,0.9950953674148959,0.0,1.0,1.0,1.0,D2:perm_gap,False,False,0.07411908300127834,
D2,16,knockoff_path,10,10,10,0.9950953674148959,0.9950953674148959,0.0,1.0,1.0,1.0,D2:knockoff_path,False,False,0.06200158305000514,
D2,16,xfit_objective,10,10,10,0.9950953674148959,0.9950953674148959,0.0,1.0,1.0,1.0,D2:xfit_objective,False,False,0.05081058293581009,
D2,16,gaussian_cv,10,10,10,0.9950953674148959,0.9950953674148959,0.0,1.0,1.0,1.0,D2:gaussian_cv,False,False,0.05133349995594472,
D2,16,k_posterior,10,10,10,0.9950953674148959,0.9950953674148959,0.0,1.0,1.0,1.0,D2:k_posterior,False,False,0.00039479206316173077,
D2,16,stability,10,10,10,0.9950953674148959,0.9950953674148959,0.0,1.0,1.0,1.0,D2:stability,False,False,0.13984462502412498,
D2,16,changepoint,67,10,10,1.0373101273251928,0.9950953674148959,0.01634400069890828,0.14925373134328357,1.0,0.2597402597402597,D2:changepoint,False,False,0.0009252909803763032,exact_off_grid_k
D2,16,consensus,10,10,10,0.9950953674148959,0.9950953674148959,0.0,1.0,1.0,1.0,D2:consensus,False,False,0.05555133300367743,
D2,17,elbow,11,10,10,1.0067785413515082,1.0047533950713523,0.0007940575054587749,0.9090909090909091,1.0,0.9523809523809523,D2:elbow,False,False,9.866699110716581e-05,
D2,17,penalized/bic,10,10,10,1.0047533950713523,1.0047533950713523,0.0,1.0,1.0,1.0,D2:penalized/bic,False,False,0.00033666600938886404,
D2,17,evaluate/time_holdout/best,40,10,10,1.0315917330832602,1.0047533950713523,0.010523281177868356,0.25,1.0,0.4,D2:evaluate/time_holdout/best,False,False,0.0168037909315899,synthetic_time_holdout
D2,17,evaluate/one_se,16,10,10,1.0125612747371255,1.0047533950713523,0.003061460552789701,0.625,1.0,0.7692307692307693,D2:evaluate/one_se,False,False,0.07095587498042732,synthetic_group_cv
D2,17,fixed_k=50,50,10,10,1.036639575557518,1.0047533950713523,0.012502534351989338,0.2,1.0,0.33333333333333337,D2:fixed_k=50,False,False,2.1669548004865646e-06,
D2,17,oracle,10,10,10,1.0047533950713523,1.0047533950713523,0.0,1.0,1.0,1.0,D2:oracle,False,False,0.0,
D2,17,penalized/ebic,10,10,10,1.0047533950713523,1.0047533950713523,0.0,1.0,1.0,1.0,D2:penalized/ebic,False,False,0.00031116604804992676,
D2,17,penalized/ric,10,10,10,1.0047533950713523,1.0047533950713523,0.0,1.0,1.0,1.0,D2:penalized/ric,False,False,0.000252624973654747,
D2,17,chi2_stop,10,10,10,1.0047533950713523,1.0047533950713523,0.0,1.0,1.0,1.0,D2:chi2_stop,False,False,0.0004879159387201071,
D2,17,forward_stop,10,10,10,1.0047533950713523,1.0047533950713523,0.0,1.0,1.0,1.0,D2:forward_stop,False,False,0.0005038749659433961,
D2,17,perm_gap,10,10,10,1.0047533950713523,1.0047533950713523,0.0,1.0,1.0,1.0,D2:perm_gap,False,False,0.07521945901680738,
D2,17,knockoff_path,10,10,10,1.0047533950713523,1.0047533950713523,0.0,1.0,1.0,1.0,D2:knockoff_path,False,False,0.062410457991063595,
D2,17,xfit_objective,10,10,10,1.0047533950713523,1.0047533950713523,0.0,1.0,1.0,1.0,D2:xfit_objective,False,False,0.04547725000884384,
D2,17,gaussian_cv,10,10,10,1.0047533950713523,1.0047533950713523,0.0,1.0,1.0,1.0,D2:gaussian_cv,False,False,0.05046954203862697,
D2,17,k_posterior,10,10,10,1.0047533950713523,1.0047533950713523,0.0,1.0,1.0,1.0,D2:k_posterior,False,False,0.0004001249326393008,
D2,17,stability,10,10,10,1.0047533950713523,1.0047533950713523,0.0,1.0,1.0,1.0,D2:stability,False,False,0.13960587501060218,
D2,17,changepoint,77,10,10,1.0458293228758162,1.0047533950713523,0.016105823607125272,0.12987012987012986,1.0,0.22988505747126434,D2:changepoint,False,False,0.0007637090748175979,exact_off_grid_k
D2,17,consensus,10,10,10,1.0047533950713523,1.0047533950713523,0.0,1.0,1.0,1.0,D2:consensus,False,False,0.05773291701916605,
D2,18,elbow,11,10,10,0.9992741209908726,0.9975024009778398,0.0006891290690819561,0.9090909090909091,1.0,0.9523809523809523,D2:elbow,False,False,0.0001057919580489397,
D2,18,penalized/bic,13,10,10,1.0060060675458182,0.9975024009778398,0.0033075902414981227,0.7692307692307693,1.0,0.8695652173913044,D2:penalized/bic,False,False,0.0003375000087544322,
D2,18,evaluate/time_holdout/best,21,10,10,1.0138723058494525,0.9975024009778398,0.006367246078472569,0.47619047619047616,1.0,0.6451612903225806,D2:evaluate/time_holdout/best,False,False,0.016179125057533383,synthetic_time_holdout
D2,18,evaluate/one_se,11,10,10,0.9992741209908726,0.9975024009778398,0.0006891290690819561,0.9090909090909091,1.0,0.9523809523809523,D2:evaluate/one_se,False,False,0.06964375008828938,synthetic_group_cv
D2,18,fixed_k=50,50,10,10,1.034704068256148,0.9975024009778398,0.014469978411494121,0.2,1.0,0.33333333333333337,D2:fixed_k=50,False,False,2.0829029381275177e-06,
D2,18,oracle,10,10,10,0.9975024009778398,0.9975024009778398,0.0,1.0,1.0,1.0,D2:oracle,False,False,0.0,
D2,18,penalized/ebic,11,10,10,0.9992741209908726,0.9975024009778398,0.0006891290690819561,0.9090909090909091,1.0,0.9523809523809523,D2:penalized/ebic,False,False,0.00032229209318757057,
D2,18,penalized/ric,10,10,10,0.9975024009778398,0.9975024009778398,0.0,1.0,1.0,1.0,D2:penalized/ric,False,False,0.0002585829934105277,
D2,18,chi2_stop,10,10,10,0.9975024009778398,0.9975024009778398,0.0,1.0,1.0,1.0,D2:chi2_stop,False,False,0.0005130839999765158,
D2,18,forward_stop,11,10,10,0.9992741209908726,0.9975024009778398,0.0006891290690819561,0.9090909090909091,1.0,0.9523809523809523,D2:forward_stop,False,False,0.0005152079975232482,
D2,18,perm_gap,10,10,10,0.9975024009778398,0.9975024009778398,0.0,1.0,1.0,1.0,D2:perm_gap,False,False,0.07945904100779444,
D2,18,knockoff_path,10,10,10,0.9975024009778398,0.9975024009778398,0.0,1.0,1.0,1.0,D2:knockoff_path,False,False,0.07041008304804564,
D2,18,xfit_objective,10,10,10,0.9975024009778398,0.9975024009778398,0.0,1.0,1.0,1.0,D2:xfit_objective,False,False,0.05132941692136228,
D2,18,gaussian_cv,10,10,10,0.9975024009778398,0.9975024009778398,0.0,1.0,1.0,1.0,D2:gaussian_cv,False,False,0.04921504098456353,
D2,18,k_posterior,11,10,10,0.9992741209908726,0.9975024009778398,0.0006891290690819561,0.9090909090909091,1.0,0.9523809523809523,D2:k_posterior,False,False,0.0004034170415252447,
D2,18,stability,10,10,10,0.9975024009778398,0.9975024009778398,0.0,1.0,1.0,1.0,D2:stability,False,False,0.13843849999830127,
D2,18,changepoint,80,10,10,1.0470074368709927,0.9975024009778398,0.01925550259011786,0.125,1.0,0.2222222222222222,D2:changepoint,False,False,0.0007600000826641917,
D2,18,consensus,10,10,10,0.9975024009778398,0.9975024009778398,0.0,1.0,1.0,1.0,D2:consensus,False,False,0.046208999934606254,
D2,19,elbow,11,10,10,0.9956637653963033,0.9933700427025551,0.0008868182841021113,0.9090909090909091,1.0,0.9523809523809523,D2:elbow,False,False,0.00011016696225851774,
D2,19,penalized/bic,11,10,10,0.9956637653963033,0.9933700427025551,0.0008868182841021113,0.9090909090909091,1.0,0.9523809523809523,D2:penalized/bic,False,False,0.00034716702066361904,
D2,19,evaluate/time_holdout/best,50,10,10,1.019394218586224,0.9933700427025551,0.010061684904295827,0.2,1.0,0.33333333333333337,D2:evaluate/time_holdout/best,False,False,0.013668583007529378,synthetic_time_holdout
D2,19,evaluate/one_se,11,10,10,0.9956637653963033,0.9933700427025551,0.0008868182841021113,0.9090909090909091,1.0,0.9523809523809523,D2:evaluate/one_se,False,False,0.06738170806784183,synthetic_group_cv
D2,19,fixed_k=50,50,10,10,1.019394218586224,0.9933700427025551,0.010061684904295827,0.2,1.0,0.33333333333333337,D2:fixed_k=50,False,False,1.8749851733446121e-06,
D2,19,oracle,10,10,10,0.9933700427025551,0.9933700427025551,0.0,1.0,1.0,1.0,D2:oracle,False,False,0.0,
D2,19,penalized/ebic,10,10,10,0.9933700427025551,0.9933700427025551,0.0,1.0,1.0,1.0,D2:penalized/ebic,False,False,0.00032062502577900887,
D2,19,penalized/ric,10,10,10,0.9933700427025551,0.9933700427025551,0.0,1.0,1.0,1.0,D2:penalized/ric,False,False,0.0002602919703349471,
D2,19,chi2_stop,10,10,10,0.9933700427025551,0.9933700427025551,0.0,1.0,1.0,1.0,D2:chi2_stop,False,False,0.0005089169135317206,
D2,19,forward_stop,10,10,10,0.9933700427025551,0.9933700427025551,0.0,1.0,1.0,1.0,D2:forward_stop,False,False,0.0005211250390857458,
D2,19,perm_gap,10,10,10,0.9933700427025551,0.9933700427025551,0.0,1.0,1.0,1.0,D2:perm_gap,False,False,0.07461637503001839,
D2,19,knockoff_path,11,10,10,0.9956637653963033,0.9933700427025551,0.0008868182841021113,0.9090909090909091,1.0,0.9523809523809523,D2:knockoff_path,False,False,0.06643045891541988,
D2,19,xfit_objective,10,10,10,0.9933700427025551,0.9933700427025551,0.0,1.0,1.0,1.0,D2:xfit_objective,False,False,0.041894915979355574,
D2,19,gaussian_cv,10,10,10,0.9933700427025551,0.9933700427025551,0.0,1.0,1.0,1.0,D2:gaussian_cv,False,False,0.05167404201347381,
D2,19,k_posterior,10,10,10,0.9933700427025551,0.9933700427025551,0.0,1.0,1.0,1.0,D2:k_posterior,False,False,0.0003992919810116291,
D2,19,stability,10,10,10,0.9933700427025551,0.9933700427025551,0.0,1.0,1.0,1.0,D2:stability,False,False,0.13566841697320342,
D2,19,changepoint,80,10,10,1.0270802798403544,0.9933700427025551,0.013033334298300602,0.125,1.0,0.2222222222222222,D2:changepoint,False,False,0.0007306250045076013,
D2,19,consensus,10,10,10,0.9933700427025551,0.9933700427025551,0.0,1.0,1.0,1.0,D2:consensus,False,False,0.046679874998517334,
D2,20,elbow,11,10,10,1.0032575150550027,1.0019521339539463,0.0005089700760244172,0.9090909090909091,1.0,0.9523809523809523,D2:elbow,False,False,0.0001041659852489829,
D2,20,penalized/bic,10,10,10,1.0019521339539463,1.0019521339539463,0.0,1.0,1.0,1.0,D2:penalized/bic,False,False,0.00035574997309595346,
D2,20,evaluate/time_holdout/best,75,10,10,1.041502234512803,1.0019521339539463,0.015420644340510688,0.13333333333333333,1.0,0.23529411764705882,D2:evaluate/time_holdout/best,False,False,0.01675162499304861,synthetic_time_holdout
D2,20,evaluate/one_se,11,10,10,1.0032575150550027,1.0019521339539463,0.0005089700760244172,0.9090909090909091,1.0,0.9523809523809523,D2:evaluate/one_se,False,False,0.06795920804142952,synthetic_group_cv
D2,20,fixed_k=50,50,10,10,1.0314113119174027,1.0019521339539463,0.011486178278162163,0.2,1.0,0.33333333333333337,D2:fixed_k=50,False,False,2.166023477911949e-06,
D2,20,oracle,10,10,10,1.0019521339539463,1.0019521339539463,0.0,1.0,1.0,1.0,D2:oracle,False,False,0.0,
D2,20,penalized/ebic,10,10,10,1.0019521339539463,1.0019521339539463,0.0,1.0,1.0,1.0,D2:penalized/ebic,False,False,0.0003005840117111802,
D2,20,penalized/ric,10,10,10,1.0019521339539463,1.0019521339539463,0.0,1.0,1.0,1.0,D2:penalized/ric,False,False,0.0002464170102030039,
D2,20,chi2_stop,10,10,10,1.0019521339539463,1.0019521339539463,0.0,1.0,1.0,1.0,D2:chi2_stop,False,False,0.0004779159789904952,
D2,20,forward_stop,10,10,10,1.0019521339539463,1.0019521339539463,0.0,1.0,1.0,1.0,D2:forward_stop,False,False,0.0004956659395247698,
D2,20,perm_gap,10,10,10,1.0019521339539463,1.0019521339539463,0.0,1.0,1.0,1.0,D2:perm_gap,False,False,0.07469854201190174,
D2,20,knockoff_path,10,10,10,1.0019521339539463,1.0019521339539463,0.0,1.0,1.0,1.0,D2:knockoff_path,False,False,0.0650072080316022,
D2,20,xfit_objective,10,10,10,1.0019521339539463,1.0019521339539463,0.0,1.0,1.0,1.0,D2:xfit_objective,False,False,0.04396720801014453,
D2,20,gaussian_cv,10,10,10,1.0019521339539463,1.0019521339539463,0.0,1.0,1.0,1.0,D2:gaussian_cv,False,False,0.05408158409409225,
D2,20,k_posterior,10,10,10,1.0019521339539463,1.0019521339539463,0.0,1.0,1.0,1.0,D2:k_posterior,False,False,0.00042316701728850603,
D2,20,stability,10,10,10,1.0019521339539463,1.0019521339539463,0.0,1.0,1.0,1.0,D2:stability,False,False,0.1328859169734642,
D2,20,changepoint,80,10,10,1.0444804388459148,1.0019521339539463,0.016581850738100964,0.125,1.0,0.2222222222222222,D2:changepoint,False,False,0.0007634160574525595,
D2,20,consensus,10,10,10,1.0019521339539463,1.0019521339539463,0.0,1.0,1.0,1.0,D2:consensus,False,False,0.051552833057940006,
D2,21,elbow,11,10,10,1.0051258714151563,1.0020577798353574,0.0011929327997982609,0.9090909090909091,1.0,0.9523809523809523,D2:elbow,False,False,0.00011204194743186235,
D2,21,penalized/bic,11,10,10,1.0051258714151563,1.0020577798353574,0.0011929327997982609,0.9090909090909091,1.0,0.9523809523809523,D2:penalized/bic,False,False,0.0003577499883249402,
D2,21,evaluate/time_holdout/best,50,10,10,1.0360406317482842,1.0020577798353574,0.013213184034185286,0.2,1.0,0.33333333333333337,D2:evaluate/time_holdout/best,False,False,0.013547040987759829,synthetic_time_holdout
D2,21,evaluate/one_se,11,10,10,1.0051258714151563,1.0020577798353574,0.0011929327997982609,0.9090909090909091,1.0,0.9523809523809523,D2:evaluate/one_se,False,False,0.06860925001092255,synthetic_group_cv
D2,21,fixed_k=50,50,10,10,1.0360406317482842,1.0020577798353574,0.013213184034185286,0.2,1.0,0.33333333333333337,D2:fixed_k=50,False,False,1.9170111045241356e-06,
D2,21,oracle,10,10,10,1.0020577798353574,1.0020577798353574,0.0,1.0,1.0,1.0,D2:oracle,False,False,0.0,
D2,21,penalized/ebic,11,10,10,1.0051258714151563,1.0020577798353574,0.0011929327997982609,0.9090909090909091,1.0,0.9523809523809523,D2:penalized/ebic,False,False,0.00030975008849054575,
D2,21,penalized/ric,10,10,10,1.0020577798353574,1.0020577798353574,0.0,1.0,1.0,1.0,D2:penalized/ric,False,False,0.00024866696912795305,
D2,21,chi2_stop,10,10,10,1.0020577798353574,1.0020577798353574,0.0,1.0,1.0,1.0,D2:chi2_stop,False,False,0.00048354105092585087,
D2,21,forward_stop,11,10,10,1.0051258714151563,1.0020577798353574,0.0011929327997982609,0.9090909090909091,1.0,0.9523809523809523,D2:forward_stop,False,False,0.0004982500104233623,
D2,21,perm_gap,10,10,10,1.0020577798353574,1.0020577798353574,0.0,1.0,1.0,1.0,D2:perm_gap,False,False,0.07546658301725984,
D2,21,knockoff_path,16,10,10,1.01344596105466,1.0020577798353574,0.0044279430887923495,0.625,1.0,0.7692307692307693,D2:knockoff_path,False,False,0.060478667030110955,
D2,21,xfit_objective,10,10,10,1.0020577798353574,1.0020577798353574,0.0,1.0,1.0,1.0,D2:xfit_objective,False,False,0.04646979190874845,
D2,21,gaussian_cv,10,10,10,1.0020577798353574,1.0020577798353574,0.0,1.0,1.0,1.0,D2:gaussian_cv,False,False,0.04916879103984684,
D2,21,k_posterior,11,10,10,1.0051258714151563,1.0020577798353574,0.0011929327997982609,0.9090909090909091,1.0,0.9523809523809523,D2:k_posterior,False,False,0.00039783294778317213,
D2,21,stability,10,10,10,1.0020577798353574,1.0020577798353574,0.0,1.0,1.0,1.0,D2:stability,False,False,0.14382537500932813,
D2,21,changepoint,74,10,10,1.0459890802521459,1.0020577798353574,0.017081331453741227,0.13513513513513514,1.0,0.2380952380952381,D2:changepoint,False,False,0.0009372089989483356,exact_off_grid_k
D2,21,consensus,10,10,10,1.0020577798353574,1.0020577798353574,0.0,1.0,1.0,1.0,D2:consensus,False,False,0.053487000055611134,
D2,22,elbow,11,10,10,1.0108947228522056,1.0087803597587592,0.0008242382630509819,0.9090909090909091,1.0,0.9523809523809523,D2:elbow,False,False,0.00011058303061872721,
D2,22,penalized/bic,12,10,10,1.0133863454848893,1.0087803597587592,0.0017955429161199184,0.8333333333333334,1.0,0.9090909090909091,D2:penalized/bic,False,False,0.0003516670549288392,
D2,22,evaluate/time_holdout/best,16,10,10,1.0179947921593373,1.0087803597587592,0.003592045179181423,0.625,1.0,0.7692307692307693,D2:evaluate/time_holdout/best,False,False,0.016139083076268435,synthetic_time_holdout
D2,22,evaluate/one_se,11,10,10,1.0108947228522056,1.0087803597587592,0.0008242382630509819,0.9090909090909091,1.0,0.9523809523809523,D2:evaluate/one_se,False,False,0.06869187497068197,synthetic_group_cv
D2,22,fixed_k=50,50,10,10,1.0430990326487126,1.0087803597587592,0.013378384923907811,0.2,1.0,0.33333333333333337,D2:fixed_k=50,False,False,2.040993422269821e-06,
D2,22,oracle,10,10,10,1.0087803597587592,1.0087803597587592,0.0,1.0,1.0,1.0,D2:oracle,False,False,0.0,
D2,22,penalized/ebic,11,10,10,1.0108947228522056,1.0087803597587592,0.0008242382630509819,0.9090909090909091,1.0,0.9523809523809523,D2:penalized/ebic,False,False,0.00031162495724856853,
D2,22,penalized/ric,10,10,10,1.0087803597587592,1.0087803597587592,0.0,1.0,1.0,1.0,D2:penalized/ric,False,False,0.000250041950494051,
D2,22,chi2_stop,10,10,10,1.0087803597587592,1.0087803597587592,0.0,1.0,1.0,1.0,D2:chi2_stop,False,False,0.0004933750024065375,
D2,22,forward_stop,11,10,10,1.0108947228522056,1.0087803597587592,0.0008242382630509819,0.9090909090909091,1.0,0.9523809523809523,D2:forward_stop,False,False,0.0006116670556366444,
D2,22,perm_gap,10,10,10,1.0087803597587592,1.0087803597587592,0.0,1.0,1.0,1.0,D2:perm_gap,False,False,0.0865590829635039,
D2,22,knockoff_path,18,10,10,1.0203724326174757,1.0087803597587592,0.004518916371480459,0.5555555555555556,1.0,0.7142857142857143,D2:knockoff_path,False,False,0.06308208301197737,
D2,22,xfit_objective,10,10,10,1.0087803597587592,1.0087803597587592,0.0,1.0,1.0,1.0,D2:xfit_objective,False,False,0.04924845800269395,
D2,22,gaussian_cv,10,10,10,1.0087803597587592,1.0087803597587592,0.0,1.0,1.0,1.0,D2:gaussian_cv,False,False,0.05556466698180884,
D2,22,k_posterior,11,10,10,1.0108947228522056,1.0087803597587592,0.0008242382630509819,0.9090909090909091,1.0,0.9523809523809523,D2:k_posterior,False,False,0.0004337920108810067,
D2,22,stability,10,10,10,1.0087803597587592,1.0087803597587592,0.0,1.0,1.0,1.0,D2:stability,False,False,0.1419427499640733,
D2,22,changepoint,76,10,10,1.0535530929252028,1.0087803597587592,0.0174536719504514,0.13157894736842105,1.0,0.23255813953488372,D2:changepoint,False,False,0.0007559589575976133,exact_off_grid_k
D2,22,consensus,10,10,10,1.0087803597587592,1.0087803597587592,0.0,1.0,1.0,1.0,D2:consensus,False,False,0.05582983396016061,
D2,23,elbow,11,10,10,1.006942470033108,1.0046060949632103,0.0008983733494411191,0.9090909090909091,1.0,0.9523809523809523,D2:elbow,False,False,0.00010912504512816668,
D2,23,penalized/bic,11,10,10,1.006942470033108,1.0046060949632103,0.0008983733494411191,0.9090909090909091,1.0,0.9523809523809523,D2:penalized/bic,False,False,0.0003833329537883401,
D2,23,evaluate/time_holdout/best,21,10,10,1.0217402032723586,1.0046060949632103,0.006588336979665876,0.47619047619047616,1.0,0.6451612903225806,D2:evaluate/time_holdout/best,False,False,0.014780957950279117,synthetic_time_holdout
D2,23,evaluate/one_se,11,10,10,1.006942470033108,1.0046060949632103,0.0008983733494411191,0.9090909090909091,1.0,0.9523809523809523,D2:evaluate/one_se,False,False,0.0677387499017641,synthetic_group_cv
D2,23,fixed_k=50,50,10,10,1.0406205608616008,1.0046060949632103,0.013848134562952136,0.2,1.0,0.33333333333333337,D2:fixed_k=50,False,False,1.959037035703659e-06,
D2,23,oracle,10,10,10,1.0046060949632103,1.0046060949632103,0.0,1.0,1.0,1.0,D2:oracle,False,False,0.0,
D2,23,penalized/ebic,10,10,10,1.0046060949632103,1.0046060949632103,0.0,1.0,1.0,1.0,D2:penalized/ebic,False,False,0.0003094590501859784,
D2,23,penalized/ric,10,10,10,1.0046060949632103,1.0046060949632103,0.0,1.0,1.0,1.0,D2:penalized/ric,False,False,0.0002554169623181224,
D2,23,chi2_stop,10,10,10,1.0046060949632103,1.0046060949632103,0.0,1.0,1.0,1.0,D2:chi2_stop,False,False,0.0004926670808345079,
D2,23,forward_stop,10,10,10,1.0046060949632103,1.0046060949632103,0.0,1.0,1.0,1.0,D2:forward_stop,False,False,0.000502042006701231,
D2,23,perm_gap,10,10,10,1.0046060949632103,1.0046060949632103,0.0,1.0,1.0,1.0,D2:perm_gap,False,False,0.07250362494960427,
D2,23,knockoff_path,10,10,10,1.0046060949632103,1.0046060949632103,0.0,1.0,1.0,1.0,D2:knockoff_path,False,False,0.06718220806214958,
D2,23,xfit_objective,10,10,10,1.0046060949632103,1.0046060949632103,0.0,1.0,1.0,1.0,D2:xfit_objective,False,False,0.04133154102601111,
D2,23,gaussian_cv,10,10,10,1.0046060949632103,1.0046060949632103,0.0,1.0,1.0,1.0,D2:gaussian_cv,False,False,0.047052167006768286,
D2,23,k_posterior,10,10,10,1.0046060949632103,1.0046060949632103,0.0,1.0,1.0,1.0,D2:k_posterior,False,False,0.00040354090742766857,
D2,23,stability,10,10,10,1.0046060949632103,1.0046060949632103,0.0,1.0,1.0,1.0,D2:stability,False,False,0.1263327500782907,
D2,23,changepoint,58,10,10,1.0436663207007946,1.0046060949632103,0.015019277631367749,0.1724137931034483,1.0,0.29411764705882354,D2:changepoint,False,False,0.0007594999624416232,exact_off_grid_k
D2,23,consensus,10,10,10,1.0046060949632103,1.0046060949632103,0.0,1.0,1.0,1.0,D2:consensus,False,False,0.04915279196575284,
D2,24,elbow,11,10,10,1.0073229763050942,1.004424810700955,0.001126496885501053,0.9090909090909091,1.0,0.9523809523809523,D2:elbow,False,False,0.00010083301458507776,
D2,24,penalized/bic,11,10,10,1.0073229763050942,1.004424810700955,0.001126496885501053,0.9090909090909091,1.0,0.9523809523809523,D2:penalized/bic,False,False,0.0003400840796530247,
D2,24,evaluate/time_holdout/best,40,10,10,1.0390739501894461,1.004424810700955,0.013467880394181553,0.25,1.0,0.4,D2:evaluate/time_holdout/best,False,False,0.016062207985669374,synthetic_time_holdout
D2,24,evaluate/one_se,16,10,10,1.0161389825140805,1.004424810700955,0.004553217402367801,0.625,1.0,0.7692307692307693,D2:evaluate/one_se,False,False,0.07031858304981142,synthetic_group_cv
D2,24,fixed_k=50,50,10,10,1.0441271713864206,1.004424810700955,0.015432032453680767,0.2,1.0,0.33333333333333337,D2:fixed_k=50,False,False,1.7919810488820076e-06,
D2,24,oracle,10,10,10,1.004424810700955,1.004424810700955,0.0,1.0,1.0,1.0,D2:oracle,False,False,0.0,
D2,24,penalized/ebic,10,10,10,1.004424810700955,1.004424810700955,0.0,1.0,1.0,1.0,D2:penalized/ebic,False,False,0.00030520802829414606,
D2,24,penalized/ric,10,10,10,1.004424810700955,1.004424810700955,0.0,1.0,1.0,1.0,D2:penalized/ric,False,False,0.0002477500820532441,
D2,24,chi2_stop,10,10,10,1.004424810700955,1.004424810700955,0.0,1.0,1.0,1.0,D2:chi2_stop,False,False,0.0005111671052873135,
D2,24,forward_stop,10,10,10,1.004424810700955,1.004424810700955,0.0,1.0,1.0,1.0,D2:forward_stop,False,False,0.000499499961733818,
D2,24,perm_gap,10,10,10,1.004424810700955,1.004424810700955,0.0,1.0,1.0,1.0,D2:perm_gap,False,False,0.08147887501399964,
D2,24,knockoff_path,10,10,10,1.004424810700955,1.004424810700955,0.0,1.0,1.0,1.0,D2:knockoff_path,False,False,0.06424137495923787,
D2,24,xfit_objective,13,10,10,1.0121679866031232,1.004424810700955,0.0030097188115205255,0.7692307692307693,1.0,0.8695652173913044,D2:xfit_objective,False,False,0.042249292018823326,
D2,24,gaussian_cv,10,10,10,1.004424810700955,1.004424810700955,0.0,1.0,1.0,1.0,D2:gaussian_cv,False,False,0.050777166965417564,
D2,24,k_posterior,10,10,10,1.004424810700955,1.004424810700955,0.0,1.0,1.0,1.0,D2:k_posterior,False,False,0.0003988329553976655,
D2,24,stability,10,10,10,1.004424810700955,1.004424810700955,0.0,1.0,1.0,1.0,D2:stability,False,False,0.1344605420017615,
D2,24,changepoint,80,10,10,1.0547224267753919,1.004424810700955,0.01955033479627917,0.125,1.0,0.2222222222222222,D2:changepoint,False,False,0.000749208964407444,
D2,24,consensus,10,10,10,1.004424810700955,1.004424810700955,0.0,1.0,1.0,1.0,D2:consensus,False,False,0.04851129197049886,
D2,25,elbow,11,10,10,1.007811263393431,1.0064278775932616,0.0005371476969425814,0.9090909090909091,1.0,0.9523809523809523,D2:elbow,False,False,0.00010412500705569983,
D2,25,penalized/bic,10,10,10,1.0064278775932616,1.0064278775932616,0.0,1.0,1.0,1.0,D2:penalized/bic,False,False,0.0003425420727580786,
D2,25,evaluate/time_holdout/best,21,10,10,1.0204912936026123,1.0064278775932616,0.005460610857537044,0.47619047619047616,1.0,0.6451612903225806,D2:evaluate/time_holdout/best,False,False,0.01360912504605949,synthetic_time_holdout
D2,25,evaluate/one_se,11,10,10,1.007811263393431,1.0064278775932616,0.0005371476969425814,0.9090909090909091,1.0,0.9523809523809523,D2:evaluate/one_se,False,False,0.06676025001797825,synthetic_group_cv
D2,25,fixed_k=50,50,10,10,1.0351276010697843,1.0064278775932616,0.011143666767733379,0.2,1.0,0.33333333333333337,D2:fixed_k=50,False,False,1.9579892978072166e-06,
D2,25,oracle,10,10,10,1.0064278775932616,1.0064278775932616,0.0,1.0,1.0,1.0,D2:oracle,False,False,0.0,
D2,25,penalized/ebic,10,10,10,1.0064278775932616,1.0064278775932616,0.0,1.0,1.0,1.0,D2:penalized/ebic,False,False,0.0003012919332832098,
D2,25,penalized/ric,10,10,10,1.0064278775932616,1.0064278775932616,0.0,1.0,1.0,1.0,D2:penalized/ric,False,False,0.0002490000333636999,
D2,25,chi2_stop,10,10,10,1.0064278775932616,1.0064278775932616,0.0,1.0,1.0,1.0,D2:chi2_stop,False,False,0.0004737909184768796,
D2,25,forward_stop,10,10,10,1.0064278775932616,1.0064278775932616,0.0,1.0,1.0,1.0,D2:forward_stop,False,False,0.0005033330526202917,
D2,25,perm_gap,10,10,10,1.0064278775932616,1.0064278775932616,0.0,1.0,1.0,1.0,D2:perm_gap,False,False,0.07879158295691013,
D2,25,knockoff_path,14,10,10,1.0118880199198477,1.0064278775932616,0.0021200903430880023,0.7142857142857143,1.0,0.8333333333333333,D2:knockoff_path,False,False,0.065552584012039,
D2,25,xfit_objective,10,10,10,1.0064278775932616,1.0064278775932616,0.0,1.0,1.0,1.0,D2:xfit_objective,False,False,0.04915595892816782,
D2,25,gaussian_cv,10,10,10,1.0064278775932616,1.0064278775932616,0.0,1.0,1.0,1.0,D2:gaussian_cv,False,False,0.05485895904712379,
D2,25,k_posterior,10,10,10,1.0064278775932616,1.0064278775932616,0.0,1.0,1.0,1.0,D2:k_posterior,False,False,0.0004137909272685647,
D2,25,stability,10,10,10,1.0064278775932616,1.0064278775932616,0.0,1.0,1.0,1.0,D2:stability,False,False,0.12945312506053597,
D2,25,changepoint,74,10,10,1.0419321112263615,1.0064278775932616,0.013785754722503502,0.13513513513513514,1.0,0.2380952380952381,D2:changepoint,False,False,0.0007635420188307762,exact_off_grid_k
D2,25,consensus,10,10,10,1.0064278775932616,1.0064278775932616,0.0,1.0,1.0,1.0,D2:consensus,False,False,0.057613875018432736,
D2,26,elbow,11,10,10,1.001673012638255,0.9994463889934739,0.0008838175548085824,0.9090909090909091,1.0,0.9523809523809523,D2:elbow,False,False,9.99579206109047e-05,
D2,26,penalized/bic,12,10,10,1.0041706007102758,0.9994463889934739,0.0018751894859863145,0.8333333333333334,1.0,0.9090909090909091,D2:penalized/bic,False,False,0.0003313340712338686,
D2,26,evaluate/time_holdout/best,16,10,10,1.0117831904410555,0.9994463889934739,0.004896867827267216,0.625,1.0,0.7692307692307693,D2:evaluate/time_holdout/best,False,False,0.014128332957625389,synthetic_time_holdout
D2,26,evaluate/one_se,16,10,10,1.0117831904410555,0.9994463889934739,0.004896867827267216,0.625,1.0,0.7692307692307693,D2:evaluate/one_se,False,False,0.06334445893298835,synthetic_group_cv
D2,26,fixed_k=50,50,10,10,1.0367677928591357,0.9994463889934739,0.014814049057588789,0.2,1.0,0.33333333333333337,D2:fixed_k=50,False,False,2.249958924949169e-06,
D2,26,oracle,10,10,10,0.9994463889934739,0.9994463889934739,0.0,1.0,1.0,1.0,D2:oracle,False,False,0.0,
D2,26,penalized/ebic,11,10,10,1.001673012638255,0.9994463889934739,0.0008838175548085824,0.9090909090909091,1.0,0.9523809523809523,D2:penalized/ebic,False,False,0.0003064590273424983,
D2,26,penalized/ric,11,10,10,1.001673012638255,0.9994463889934739,0.0008838175548085824,0.9090909090909091,1.0,0.9523809523809523,D2:penalized/ric,False,False,0.00025470799300819635,
D2,26,chi2_stop,11,10,10,1.001673012638255,0.9994463889934739,0.0008838175548085824,0.9090909090909091,1.0,0.9523809523809523,D2:chi2_stop,False,False,0.0004913749871775508,
D2,26,forward_stop,11,10,10,1.001673012638255,0.9994463889934739,0.0008838175548085824,0.9090909090909091,1.0,0.9523809523809523,D2:forward_stop,False,False,0.0005209160735830665,
D2,26,perm_gap,10,10,10,0.9994463889934739,0.9994463889934739,0.0,1.0,1.0,1.0,D2:perm_gap,False,False,0.08125229098368436,
D2,26,knockoff_path,13,10,10,1.006613364553198,0.9994463889934739,0.0028447999415686094,0.7692307692307693,1.0,0.8695652173913044,D2:knockoff_path,False,False,0.06177912501152605,
D2,26,xfit_objective,10,10,10,0.9994463889934739,0.9994463889934739,0.0,1.0,1.0,1.0,D2:xfit_objective,False,False,0.04414666595403105,
D2,26,gaussian_cv,10,10,10,0.9994463889934739,0.9994463889934739,0.0,1.0,1.0,1.0,D2:gaussian_cv,False,False,0.052309124963358045,
D2,26,k_posterior,11,10,10,1.001673012638255,0.9994463889934739,0.0008838175548085824,0.9090909090909091,1.0,0.9523809523809523,D2:k_posterior,False,False,0.000389833003282547,
D2,26,stability,10,10,10,0.9994463889934739,0.9994463889934739,0.0,1.0,1.0,1.0,D2:stability,False,False,0.13017049990594387,
D2,26,changepoint,77,10,10,1.0455812711287187,0.9994463889934739,0.018312398153018255,0.12987012987012986,1.0,0.22988505747126434,D2:changepoint,False,False,0.000738459057174623,exact_off_grid_k
D2,26,consensus,11,10,10,1.001673012638255,0.9994463889934739,0.0008838175548085824,0.9090909090909091,1.0,0.9523809523809523,D2:consensus,False,False,0.05097774998284876,
D2,27,elbow,11,10,10,1.0046007388483043,1.0029902214967477,0.0006255628670998757,0.9090909090909091,1.0,0.9523809523809523,D2:elbow,False,False,0.00011200003791600466,
D2,27,penalized/bic,10,10,10,1.0029902214967477,1.0029902214967477,0.0,1.0,1.0,1.0,D2:penalized/bic,False,False,0.0003355840453878045,
D2,27,evaluate/time_holdout/best,11,10,10,1.0046007388483043,1.0029902214967477,0.0006255628670998757,0.9090909090909091,1.0,0.9523809523809523,D2:evaluate/time_holdout/best,False,False,0.015045832959003747,synthetic_time_holdout
D2,27,evaluate/one_se,16,10,10,1.0114416429476785,1.0029902214967477,0.0032827311228927672,0.625,1.0,0.7692307692307693,D2:evaluate/one_se,False,False,0.06987712497357279,synthetic_group_cv
D2,27,fixed_k=50,50,10,10,1.0334510834991009,1.0029902214967477,0.011831716156369592,0.2,1.0,0.33333333333333337,D2:fixed_k=50,False,False,1.9581057131290436e-06,
D2,27,oracle,10,10,10,1.0029902214967477,1.0029902214967477,0.0,1.0,1.0,1.0,D2:oracle,False,False,0.0,
D2,27,penalized/ebic,10,10,10,1.0029902214967477,1.0029902214967477,0.0,1.0,1.0,1.0,D2:penalized/ebic,False,False,0.000311249983496964,
D2,27,penalized/ric,10,10,10,1.0029902214967477,1.0029902214967477,0.0,1.0,1.0,1.0,D2:penalized/ric,False,False,0.0002536249812692404,
D2,27,chi2_stop,10,10,10,1.0029902214967477,1.0029902214967477,0.0,1.0,1.0,1.0,D2:chi2_stop,False,False,0.0005004169652238488,
D2,27,forward_stop,10,10,10,1.0029902214967477,1.0029902214967477,0.0,1.0,1.0,1.0,D2:forward_stop,False,False,0.0005083329742774367,
D2,27,perm_gap,10,10,10,1.0029902214967477,1.0029902214967477,0.0,1.0,1.0,1.0,D2:perm_gap,False,False,0.08184983395040035,
D2,27,knockoff_path,10,10,10,1.0029902214967477,1.0029902214967477,0.0,1.0,1.0,1.0,D2:knockoff_path,False,False,0.0650780419819057,
D2,27,xfit_objective,10,10,10,1.0029902214967477,1.0029902214967477,0.0,1.0,1.0,1.0,D2:xfit_objective,False,False,0.042599166044965386,
D2,27,gaussian_cv,10,10,10,1.0029902214967477,1.0029902214967477,0.0,1.0,1.0,1.0,D2:gaussian_cv,False,False,0.0534559169318527,
D2,27,k_posterior,10,10,10,1.0029902214967477,1.0029902214967477,0.0,1.0,1.0,1.0,D2:k_posterior,False,False,0.0003993329592049122,
D2,27,stability,10,10,10,1.0029902214967477,1.0029902214967477,0.0,1.0,1.0,1.0,D2:stability,False,False,0.13180341699626297,
D2,27,changepoint,74,10,10,1.0408361493774743,1.0029902214967477,0.014700249662159876,0.13513513513513514,1.0,0.2380952380952381,D2:changepoint,False,False,0.00074095802847296,exact_off_grid_k
D2,27,consensus,10,10,10,1.0029902214967477,1.0029902214967477,0.0,1.0,1.0,1.0,D2:consensus,False,False,0.04908625001553446,
D2,28,elbow,11,10,10,0.9962754283497861,0.9951330894707259,0.00044566344043207835,0.9090909090909091,1.0,0.9523809523809523,D2:elbow,False,False,0.00011450005695223808,
D2,28,penalized/bic,10,10,10,0.9951330894707259,0.9951330894707259,0.0,1.0,1.0,1.0,D2:penalized/bic,False,False,0.00035608396865427494,
D2,28,evaluate/time_holdout/best,40,10,10,1.0209354399639614,0.9951330894707259,0.010066333644802217,0.25,1.0,0.4,D2:evaluate/time_holdout/best,False,False,0.016533708083443344,synthetic_time_holdout
D2,28,evaluate/one_se,11,10,10,0.9962754283497861,0.9951330894707259,0.00044566344043207835,0.9090909090909091,1.0,0.9523809523809523,D2:evaluate/one_se,False,False,0.06895662494935095,synthetic_group_cv
D2,28,fixed_k=50,50,10,10,1.0284281878582455,0.9951330894707259,0.012989497572833764,0.2,1.0,0.33333333333333337,D2:fixed_k=50,False,False,2.124928869307041e-06,
D2,28,oracle,10,10,10,0.9951330894707259,0.9951330894707259,0.0,1.0,1.0,1.0,D2:oracle,False,False,0.0,
D2,28,penalized/ebic,10,10,10,0.9951330894707259,0.9951330894707259,0.0,1.0,1.0,1.0,D2:penalized/ebic,False,False,0.00031466700602322817,
D2,28,penalized/ric,10,10,10,0.9951330894707259,0.9951330894707259,0.0,1.0,1.0,1.0,D2:penalized/ric,False,False,0.0002631250536069274,
D2,28,chi2_stop,10,10,10,0.9951330894707259,0.9951330894707259,0.0,1.0,1.0,1.0,D2:chi2_stop,False,False,0.0005034580826759338,
D2,28,forward_stop,10,10,10,0.9951330894707259,0.9951330894707259,0.0,1.0,1.0,1.0,D2:forward_stop,False,False,0.0004963749088346958,
D2,28,perm_gap,10,10,10,0.9951330894707259,0.9951330894707259,0.0,1.0,1.0,1.0,D2:perm_gap,False,False,0.07883941708132625,
D2,28,knockoff_path,12,10,10,0.9978517943270854,0.9951330894707259,0.0010606549264972416,0.8333333333333334,1.0,0.9090909090909091,D2:knockoff_path,False,False,0.06600279093254358,
D2,28,xfit_objective,10,10,10,0.9951330894707259,0.9951330894707259,0.0,1.0,1.0,1.0,D2:xfit_objective,False,False,0.04237124999053776,
D2,28,gaussian_cv,10,10,10,0.9951330894707259,0.9951330894707259,0.0,1.0,1.0,1.0,D2:gaussian_cv,False,False,0.045270917005836964,
D2,28,k_posterior,10,10,10,0.9951330894707259,0.9951330894707259,0.0,1.0,1.0,1.0,D2:k_posterior,False,False,0.0004130830056965351,
D2,28,stability,10,10,10,0.9951330894707259,0.9951330894707259,0.0,1.0,1.0,1.0,D2:stability,False,False,0.13002458296250552,
D2,28,changepoint,71,10,10,1.0356035360323164,0.9951330894707259,0.015788833577387126,0.14084507042253522,1.0,0.2469135802469136,D2:changepoint,False,False,0.00075179198756814,exact_off_grid_k
D2,28,consensus,10,10,10,0.9951330894707259,0.9951330894707259,0.0,1.0,1.0,1.0,D2:consensus,False,False,0.04650570801459253,
D2,29,elbow,11,10,10,1.0122917609946938,1.0091380506696919,0.0012280854324024856,0.9090909090909091,1.0,0.9523809523809523,D2:elbow,False,False,0.00010725005995482206,
D2,29,penalized/bic,12,10,10,1.0143124222330087,1.0091380506696919,0.0020149505451941656,0.8333333333333334,1.0,0.9090909090909091,D2:penalized/bic,False,False,0.0003490840317681432,
D2,29,evaluate/time_holdout/best,40,10,10,1.0400232236097529,1.0091380506696919,0.012026986329157422,0.25,1.0,0.4,D2:evaluate/time_holdout/best,False,False,0.015055167023092508,synthetic_time_holdout
D2,29,evaluate/one_se,16,10,10,1.0194780663638425,1.0091380506696919,0.004026502543410321,0.625,1.0,0.7692307692307693,D2:evaluate/one_se,False,False,0.06494950002525002,synthetic_group_cv
D2,29,fixed_k=50,50,10,10,1.0461395546371277,1.0091380506696919,0.014408745038865767,0.2,1.0,0.33333333333333337,D2:fixed_k=50,False,False,2.040993422269821e-06,
D2,29,oracle,10,10,10,1.0091380506696919,1.0091380506696919,0.0,1.0,1.0,1.0,D2:oracle,False,False,0.0,
D2,29,penalized/ebic,11,10,10,1.0122917609946938,1.0091380506696919,0.0012280854324024856,0.9090909090909091,1.0,0.9523809523809523,D2:penalized/ebic,False,False,0.0003873750101774931,
D2,29,penalized/ric,11,10,10,1.0122917609946938,1.0091380506696919,0.0012280854324024856,0.9090909090909091,1.0,0.9523809523809523,D2:penalized/ric,False,False,0.0002679580356925726,
D2,29,chi2_stop,10,10,10,1.0091380506696919,1.0091380506696919,0.0,1.0,1.0,1.0,D2:chi2_stop,False,False,0.0005149580538272858,
D2,29,forward_stop,11,10,10,1.0122917609946938,1.0091380506696919,0.0012280854324024856,0.9090909090909091,1.0,0.9523809523809523,D2:forward_stop,False,False,0.0005152079975232482,
D2,29,perm_gap,11,10,10,1.0122917609946938,1.0091380506696919,0.0012280854324024856,0.9090909090909091,1.0,0.9523809523809523,D2:perm_gap,False,False,0.0775343329878524,
D2,29,knockoff_path,11,10,10,1.0122917609946938,1.0091380506696919,0.0012280854324024856,0.9090909090909091,1.0,0.9523809523809523,D2:knockoff_path,False,False,0.06479466601740569,
D2,29,xfit_objective,10,10,10,1.0091380506696919,1.0091380506696919,0.0,1.0,1.0,1.0,D2:xfit_objective,False,False,0.046576624969020486,
D2,29,gaussian_cv,10,10,10,1.0091380506696919,1.0091380506696919,0.0,1.0,1.0,1.0,D2:gaussian_cv,False,False,0.0484323330456391,
D2,29,k_posterior,11,10,10,1.0122917609946938,1.0091380506696919,0.0012280854324024856,0.9090909090909091,1.0,0.9523809523809523,D2:k_posterior,False,False,0.0004085409455001354,
D2,29,stability,10,10,10,1.0091380506696919,1.0091380506696919,0.0,1.0,1.0,1.0,D2:stability,False,False,0.12528199993539602,
D2,29,changepoint,75,10,10,1.053420175466405,1.0091380506696919,0.01724388950612947,0.13333333333333333,1.0,0.23529411764705882,D2:changepoint,False,False,0.0007798339938744903,
D2,29,consensus,10,10,10,1.0091380506696919,1.0091380506696919,0.0,1.0,1.0,1.0,D2:consensus,False,False,0.0477367501007393,
D3,0,elbow,9,28,8,1.1996171481394688,1.0915789567291858,0.05136430990653711,1.0,1.0,1.0,D3:elbow,False,False,0.00011150003410875797,
D3,0,penalized/bic,23,28,8,1.0950549703152803,1.0915789567291858,0.0016525918913013011,0.8,1.0,0.888888888888889,D3:penalized/bic,False,False,0.0003425420727580786,
D3,0,evaluate/time_holdout/best,50,28,8,1.103669359077744,1.0915789567291858,0.005748107822054475,0.25,1.0,0.4,D3:evaluate/time_holdout/best,False,False,0.01717875001486391,synthetic_time_holdout
D3,0,evaluate/one_se,21,28,8,1.0961620365029872,1.0915789567291858,0.0021789214235727055,0.8888888888888888,1.0,0.9411764705882353,D3:evaluate/one_se,False,False,0.07164066703990102,synthetic_group_cv
D3,0,fixed_k=50,50,28,8,1.103669359077744,1.0915789567291858,0.005748107822054475,0.25,1.0,0.4,D3:fixed_k=50,False,False,2.249958924949169e-06,
D3,0,oracle,28,28,8,1.0915789567291858,1.0915789567291858,0.0,0.6666666666666666,1.0,0.8,D3:oracle,False,False,0.0,
D3,0,penalized/ebic,22,28,8,1.0978121694463472,1.0915789567291858,0.0029634397386549723,0.8,1.0,0.888888888888889,D3:penalized/ebic,False,False,0.0003177920589223504,
D3,0,penalized/ric,21,28,8,1.0961620365029872,1.0915789567291858,0.0021789214235727055,0.8888888888888888,1.0,0.9411764705882353,D3:penalized/ric,False,False,0.0002740409690886736,
D3,0,chi2_stop,18,28,8,1.1037167307755937,1.0915789567291858,0.005770629622330756,1.0,1.0,1.0,D3:chi2_stop,False,False,0.0005182919558137655,
D3,0,forward_stop,22,28,8,1.0978121694463472,1.0915789567291858,0.0029634397386549723,0.8,1.0,0.888888888888889,D3:forward_stop,False,False,0.0005618330324068666,
D3,0,perm_gap,20,28,8,1.0993021799758234,1.0915789567291858,0.003671831480510187,0.8888888888888888,1.0,0.9411764705882353,D3:perm_gap,False,False,0.07250983302947134,
D3,0,knockoff_path,44,28,8,1.0863773807330679,1.0915789567291858,-0.002472971437039216,0.34782608695652173,1.0,0.5161290322580645,D3:knockoff_path,False,False,0.06269108410924673,
D3,0,xfit_objective,19,28,8,1.095681072032485,1.0915789567291858,0.0019502577649680372,1.0,1.0,1.0,D3:xfit_objective,False,False,0.043658790993504226,
D3,0,gaussian_cv,14,28,8,1.1276789318895037,1.0915789567291858,0.017162915146470836,1.0,1.0,1.0,D3:gaussian_cv,False,False,0.04258541692979634,
D3,0,k_posterior,22,28,8,1.0978121694463472,1.0915789567291858,0.0029634397386549723,0.8,1.0,0.888888888888889,D3:k_posterior,False,False,0.00038433296140283346,
D3,0,stability,1,28,8,2.8865324818553995,1.0915789567291858,0.8533699789761461,1.0,0.125,0.2222222222222222,D3:stability,False,False,0.12195054197218269,
D3,0,changepoint,66,28,8,1.10422269069224,1.0915789567291858,0.0060111767993953685,0.17391304347826086,1.0,0.29629629629629634,D3:changepoint,False,False,0.000767374993301928,exact_off_grid_k
D3,0,consensus,18,28,8,1.1037167307755937,1.0915789567291858,0.005770629622330756,1.0,1.0,1.0,D3:consensus,False,False,0.05167041707318276,
D3,1,elbow,9,25,8,1.1963782905789482,1.092594086701169,0.049645789006153136,1.0,1.0,1.0,D3:elbow,False,False,0.0001010410487651825,
D3,1,penalized/bic,21,25,8,1.1005721204246486,1.092594086701169,0.0038163397137610544,0.8888888888888888,1.0,0.9411764705882353,D3:penalized/bic,False,False,0.00032945803832262754,
D3,1,evaluate/time_holdout/best,50,25,8,1.1081832560430007,1.092594086701169,0.007457171544498153,0.24242424242424243,1.0,0.3902439024390244,D3:evaluate/time_holdout/best,False,False,0.015729542006738484,synthetic_time_holdout
D3,1,evaluate/one_se,21,25,8,1.1005721204246486,1.092594086701169,0.0038163397137610544,0.8888888888888888,1.0,0.9411764705882353,D3:evaluate/one_se,False,False,0.07410500000696629,synthetic_group_cv
D3,1,fixed_k=50,50,25,8,1.1081832560430007,1.092594086701169,0.007457171544498153,0.24242424242424243,1.0,0.3902439024390244,D3:fixed_k=50,False,False,2.0420411601662636e-06,
D3,1,oracle,25,25,8,1.092594086701169,1.092594086701169,0.0,0.8,1.0,0.888888888888889,D3:oracle,False,False,0.0,
D3,1,penalized/ebic,20,25,8,1.0986841874742137,1.092594086701169,0.0029132357980107128,1.0,1.0,1.0,D3:penalized/ebic,False,False,0.00032529199961572886,
D3,1,penalized/ric,20,25,8,1.0986841874742137,1.092594086701169,0.0029132357980107128,1.0,1.0,1.0,D3:penalized/ric,False,False,0.00025254092179238796,
D3,1,chi2_stop,18,25,8,1.1093135026098926,1.092594086701169,0.007997831688222169,1.0,1.0,1.0,D3:chi2_stop,False,False,0.0004946249537169933,
D3,1,forward_stop,20,25,8,1.0986841874742137,1.092594086701169,0.0029132357980107128,1.0,1.0,1.0,D3:forward_stop,False,False,0.0005162910092622042,
D3,1,perm_gap,20,25,8,1.0986841874742137,1.092594086701169,0.0029132357980107128,1.0,1.0,1.0,D3:perm_gap,False,False,0.07636070891749114,
D3,1,knockoff_path,0,25,8,3.183087680526742,1.092594086701169,1.0,0.0,0.0,0.0,D3:knockoff_path,True,False,0.038957249955274165,
D3,1,xfit_objective,21,25,8,1.1005721204246486,1.092594086701169,0.0038163397137610544,0.8888888888888888,1.0,0.9411764705882353,D3:xfit_objective,False,False,0.04885679099243134,
D3,1,gaussian_cv,14,25,8,1.1345975228583722,1.092594086701169,0.020092592620835337,1.0,1.0,1.0,D3:gaussian_cv,False,False,0.05174233310390264,
D3,1,k_posterior,20,25,8,1.0986841874742137,1.092594086701169,0.0029132357980107128,1.0,1.0,1.0,D3:k_posterior,False,False,0.00039908301550894976,
D3,1,stability,18,25,8,1.1093135026098926,1.092594086701169,0.007997831688222169,1.0,1.0,1.0,D3:stability,False,False,0.1210413749795407,
D3,1,changepoint,79,25,8,1.1144996464783592,1.092594086701169,0.010478654343591343,0.13333333333333333,1.0,0.23529411764705882,D3:changepoint,False,False,0.0008162499871104956,exact_off_grid_k
D3,1,consensus,18,25,8,1.1093135026098926,1.092594086701169,0.007997831688222169,1.0,1.0,1.0,D3:consensus,False,False,0.058212999952957034,
D3,2,elbow,9,21,8,1.1943844476480212,1.1319226711315622,0.03013946064453854,1.0,1.0,1.0,D3:elbow,False,False,9.74580179899931e-05,
D3,2,penalized/bic,18,21,8,1.138086065339262,1.1319226711315622,0.0029740008613234666,0.8888888888888888,1.0,0.9411764705882353,D3:penalized/bic,False,False,0.00034074997529387474,
D3,2,evaluate/time_holdout/best,26,21,8,1.13960969575545,1.1319226711315622,0.0037091928703663415,0.5333333333333333,1.0,0.6956521739130436,D3:evaluate/time_holdout/best,False,False,0.01605045795440674,synthetic_time_holdout
D3,2,evaluate/one_se,16,21,8,1.1376178279235531,1.1319226711315622,0.0027480639131590703,1.0,1.0,1.0,D3:evaluate/one_se,False,False,0.0697613749653101,synthetic_group_cv
D3,2,fixed_k=50,50,21,8,1.1556118477319728,1.1319226711315622,0.01143065480472623,0.20512820512820512,1.0,0.3404255319148936,D3:fixed_k=50,False,False,2.08395067602396e-06,
D3,2,oracle,21,21,8,1.1319226711315622,1.1319226711315622,0.0,0.8,1.0,0.888888888888889,D3:oracle,False,False,0.0,
D3,2,penalized/ebic,17,21,8,1.1407989590327101,1.1319226711315622,0.0042830438835780886,0.8888888888888888,1.0,0.9411764705882353,D3:penalized/ebic,False,False,0.00030741700902581215,
D3,2,penalized/ric,15,21,8,1.1409772756834102,1.1319226711315622,0.004369086387902728,1.0,1.0,1.0,D3:penalized/ric,False,False,0.0002479999093338847,
D3,2,chi2_stop,14,21,8,1.146085274463835,1.1319226711315622,0.006833831017354571,1.0,1.0,1.0,D3:chi2_stop,False,False,0.00048312509898096323,
D3,2,forward_stop,17,21,8,1.1407989590327101,1.1319226711315622,0.0042830438835780886,0.8888888888888888,1.0,0.9411764705882353,D3:forward_stop,False,False,0.0004886249080300331,
D3,2,perm_gap,14,21,8,1.146085274463835,1.1319226711315622,0.006833831017354571,1.0,1.0,1.0,D3:perm_gap,False,False,0.06915770890191197,
D3,2,knockoff_path,33,21,8,1.0729974682478953,1.1319226711315622,-0.02843297024726391,0.5333333333333333,1.0,0.6956521739130436,D3:knockoff_path,False,False,0.06535974994767457,
D3,2,xfit_objective,13,21,8,1.1509459804877535,1.1319226711315622,0.009179250345508976,1.0,1.0,1.0,D3:xfit_objective,False,False,0.04175741598010063,
D3,2,gaussian_cv,12,21,8,1.1572634490197835,1.1319226711315622,0.012227596146945718,1.0,1.0,1.0,D3:gaussian_cv,False,False,0.05590937496162951,
D3,2,k_posterior,17,21,8,1.1407989590327101,1.1319226711315622,0.0042830438835780886,0.8888888888888888,1.0,0.9411764705882353,D3:k_posterior,False,False,0.00039304094389081,
D3,2,stability,1,21,8,2.8968328374090118,1.1319226711315622,0.8516158755690916,1.0,0.125,0.2222222222222222,D3:stability,False,False,0.11939299991354346,
D3,2,changepoint,80,21,8,1.1637181156697747,1.1319226711315622,0.0153421436721792,0.11764705882352941,1.0,0.21052631578947367,D3:changepoint,False,False,0.0007833749987185001,
D3,2,consensus,14,21,8,1.146085274463835,1.1319226711315622,0.006833831017354571,1.0,1.0,1.0,D3:consensus,False,False,0.046286541037261486,
D3,3,elbow,9,18,8,1.1980016734517387,1.119860577198671,0.03729535441933316,1.0,1.0,1.0,D3:elbow,False,False,0.00010087492410093546,
D3,3,penalized/bic,19,18,8,1.121753099173813,1.119860577198671,0.0009032670540058673,0.8888888888888888,1.0,0.9411764705882353,D3:penalized/bic,False,False,0.0003375839442014694,
D3,3,evaluate/time_holdout/best,50,18,8,1.143072758050332,1.119860577198671,0.011078760770192911,0.22857142857142856,1.0,0.3720930232558139,D3:evaluate/time_holdout/best,False,False,0.016520790988579392,synthetic_time_holdout
D3,3,evaluate/one_se,40,18,8,1.1395299070011253,1.119860577198671,0.009387821023108431,0.3076923076923077,1.0,0.47058823529411764,D3:evaluate/one_se,False,False,0.06471591698937118,synthetic_group_cv
D3,3,fixed_k=50,50,18,8,1.143072758050332,1.119860577198671,0.011078760770192911,0.22857142857142856,1.0,0.3720930232558139,D3:fixed_k=50,False,False,2.334010787308216e-06,
D3,3,oracle,18,18,8,1.119860577198671,1.119860577198671,0.0,1.0,1.0,1.0,D3:oracle,False,False,0.0,
D3,3,penalized/ebic,18,18,8,1.119860577198671,1.119860577198671,0.0,1.0,1.0,1.0,D3:penalized/ebic,False,False,0.0003380000125616789,
D3,3,penalized/ric,17,18,8,1.1254038059325122,1.119860577198671,0.0026456844115227717,1.0,1.0,1.0,D3:penalized/ric,False,False,0.00025954097509384155,
D3,3,chi2_stop,15,18,8,1.1348273281715988,1.119860577198671,0.007143363848307036,1.0,1.0,1.0,D3:chi2_stop,False,False,0.000506708980537951,
D3,3,forward_stop,18,18,8,1.119860577198671,1.119860577198671,0.0,1.0,1.0,1.0,D3:forward_stop,False,False,0.0005101659335196018,
D3,3,perm_gap,18,18,8,1.119860577198671,1.119860577198671,0.0,1.0,1.0,1.0,D3:perm_gap,False,False,0.06799308396875858,
D3,3,knockoff_path,0,18,8,3.2150570827602585,1.119860577198671,1.0,0.0,0.0,0.0,D3:knockoff_path,True,False,0.06452933303080499,
D3,3,xfit_objective,13,18,8,1.1483939240028853,1.119860577198671,0.013618458568670826,1.0,1.0,1.0,D3:xfit_objective,False,False,0.0407603329513222,
D3,3,gaussian_cv,11,18,8,1.1761396210628998,1.119860577198671,0.0268609859337008,1.0,1.0,1.0,D3:gaussian_cv,False,False,0.04492666700389236,
D3,3,k_posterior,18,18,8,1.119860577198671,1.119860577198671,0.0,1.0,1.0,1.0,D3:k_posterior,False,False,0.00039379193913191557,
D3,3,stability,1,18,8,2.912696216406243,1.119860577198671,0.8556885401672756,1.0,0.125,0.2222222222222222,D3:stability,False,False,0.12150170805398375,
D3,3,changepoint,68,18,8,1.150128397271182,1.119860577198671,0.01444629178798587,0.15384615384615385,1.0,0.2666666666666667,D3:changepoint,False,False,0.0008441249374300241,exact_off_grid_k
D3,3,consensus,15,18,8,1.1348273281715988,1.119860577198671,0.007143363848307036,1.0,1.0,1.0,D3:consensus,False,False,0.04816804104484618,
D3,4,elbow,9,18,8,1.1881122051500286,1.1144510006170725,0.03560142064710474,1.0,1.0,1.0,D3:elbow,False,False,0.00011737493332475424,
D3,4,penalized/bic,18,18,8,1.1144510006170725,1.1144510006170725,0.0,1.0,1.0,1.0,D3:penalized/bic,False,False,0.00038700003642588854,
D3,4,evaluate/time_holdout/best,26,18,8,1.1225563561636016,1.1144510006170725,0.003917424024436422,0.5333333333333333,1.0,0.6956521739130436,D3:evaluate/time_holdout/best,False,False,0.01699454104527831,synthetic_time_holdout
D3,4,evaluate/one_se,21,18,8,1.1190635657792363,1.1144510006170725,0.0022293128878567913,0.7272727272727273,1.0,0.8421052631578948,D3:evaluate/one_se,False,False,0.07013729203026742,synthetic_group_cv
D3,4,fixed_k=50,50,18,8,1.1359512317047953,1.1144510006170725,0.010391342034347535,0.21621621621621623,1.0,0.35555555555555557,D3:fixed_k=50,False,False,2.0830193534493446e-06,
D3,4,oracle,18,18,8,1.1144510006170725,1.1144510006170725,0.0,1.0,1.0,1.0,D3:oracle,False,False,0.0,
D3,4,penalized/ebic,17,18,8,1.1191041741620387,1.1144510006170725,0.0022489394487732644,1.0,1.0,1.0,D3:penalized/ebic,False,False,0.0003137500025331974,
D3,4,penalized/ric,16,18,8,1.1216884006202308,1.1144510006170725,0.0034979297927244467,1.0,1.0,1.0,D3:penalized/ric,False,False,0.00025450007524341345,
D3,4,chi2_stop,14,18,8,1.131066194280392,1.1144510006170725,0.008030339749281391,1.0,1.0,1.0,D3:chi2_stop,False,False,0.0005040830001235008,
D3,4,forward_stop,17,18,8,1.1191041741620387,1.1144510006170725,0.0022489394487732644,1.0,1.0,1.0,D3:forward_stop,False,False,0.0005095830420032144,
D3,4,perm_gap,14,18,8,1.131066194280392,1.1144510006170725,0.008030339749281391,1.0,1.0,1.0,D3:perm_gap,False,False,0.07383350003510714,
D3,4,knockoff_path,20,18,8,1.0938940094255363,1.1144510006170725,-0.009935461893258519,1.0,1.0,1.0,D3:knockoff_path,False,False,0.038170000072568655,
D3,4,xfit_objective,14,18,8,1.131066194280392,1.1144510006170725,0.008030339749281391,1.0,1.0,1.0,D3:xfit_objective,False,False,0.05385258293244988,
D3,4,gaussian_cv,11,18,8,1.1693384989768445,1.1144510006170725,0.026527843656144134,1.0,1.0,1.0,D3:gaussian_cv,False,False,0.04972695803735405,
D3,4,k_posterior,17,18,8,1.1191041741620387,1.1144510006170725,0.0022489394487732644,1.0,1.0,1.0,D3:k_posterior,False,False,0.0003884590696543455,
D3,4,stability,1,18,8,2.881055077092814,1.1144510006170725,0.8538227855799477,1.0,0.125,0.2222222222222222,D3:stability,False,False,0.12119637499563396,
D3,4,changepoint,64,18,8,1.1411923551801457,1.1144510006170725,0.01292444535097719,0.16,1.0,0.2758620689655173,D3:changepoint,False,False,0.0009133330313488841,exact_off_grid_k
D3,4,consensus,14,18,8,1.131066194280392,1.1144510006170725,0.008030339749281391,1.0,1.0,1.0,D3:consensus,False,False,0.054395834100432694,
D3,5,elbow,9,13,8,1.2029421704403358,1.1629821044762947,0.01943266292546612,1.0,1.0,1.0,D3:elbow,False,False,0.00010429206304252148,
D3,5,penalized/bic,15,13,8,1.1679775614988637,1.1629821044762947,0.002429301106899839,0.8,1.0,0.888888888888889,D3:penalized/bic,False,False,0.00033604202326387167,
D3,5,evaluate/time_holdout/best,50,13,8,1.1922154655331998,1.1629821044762947,0.014216244089999382,0.18181818181818182,1.0,0.3076923076923077,D3:evaluate/time_holdout/best,False,False,0.016277541988529265,synthetic_time_holdout
D3,5,evaluate/one_se,11,13,8,1.1732678287147342,1.1629821044762947,0.00500196902201707,1.0,1.0,1.0,D3:evaluate/one_se,False,False,0.07173258403781801,synthetic_group_cv
D3,5,fixed_k=50,50,13,8,1.1922154655331998,1.1629821044762947,0.014216244089999382,0.18181818181818182,1.0,0.3076923076923077,D3:fixed_k=50,False,False,2.625049091875553e-06,
D3,5,oracle,13,13,8,1.1629821044762947,1.1629821044762947,0.0,1.0,1.0,1.0,D3:oracle,False,False,0.0,
D3,5,penalized/ebic,15,13,8,1.1679775614988637,1.1629821044762947,0.002429301106899839,0.8,1.0,0.888888888888889,D3:penalized/ebic,False,False,0.00037045800127089024,
D3,5,penalized/ric,13,13,8,1.1629821044762947,1.1629821044762947,0.0,1.0,1.0,1.0,D3:penalized/ric,False,False,0.00025641603861004114,
D3,5,chi2_stop,12,13,8,1.1694822140202976,1.1629821044762947,0.0031610167475919805,1.0,1.0,1.0,D3:chi2_stop,False,False,0.0005805420223623514,
D3,5,forward_stop,14,13,8,1.1659326908216712,1.1629821044762947,0.0014348762570557492,0.8888888888888888,1.0,0.9411764705882353,D3:forward_stop,False,False,0.0005548750050365925,
D3,5,perm_gap,13,13,8,1.1629821044762947,1.1629821044762947,0.0,1.0,1.0,1.0,D3:perm_gap,False,False,0.06892362504731864,
D3,5,knockoff_path,32,13,8,1.0921525746764338,1.1629821044762947,-0.034444547188899596,0.5,1.0,0.6666666666666666,D3:knockoff_path,False,False,0.03608158300630748,
D3,5,xfit_objective,16,13,8,1.169856100883798,1.1629821044762947,0.003342838704472647,0.7272727272727273,1.0,0.8421052631578948,D3:xfit_objective,False,False,0.0407786670839414,
D3,5,gaussian_cv,11,13,8,1.1732678287147342,1.1629821044762947,0.00500196902201707,1.0,1.0,1.0,D3:gaussian_cv,False,False,0.041662416071631014,
D3,5,k_posterior,15,13,8,1.1679775614988637,1.1629821044762947,0.002429301106899839,0.8,1.0,0.888888888888889,D3:k_posterior,False,False,0.00039954204112291336,
D3,5,stability,1,13,8,2.919882495198972,1.1629821044762947,0.8543843024998062,1.0,0.125,0.2222222222222222,D3:stability,False,False,0.12117979198228568,
D3,5,changepoint,75,13,8,1.1958929872926405,1.1629821044762947,0.016004630546032426,0.11764705882352941,1.0,0.21052631578947367,D3:changepoint,False,False,0.0007516669575124979,
D3,5,consensus,12,13,8,1.1694822140202976,1.1629821044762947,0.0031610167475919805,1.0,1.0,1.0,D3:consensus,False,False,0.05039412504993379,
D3,6,elbow,9,13,8,1.2099020852270093,1.1698027987310926,0.019562771424607054,1.0,1.0,1.0,D3:elbow,False,False,0.0001089159632101655,
D3,6,penalized/bic,13,13,8,1.1698027987310926,1.1698027987310926,0.0,1.0,1.0,1.0,D3:penalized/bic,False,False,0.0003737499937415123,
D3,6,evaluate/time_holdout/best,26,13,8,1.1815791999930285,1.1698027987310926,0.005745215594176869,0.4,1.0,0.5714285714285715,D3:evaluate/time_holdout/best,False,False,0.015925833024084568,synthetic_time_holdout
D3,6,evaluate/one_se,26,13,8,1.1815791999930285,1.1698027987310926,0.005745215594176869,0.4,1.0,0.5714285714285715,D3:evaluate/one_se,False,False,0.06682758289389312,synthetic_group_cv
D3,6,fixed_k=50,50,13,8,1.1989644917734554,1.1698027987310926,0.014226775217070027,0.18181818181818182,1.0,0.3076923076923077,D3:fixed_k=50,False,False,2.374988980591297e-06,
D3,6,oracle,13,13,8,1.1698027987310926,1.1698027987310926,0.0,1.0,1.0,1.0,D3:oracle,False,False,0.0,
D3,6,penalized/ebic,13,13,8,1.1698027987310926,1.1698027987310926,0.0,1.0,1.0,1.0,D3:penalized/ebic,False,False,0.00034737493842840195,
D3,6,penalized/ric,13,13,8,1.1698027987310926,1.1698027987310926,0.0,1.0,1.0,1.0,D3:penalized/ric,False,False,0.000284791924059391,
D3,6,chi2_stop,13,13,8,1.1698027987310926,1.1698027987310926,0.0,1.0,1.0,1.0,D3:chi2_stop,False,False,0.0004993330221623182,
D3,6,forward_stop,13,13,8,1.1698027987310926,1.1698027987310926,0.0,1.0,1.0,1.0,D3:forward_stop,False,False,0.0004969580331817269,
D3,6,perm_gap,13,13,8,1.1698027987310926,1.1698027987310926,0.0,1.0,1.0,1.0,D3:perm_gap,False,False,0.06401058298069984,
D3,6,knockoff_path,22,13,8,1.1035597767806014,1.1698027987310926,-0.032317210856723115,0.8888888888888888,1.0,0.9411764705882353,D3:knockoff_path,False,False,0.0628371249185875,
D3,6,xfit_objective,19,13,8,1.1745793038240782,1.1698027987310926,0.0023302578551382216,0.6153846153846154,1.0,0.761904761904762,D3:xfit_objective,False,False,0.044119458994828165,
D3,6,gaussian_cv,11,13,8,1.1828846463347413,1.1698027987310926,0.00638208848199291,1.0,1.0,1.0,D3:gaussian_cv,False,False,0.04430566693190485,
D3,6,k_posterior,13,13,8,1.1698027987310926,1.1698027987310926,0.0,1.0,1.0,1.0,D3:k_posterior,False,False,0.00037816702388226986,
D3,6,stability,1,13,8,2.8979863481696726,1.1698027987310926,0.84310876107174,1.0,0.125,0.2222222222222222,D3:stability,False,False,0.11694337497465312,
D3,6,changepoint,80,13,8,1.2147820978459316,1.1698027987310926,0.021943526289731584,0.10810810810810811,1.0,0.1951219512195122,D3:changepoint,False,False,0.0008164580212906003,
D3,6,consensus,13,13,8,1.1698027987310926,1.1698027987310926,0.0,1.0,1.0,1.0,D3:consensus,False,False,0.04506679100450128,
D3,7,elbow,9,23,8,1.191656296843151,1.0988219241139234,0.04435500361934142,1.0,1.0,1.0,D3:elbow,False,False,0.00010999990627169609,
D3,7,penalized/bic,25,23,8,1.1037366019011055,1.0988219241139234,0.002348166359395502,0.6666666666666666,1.0,0.8,D3:penalized/bic,False,False,0.00034775002859532833,
D3,7,evaluate/time_holdout/best,75,23,8,1.121146945355793,1.0988219241139234,0.010666592220892319,0.14545454545454545,1.0,0.25396825396825395,D3:evaluate/time_holdout/best,False,False,0.016352958045899868,synthetic_time_holdout
D3,7,evaluate/one_se,26,23,8,1.1059708664102208,1.0988219241139234,0.0034156676250896995,0.6153846153846154,1.0,0.761904761904762,D3:evaluate/one_se,False,False,0.06873020902276039,synthetic_group_cv
D3,7,fixed_k=50,50,23,8,1.1103002065412566,1.0988219241139234,0.005484167594832007,0.25806451612903225,1.0,0.41025641025641024,D3:fixed_k=50,False,False,2.0420411601662636e-06,
D3,7,oracle,23,23,8,1.0988219241139234,1.0988219241139234,0.0,0.8,1.0,0.888888888888889,D3:oracle,False,False,0.0,
D3,7,penalized/ebic,20,23,8,1.0992739864759227,1.0988219241139234,0.00021598926252378766,1.0,1.0,1.0,D3:penalized/ebic,False,False,0.00031462509650737047,
D3,7,penalized/ric,18,23,8,1.108832870350266,1.0988219241139234,0.004783094273078491,1.0,1.0,1.0,D3:penalized/ric,False,False,0.00025208399165421724,
D3,7,chi2_stop,18,23,8,1.108832870350266,1.0988219241139234,0.004783094273078491,1.0,1.0,1.0,D3:chi2_stop,False,False,0.000497999950312078,
D3,7,forward_stop,20,23,8,1.0992739864759227,1.0988219241139234,0.00021598926252378766,1.0,1.0,1.0,D3:forward_stop,False,False,0.0006416250253096223,
D3,7,perm_gap,14,23,8,1.1305908538140972,1.0988219241139234,0.015178763537766348,1.0,1.0,1.0,D3:perm_gap,False,False,0.06963187491055578,
D3,7,knockoff_path,39,23,8,1.089633842883677,1.0988219241139234,-0.00438994053863068,0.42105263157894735,1.0,0.5925925925925926,D3:knockoff_path,False,False,0.06203958403784782,
D3,7,xfit_objective,16,23,8,1.1201896520657488,1.0988219241139234,0.010209210476433025,1.0,1.0,1.0,D3:xfit_objective,False,False,0.04741145798470825,
D3,7,gaussian_cv,12,23,8,1.1529480509552348,1.0988219241139234,0.0258607289667338,1.0,1.0,1.0,D3:gaussian_cv,False,False,0.04640791704878211,
D3,7,k_posterior,20,23,8,1.0992739864759227,1.0988219241139234,0.00021598926252378766,1.0,1.0,1.0,D3:k_posterior,False,False,0.0003857499687001109,
D3,7,stability,1,23,8,2.880845664077042,1.0988219241139234,0.8514267626535201,1.0,0.125,0.2222222222222222,D3:stability,False,False,0.1238237499492243,
D3,7,changepoint,65,23,8,1.1159815799542478,1.0988219241139234,0.008198650720937289,0.17777777777777778,1.0,0.3018867924528302,D3:changepoint,False,False,0.000755749992094934,
D3,7,consensus,18,23,8,1.108832870350266,1.0988219241139234,0.004783094273078491,1.0,1.0,1.0,D3:consensus,False,False,0.052739207982085645,
D3,8,elbow,9,28,8,1.1932393559745895,1.0848321604001385,0.05163545596883506,1.0,1.0,1.0,D3:elbow,False,False,0.00014595803804695606,
D3,8,penalized/bic,23,28,8,1.0945279557967709,1.0848321604001385,0.0046182065095652525,0.8,1.0,0.888888888888889,D3:penalized/bic,False,False,0.000344207976013422,
D3,8,evaluate/time_holdout/best,75,28,8,1.1074426106821016,1.0848321604001385,0.0107695887139524,0.14285714285714285,1.0,0.25,D3:evaluate/time_holdout/best,False,False,0.017497500055469573,synthetic_time_holdout
D3,8,evaluate/one_se,26,28,8,1.0906811798337408,1.0848321604001385,0.002785947776106931,0.7272727272727273,1.0,0.8421052631578948,D3:evaluate/one_se,False,False,0.07009158306755126,synthetic_group_cv
D3,8,fixed_k=50,50,28,8,1.096555925730341,1.0848321604001385,0.005584149329652932,0.25806451612903225,1.0,0.41025641025641024,D3:fixed_k=50,False,False,2.125045284628868e-06,
D3,8,oracle,28,28,8,1.0848321604001385,1.0848321604001385,0.0,0.7272727272727273,1.0,0.8421052631578948,D3:oracle,False,False,0.0,
D3,8,penalized/ebic,20,28,8,1.0940757235902125,1.0848321604001385,0.004402803684451172,1.0,1.0,1.0,D3:penalized/ebic,False,False,0.00029695802368223667,
D3,8,penalized/ric,19,28,8,1.0971809058582056,1.0848321604001385,0.005881833756436086,1.0,1.0,1.0,D3:penalized/ric,False,False,0.00024800002574920654,
D3,8,chi2_stop,18,28,8,1.1022867425195138,1.0848321604001385,0.008313795977320019,1.0,1.0,1.0,D3:chi2_stop,False,False,0.00047445797827094793,
D3,8,forward_stop,20,28,8,1.0940757235902125,1.0848321604001385,0.004402803684451172,1.0,1.0,1.0,D3:forward_stop,False,False,0.0004934580065310001,
D3,8,perm_gap,19,28,8,1.0971809058582056,1.0848321604001385,0.005881833756436086,1.0,1.0,1.0,D3:perm_gap,False,False,0.08255125000141561,
D3,8,knockoff_path,32,28,8,1.097615831536814,1.0848321604001385,0.006088993305287993,0.47058823529411764,1.0,0.6399999999999999,D3:knockoff_path,False,False,0.03249841707292944,
D3,8,xfit_objective,29,28,8,1.085839804340888,1.0848321604001385,0.0004799511144912395,0.6666666666666666,1.0,0.8,D3:xfit_objective,False,False,0.04304787493310869,
D3,8,gaussian_cv,29,28,8,1.085839804340888,1.0848321604001385,0.0004799511144912395,0.6666666666666666,1.0,0.8,D3:gaussian_cv,False,False,0.0527312500635162,
D3,8,k_posterior,20,28,8,1.0940757235902125,1.0848321604001385,0.004402803684451172,1.0,1.0,1.0,D3:k_posterior,False,False,0.0003753340570256114,
D3,8,stability,1,28,8,2.875531067908291,1.0848321604001385,0.8529282037240498,1.0,0.125,0.2222222222222222,D3:stability,False,False,0.12845912505872548,
D3,8,changepoint,75,28,8,1.1074426106821016,1.0848321604001385,0.0107695887139524,0.14285714285714285,1.0,0.25,D3:changepoint,False,False,0.0007606250001117587,
D3,8,consensus,20,28,8,1.0940757235902125,1.0848321604001385,0.004402803684451172,1.0,1.0,1.0,D3:consensus,False,False,0.04466370807494968,
D3,9,elbow,9,19,8,1.1916361108476476,1.1077899009698369,0.04028034134534405,1.0,1.0,1.0,D3:elbow,False,False,0.0001497500343248248,
D3,9,penalized/bic,19,19,8,1.1077899009698369,1.1077899009698369,0.0,1.0,1.0,1.0,D3:penalized/bic,False,False,0.0004189159953966737,
D3,9,evaluate/time_holdout/best,50,19,8,1.1391916605304888,1.1077899009698369,0.015085638286939668,0.21052631578947367,1.0,0.34782608695652173,D3:evaluate/time_holdout/best,False,False,0.01997366698924452,synthetic_time_holdout
D3,9,evaluate/one_se,21,19,8,1.1119211082438858,1.1077899009698369,0.0019846626270831227,0.8,1.0,0.888888888888889,D3:evaluate/one_se,False,False,0.11237308301497251,synthetic_group_cv
D3,9,fixed_k=50,50,19,8,1.1391916605304888,1.1077899009698369,0.015085638286939668,0.21052631578947367,1.0,0.34782608695652173,D3:fixed_k=50,False,False,2.9159709811210632e-06,
D3,9,oracle,19,19,8,1.1077899009698369,1.1077899009698369,0.0,1.0,1.0,1.0,D3:oracle,False,False,0.0,
D3,9,penalized/ebic,18,19,8,1.1110751840458255,1.1077899009698369,0.0015782743657674222,1.0,1.0,1.0,D3:penalized/ebic,False,False,0.000487874960526824,
D3,9,penalized/ric,17,19,8,1.11398803489006,1.1077899009698369,0.0029776295240366204,1.0,1.0,1.0,D3:penalized/ric,False,False,0.0003526249201968312,
D3,9,chi2_stop,17,19,8,1.11398803489006,1.1077899009698369,0.0029776295240366204,1.0,1.0,1.0,D3:chi2_stop,False,False,0.001015624962747097,
D3,9,forward_stop,18,19,8,1.1110751840458255,1.1077899009698369,0.0015782743657674222,1.0,1.0,1.0,D3:forward_stop,False,False,0.0008082499261945486,
D3,9,perm_gap,15,19,8,1.1251214365133972,1.1077899009698369,0.008326198271227126,1.0,1.0,1.0,D3:perm_gap,False,False,0.083727709017694,
D3,9,knockoff_path,47,19,8,1.091860664123662,1.1077899009698369,-0.007652523572261831,0.3076923076923077,1.0,0.47058823529411764,D3:knockoff_path,False,False,0.03309758298564702,
D3,9,xfit_objective,16,19,8,1.1195933299617928,1.1077899009698369,0.005670454866527479,1.0,1.0,1.0,D3:xfit_objective,False,False,0.056655041058547795,
D3,9,gaussian_cv,14,19,8,1.1314524085429352,1.1077899009698369,0.011367644208607537,1.0,1.0,1.0,D3:gaussian_cv,False,False,0.06467229104600847,
D3,9,k_posterior,18,19,8,1.1110751840458255,1.1077899009698369,0.0015782743657674222,1.0,1.0,1.0,D3:k_posterior,False,False,0.00043941603507846594,
D3,9,stability,3,19,8,2.3259123960124253,1.1077899009698369,0.5851950848137579,1.0,0.375,0.5454545454545454,D3:stability,False,False,0.12775745801627636,
D3,9,changepoint,72,19,8,1.1475403882877824,1.1077899009698369,0.019096429047228164,0.13559322033898305,1.0,0.23880597014925373,D3:changepoint,False,False,0.0007483330555260181,exact_off_grid_k
D3,9,consensus,17,19,8,1.11398803489006,1.1077899009698369,0.0029776295240366204,1.0,1.0,1.0,D3:consensus,False,False,0.0478396249236539,
D3,10,elbow,9,20,8,1.202072634602702,1.1367808688008283,0.03167320955056437,1.0,1.0,1.0,D3:elbow,False,False,0.00010979198850691319,
D3,10,penalized/bic,18,20,8,1.1440483039358254,1.1367808688008283,0.0035254521469733377,0.8,1.0,0.888888888888889,D3:penalized/bic,False,False,0.00033475004602223635,
D3,10,evaluate/time_holdout/best,50,20,8,1.1479416910463256,1.1367808688008283,0.005414144607620524,0.21052631578947367,1.0,0.34782608695652173,D3:evaluate/time_holdout/best,False,False,0.014225458027794957,synthetic_time_holdout
D3,10,evaluate/one_se,16,20,8,1.144869179794371,1.1367808688008283,0.003923661213053954,0.8888888888888888,1.0,0.9411764705882353,D3:evaluate/one_se,False,False,0.07025758305098861,synthetic_group_cv
D3,10,fixed_k=50,50,20,8,1.1479416910463256,1.1367808688008283,0.005414144607620524,0.21052631578947367,1.0,0.34782608695652173,D3:fixed_k=50,False,False,2.0419247448444366e-06,
D3,10,oracle,20,20,8,1.1367808688008283,1.1367808688008283,0.0,0.8,1.0,0.888888888888889,D3:oracle,False,False,0.0,
D3,10,penalized/ebic,16,20,8,1.144869179794371,1.1367808688008283,0.003923661213053954,0.8888888888888888,1.0,0.9411764705882353,D3:penalized/ebic,False,False,0.0003000840079039335,
D3,10,penalized/ric,15,20,8,1.1415146505317686,1.1367808688008283,0.0022963701301275392,1.0,1.0,1.0,D3:penalized/ric,False,False,0.00024449999909847975,
D3,10,chi2_stop,15,20,8,1.1415146505317686,1.1367808688008283,0.0022963701301275392,1.0,1.0,1.0,D3:chi2_stop,False,False,0.0004740410950034857,
D3,10,forward_stop,16,20,8,1.144869179794371,1.1367808688008283,0.003923661213053954,0.8888888888888888,1.0,0.9411764705882353,D3:forward_stop,False,False,0.0004961669910699129,
D3,10,perm_gap,14,20,8,1.1465737271769523,1.1367808688008283,0.004750541689853844,1.0,1.0,1.0,D3:perm_gap,False,False,0.06889879098162055,
D3,10,knockoff_path,32,20,8,1.0766626169428075,1.1367808688008283,-0.029163524152352686,0.6666666666666666,1.0,0.8,D3:knockoff_path,False,False,0.06465600000228733,
D3,10,xfit_objective,13,20,8,1.152608113146154,1.1367808688008283,0.007677838401226129,1.0,1.0,1.0,D3:xfit_objective,False,False,0.03917120792903006,
D3,10,gaussian_cv,12,20,8,1.1597249592937213,1.1367808688008283,0.011130239429175591,1.0,1.0,1.0,D3:gaussian_cv,False,False,0.044569042045623064,
D3,10,k_posterior,16,20,8,1.144869179794371,1.1367808688008283,0.003923661213053954,0.8888888888888888,1.0,0.9411764705882353,D3:k_posterior,False,False,0.00038599991239607334,
D3,10,stability,13,20,8,1.152608113146154,1.1367808688008283,0.007677838401226129,1.0,1.0,1.0,D3:stability,False,False,0.11899362504482269,
D3,10,changepoint,80,20,8,1.1554397388605777,1.1367808688008283,0.00905146757973324,0.11940298507462686,1.0,0.21333333333333335,D3:changepoint,False,False,0.0007524590473622084,
D3,10,consensus,15,20,8,1.1415146505317686,1.1367808688008283,0.0022963701301275392,1.0,1.0,1.0,D3:consensus,False,False,0.04505700001027435,
D3,11,elbow,9,20,8,1.2035281272639786,1.0955083601145217,0.05095473968247232,1.0,1.0,1.0,D3:elbow,False,False,0.00010833295527845621,
D3,11,penalized/bic,21,20,8,1.0977249261249449,1.0955083601145217,0.001045591441554018,0.8888888888888888,1.0,0.9411764705882353,D3:penalized/bic,False,False,0.0003529998939484358,
D3,11,evaluate/time_holdout/best,26,20,8,1.1018119524721923,1.0955083601145217,0.0029735104613317453,0.6153846153846154,1.0,0.761904761904762,D3:evaluate/time_holdout/best,False,False,0.015349333989433944,synthetic_time_holdout
D3,11,evaluate/one_se,21,20,8,1.0977249261249449,1.0955083601145217,0.001045591441554018,0.8888888888888888,1.0,0.9411764705882353,D3:evaluate/one_se,False,False,0.07107724994421005,synthetic_group_cv
D3,11,fixed_k=50,50,20,8,1.108938230121931,1.0955083601145217,0.0063350954020310254,0.22857142857142856,1.0,0.3720930232558139,D3:fixed_k=50,False,False,2.0420411601662636e-06,
D3,11,oracle,20,20,8,1.0955083601145217,1.0955083601145217,0.0,1.0,1.0,1.0,D3:oracle,False,False,0.0,
D3,11,penalized/ebic,20,20,8,1.0955083601145217,1.0955083601145217,0.0,1.0,1.0,1.0,D3:penalized/ebic,False,False,0.00031812500674277544,
D3,11,penalized/ric,20,20,8,1.0955083601145217,1.0955083601145217,0.0,1.0,1.0,1.0,D3:penalized/ric,False,False,0.00024987489450722933,
D3,11,chi2_stop,20,20,8,1.0955083601145217,1.0955083601145217,0.0,1.0,1.0,1.0,D3:chi2_stop,False,False,0.000484999967738986,
D3,11,forward_stop,21,20,8,1.0977249261249449,1.0955083601145217,0.001045591441554018,0.8888888888888888,1.0,0.9411764705882353,D3:forward_stop,False,False,0.0004988750442862511,
D3,11,perm_gap,20,20,8,1.0955083601145217,1.0955083601145217,0.0,1.0,1.0,1.0,D3:perm_gap,False,False,0.06633433292154223,
D3,11,knockoff_path,25,20,8,1.105653319792064,1.0955083601145217,0.004785547989037141,0.6666666666666666,1.0,0.8,D3:knockoff_path,False,False,0.058981416979804635,
D3,11,xfit_objective,15,20,8,1.1235112973430512,1.0955083601145217,0.013209456143800887,1.0,1.0,1.0,D3:xfit_objective,False,False,0.04510450002271682,
D3,11,gaussian_cv,13,20,8,1.1386253508493294,1.0955083601145217,0.020339009208785744,1.0,1.0,1.0,D3:gaussian_cv,False,False,0.04596870893146843,
D3,11,k_posterior,20,20,8,1.0955083601145217,1.0955083601145217,0.0,1.0,1.0,1.0,D3:k_posterior,False,False,0.0004672909853979945,
D3,11,stability,1,20,8,2.916064450092596,1.0955083601145217,0.8587869062319008,1.0,0.125,0.2222222222222222,D3:stability,False,False,0.11978670896496624,
D3,11,changepoint,80,20,8,1.116407556010523,1.0955083601145217,0.009858501962703962,0.125,1.0,0.2222222222222222,D3:changepoint,False,False,0.0007774169789627194,
D3,11,consensus,20,20,8,1.0955083601145217,1.0955083601145217,0.0,1.0,1.0,1.0,D3:consensus,False,False,0.044137791031971574,
D3,12,elbow,9,19,8,1.1913909849445483,1.0966058542458221,0.04493980523510107,1.0,1.0,1.0,D3:elbow,False,False,0.0001094999024644494,
D3,12,penalized/bic,21,19,8,1.1022867155145726,1.0966058542458221,0.0026934266704419407,0.8,1.0,0.888888888888889,D3:penalized/bic,False,False,0.0003564161015674472,
D3,12,evaluate/time_holdout/best,50,19,8,1.115048777473544,1.0966058542458221,0.008744213060739938,0.22857142857142856,1.0,0.3720930232558139,D3:evaluate/time_holdout/best,False,False,0.015883624902926385,synthetic_time_holdout
D3,12,evaluate/one_se,21,19,8,1.1022867155145726,1.0966058542458221,0.0026934266704419407,0.8,1.0,0.888888888888889,D3:evaluate/one_se,False,False,0.06704145902767777,synthetic_group_cv
D3,12,fixed_k=50,50,19,8,1.115048777473544,1.0966058542458221,0.008744213060739938,0.22857142857142856,1.0,0.3720930232558139,D3:fixed_k=50,False,False,2.6669586077332497e-06,
D3,12,oracle,19,19,8,1.0966058542458221,1.0966058542458221,0.0,1.0,1.0,1.0,D3:oracle,False,False,0.0,
D3,12,penalized/ebic,21,19,8,1.1022867155145726,1.0966058542458221,0.0026934266704419407,0.8,1.0,0.888888888888889,D3:penalized/ebic,False,False,0.00031937495805323124,
D3,12,penalized/ric,16,19,8,1.1107544937604017,1.0966058542458221,0.006708194623351461,1.0,1.0,1.0,D3:penalized/ric,False,False,0.0002472910564392805,
D3,12,chi2_stop,16,19,8,1.1107544937604017,1.0966058542458221,0.006708194623351461,1.0,1.0,1.0,D3:chi2_stop,False,False,0.0004932910669595003,
D3,12,forward_stop,18,19,8,1.0993905720256805,1.0966058542458221,0.0013202985926065566,1.0,1.0,1.0,D3:forward_stop,False,False,0.0005095000378787518,
D3,12,perm_gap,16,19,8,1.1107544937604017,1.0966058542458221,0.006708194623351461,1.0,1.0,1.0,D3:perm_gap,False,False,0.06795754202175885,
D3,12,knockoff_path,30,19,8,1.0828113216884627,1.0966058542458221,-0.006540304390225665,0.6153846153846154,1.0,0.761904761904762,D3:knockoff_path,False,False,0.0660844590747729,
D3,12,xfit_objective,14,19,8,1.12199762836011,1.0966058542458221,0.012038822702020249,1.0,1.0,1.0,D3:xfit_objective,False,False,0.043339625000953674,
D3,12,gaussian_cv,12,19,8,1.141915430862805,1.0966058542458221,0.02148230986697858,1.0,1.0,1.0,D3:gaussian_cv,False,False,0.046131083043292165,
D3,12,k_posterior,21,19,8,1.1022867155145726,1.0966058542458221,0.0026934266704419407,0.8,1.0,0.888888888888889,D3:k_posterior,False,False,0.000417709001339972,
D3,12,stability,1,19,8,2.9156491096835766,1.0966058542458221,0.8624501439305974,1.0,0.125,0.2222222222222222,D3:stability,False,False,0.12443970807362348,
D3,12,changepoint,71,19,8,1.1216335071052541,1.0966058542458221,0.011866184460615076,0.14285714285714285,1.0,0.25,D3:changepoint,False,False,0.0007665409939363599,exact_off_grid_k
D3,12,consensus,16,19,8,1.1107544937604017,1.0966058542458221,0.006708194623351461,1.0,1.0,1.0,D3:consensus,False,False,0.04405791696626693,
D3,13,elbow,10,28,8,1.181980184095555,1.10742914340214,0.035833954290761846,1.0,1.0,1.0,D3:elbow,False,False,0.00010704097803682089,
D3,13,penalized/bic,19,28,8,1.1116751746656786,1.10742914340214,0.0020409116868066444,0.8888888888888888,1.0,0.9411764705882353,D3:penalized/bic,False,False,0.0003427080810070038,
D3,13,evaluate/time_holdout/best,40,28,8,1.1163155496593942,1.10742914340214,0.004271369959020769,0.3076923076923077,1.0,0.47058823529411764,D3:evaluate/time_holdout/best,False,False,0.015339582925662398,synthetic_time_holdout
D3,13,evaluate/one_se,21,28,8,1.1113183295322238,1.10742914340214,0.0018693893031864587,0.8,1.0,0.888888888888889,D3:evaluate/one_se,False,False,0.07375533401500434,synthetic_group_cv
D3,13,fixed_k=50,50,28,8,1.122034488930651,1.10742914340214,0.0070202545692387335,0.2222222222222222,1.0,0.3636363636363636,D3:fixed_k=50,False,False,2.249958924949169e-06,
D3,13,oracle,28,28,8,1.10742914340214,1.10742914340214,0.0,0.5714285714285714,1.0,0.7272727272727273,D3:oracle,False,False,0.0,
D3,13,penalized/ebic,17,28,8,1.1144996985122575,1.10742914340214,0.00339855683126157,1.0,1.0,1.0,D3:penalized/ebic,False,False,0.0003265839768573642,
D3,13,penalized/ric,17,28,8,1.1144996985122575,1.10742914340214,0.00339855683126157,1.0,1.0,1.0,D3:penalized/ric,False,False,0.00027175003197044134,
D3,13,chi2_stop,16,28,8,1.119350633486832,1.10742914340214,0.005730223572993755,1.0,1.0,1.0,D3:chi2_stop,False,False,0.0005545830354094505,
D3,13,forward_stop,18,28,8,1.1103132471445192,1.10742914340214,0.001386283017821928,1.0,1.0,1.0,D3:forward_stop,False,False,0.0005146249895915389,
D3,13,perm_gap,17,28,8,1.1144996985122575,1.10742914340214,0.00339855683126157,1.0,1.0,1.0,D3:perm_gap,False,False,0.07106550002936274,
D3,13,knockoff_path,32,28,8,1.0721063152842116,1.10742914340214,-0.01697838952246955,0.7272727272727273,1.0,0.8421052631578948,D3:knockoff_path,False,False,0.06936454202514142,
D3,13,xfit_objective,23,28,8,1.109373920671102,1.10742914340214,0.0009347831916698301,0.7272727272727273,1.0,0.8421052631578948,D3:xfit_objective,False,False,0.04794058296829462,
D3,13,gaussian_cv,15,28,8,1.127063960119314,1.10742914340214,0.009437737128904326,1.0,1.0,1.0,D3:gaussian_cv,False,False,0.05290833301842213,
D3,13,k_posterior,17,28,8,1.1144996985122575,1.10742914340214,0.00339855683126157,1.0,1.0,1.0,D3:k_posterior,False,False,0.0004190419567748904,
D3,13,stability,1,28,8,2.889597950388984,1.10742914340214,0.8566232607082694,1.0,0.125,0.2222222222222222,D3:stability,False,False,0.12258458393625915,
D3,13,changepoint,71,28,8,1.1285125981854485,1.10742914340214,0.010134044380458307,0.14035087719298245,1.0,0.24615384615384614,D3:changepoint,False,False,0.000795917003415525,exact_off_grid_k
D3,13,consensus,16,28,8,1.119350633486832,1.10742914340214,0.005730223572993755,1.0,1.0,1.0,D3:consensus,False,False,0.049504208960570395,
D3,14,elbow,9,20,8,1.1949255129624288,1.1115208351114312,0.03970578235559668,1.0,1.0,1.0,D3:elbow,False,False,0.00011620903387665749,
D3,14,penalized/bic,20,20,8,1.1115208351114312,1.1115208351114312,0.0,1.0,1.0,1.0,D3:penalized/bic,False,False,0.00038350000977516174,
D3,14,evaluate/time_holdout/best,75,20,8,1.1370088864434418,1.1115208351114312,0.012133887989652899,0.13559322033898305,1.0,0.23880597014925373,D3:evaluate/time_holdout/best,False,False,0.016350916004739702,synthetic_time_holdout
D3,14,evaluate/one_se,21,20,8,1.1129954054572213,1.1115208351114312,0.0007019866358402274,0.8888888888888888,1.0,0.9411764705882353,D3:evaluate/one_se,False,False,0.06915558292530477,synthetic_group_cv
D3,14,fixed_k=50,50,20,8,1.1294793250164477,1.1115208351114312,0.008549351307101001,0.23529411764705882,1.0,0.38095238095238093,D3:fixed_k=50,False,False,2.249958924949169e-06,
D3,14,oracle,20,20,8,1.1115208351114312,1.1115208351114312,0.0,1.0,1.0,1.0,D3:oracle,False,False,0.0,
D3,14,penalized/ebic,20,20,8,1.1115208351114312,1.1115208351114312,0.0,1.0,1.0,1.0,D3:penalized/ebic,False,False,0.00030812504701316357,
D3,14,penalized/ric,19,20,8,1.1151507981394368,1.1115208351114312,0.0017280867891648094,1.0,1.0,1.0,D3:penalized/ric,False,False,0.00025129097048193216,
D3,14,chi2_stop,16,20,8,1.127288945510526,1.1115208351114312,0.007506595262965682,1.0,1.0,1.0,D3:chi2_stop,False,False,0.0004927079426124692,
D3,14,forward_stop,20,20,8,1.1115208351114312,1.1115208351114312,0.0,1.0,1.0,1.0,D3:forward_stop,False,False,0.0005867501022294164,
D3,14,perm_gap,14,20,8,1.1390046238245968,1.1115208351114312,0.013083982350506795,1.0,1.0,1.0,D3:perm_gap,False,False,0.06640716688707471,
D3,14,knockoff_path,34,20,8,1.0822537497676954,1.1115208351114312,-0.013932941781959623,0.5,1.0,0.6666666666666666,D3:knockoff_path,False,False,0.04273595800623298,
D3,14,xfit_objective,22,20,8,1.114974330033497,1.1115208351114312,0.0016440770622803602,0.8,1.0,0.888888888888889,D3:xfit_objective,False,False,0.03829412499908358,
D3,14,gaussian_cv,14,20,8,1.1390046238245968,1.1115208351114312,0.013083982350506795,1.0,1.0,1.0,D3:gaussian_cv,False,False,0.058059209026396275,
D3,14,k_posterior,20,20,8,1.1115208351114312,1.1115208351114312,0.0,1.0,1.0,1.0,D3:k_posterior,False,False,0.00046195799950510263,
D3,14,stability,1,20,8,2.9037654182624584,1.1115208351114312,0.8532192100031067,1.0,0.125,0.2222222222222222,D3:stability,False,False,0.12614116596523672,
D3,14,changepoint,74,20,8,1.1371408313878515,1.1115208351114312,0.012196701939429346,0.13793103448275862,1.0,0.2424242424242424,D3:changepoint,False,False,0.0008458750089630485,exact_off_grid_k
D3,14,consensus,16,20,8,1.127288945510526,1.1115208351114312,0.007506595262965682,1.0,1.0,1.0,D3:consensus,False,False,0.04437316709663719,
D3,15,elbow,10,22,8,1.1834645510989559,1.101553691290146,0.03941900665632914,1.0,1.0,1.0,D3:elbow,False,False,0.00011320889461785555,
D3,15,penalized/bic,23,22,8,1.104799709664131,1.101553691290146,0.0015621227782170416,0.8888888888888888,1.0,0.9411764705882353,D3:penalized/bic,False,False,0.0003560830373317003,
D3,15,evaluate/time_holdout/best,40,22,8,1.1101064352055878,1.101553691290146,0.004115945921207609,0.34782608695652173,1.0,0.5161290322580645,D3:evaluate/time_holdout/best,False,False,0.015884375083260238,synthetic_time_holdout
D3,15,evaluate/one_se,21,22,8,1.1041353536123328,1.101553691290146,0.0012424062511394965,1.0,1.0,1.0,D3:evaluate/one_se,False,False,0.06610308401286602,synthetic_group_cv
D3,15,fixed_k=50,50,22,8,1.1175082572293702,1.101553691290146,0.007678019037098152,0.24242424242424243,1.0,0.3902439024390244,D3:fixed_k=50,False,False,2.500019036233425e-06,
D3,15,oracle,22,22,8,1.101553691290146,1.101553691290146,0.0,1.0,1.0,1.0,D3:oracle,False,False,0.0,
D3,15,penalized/ebic,22,22,8,1.101553691290146,1.101553691290146,0.0,1.0,1.0,1.0,D3:penalized/ebic,False,False,0.0003429580247029662,
D3,15,penalized/ric,20,22,8,1.1072016739440433,1.101553691290146,0.00271805065101837,1.0,1.0,1.0,D3:penalized/ric,False,False,0.00026891601737588644,
D3,15,chi2_stop,18,22,8,1.1143072959813312,1.101553691290146,0.006137579673653314,1.0,1.0,1.0,D3:chi2_stop,False,False,0.0005177500424906611,
D3,15,forward_stop,21,22,8,1.1041353536123328,1.101553691290146,0.0012424062511394965,1.0,1.0,1.0,D3:forward_stop,False,False,0.000501041067764163,
D3,15,perm_gap,19,22,8,1.1096982220796696,1.101553691290146,0.003919496317756612,1.0,1.0,1.0,D3:perm_gap,False,False,0.08031279197894037,
D3,15,knockoff_path,28,22,8,1.0855916813089177,1.101553691290146,-0.007681601428273099,0.8,1.0,0.888888888888889,D3:knockoff_path,False,False,0.06839954201132059,
D3,15,xfit_objective,18,22,8,1.1143072959813312,1.101553691290146,0.006137579673653314,1.0,1.0,1.0,D3:xfit_objective,False,False,0.041359374998137355,
D3,15,gaussian_cv,14,22,8,1.137127239047908,1.101553691290146,0.017119511614522673,1.0,1.0,1.0,D3:gaussian_cv,False,False,0.045389165985397995,
D3,15,k_posterior,22,22,8,1.101553691290146,1.101553691290146,0.0,1.0,1.0,1.0,D3:k_posterior,False,False,0.00039245805237442255,
D3,15,stability,1,22,8,2.875897370933122,1.101553691290146,0.8538900150934489,1.0,0.125,0.2222222222222222,D3:stability,False,False,0.12084154202602804,
D3,15,changepoint,59,22,8,1.1167617962126493,1.101553691290146,0.007318790091687327,0.2,1.0,0.33333333333333337,D3:changepoint,False,False,0.000799833913333714,exact_off_grid_k
D3,15,consensus,18,22,8,1.1143072959813312,1.101553691290146,0.006137579673653314,1.0,1.0,1.0,D3:consensus,False,False,0.047140999929979444,
D3,16,elbow,9,26,8,1.1989199235283885,1.0900089648144815,0.05147866622695367,1.0,1.0,1.0,D3:elbow,False,False,0.0001067090779542923,
D3,16,penalized/bic,28,26,8,1.0942042379415493,1.0900089648144815,0.001982969093188731,0.6666666666666666,1.0,0.8,D3:penalized/bic,False,False,0.00036033394280821085,
D3,16,evaluate/time_holdout/best,50,26,8,1.1012703622297815,1.0900089648144815,0.005322896112907693,0.2857142857142857,1.0,0.4444444444444445,D3:evaluate/time_holdout/best,False,False,0.016149417031556368,synthetic_time_holdout
D3,16,evaluate/one_se,40,26,8,1.1009978809865484,1.0900089648144815,0.005194103095757339,0.38095238095238093,1.0,0.5517241379310345,D3:evaluate/one_se,False,False,0.07222629198804498,synthetic_group_cv
D3,16,fixed_k=50,50,26,8,1.1012703622297815,1.0900089648144815,0.005322896112907693,0.2857142857142857,1.0,0.4444444444444445,D3:fixed_k=50,False,False,2.500019036233425e-06,
D3,16,oracle,26,26,8,1.0900089648144815,1.0900089648144815,0.0,0.8,1.0,0.888888888888889,D3:oracle,False,False,0.0,
D3,16,penalized/ebic,25,26,8,1.0933704822036314,1.0900089648144815,0.0015888798862446582,0.8,1.0,0.888888888888889,D3:penalized/ebic,False,False,0.0003261249512434006,
D3,16,penalized/ric,22,26,8,1.097919240312495,1.0900089648144815,0.0037389298279448015,0.8888888888888888,1.0,0.9411764705882353,D3:penalized/ric,False,False,0.0002582079032436013,
D3,16,chi2_stop,19,26,8,1.1100615869978705,1.0900089648144815,0.009478221994772279,0.8888888888888888,1.0,0.9411764705882353,D3:chi2_stop,False,False,0.000500582973472774,
D3,16,forward_stop,23,26,8,1.0935899412767467,1.0900089648144815,0.0016926110489190618,0.8888888888888888,1.0,0.9411764705882353,D3:forward_stop,False,False,0.0005101250717416406,
D3,16,perm_gap,21,26,8,1.1007765361216526,1.0900089648144815,0.005089480580671858,0.8888888888888888,1.0,0.9411764705882353,D3:perm_gap,False,False,0.08118883392307907,
D3,16,knockoff_path,35,26,8,1.0893858792585365,1.0900089648144815,-0.0002945122671226157,0.5,1.0,0.6666666666666666,D3:knockoff_path,False,False,0.03544400003738701,
D3,16,xfit_objective,22,26,8,1.097919240312495,1.0900089648144815,0.0037389298279448015,0.8888888888888888,1.0,0.9411764705882353,D3:xfit_objective,False,False,0.04274979198817164,
D3,16,gaussian_cv,13,26,8,1.138069052892792,1.0900089648144815,0.02271643976177229,1.0,1.0,1.0,D3:gaussian_cv,False,False,0.04636324988678098,
D3,16,k_posterior,25,26,8,1.0933704822036314,1.0900089648144815,0.0015888798862446582,0.8,1.0,0.888888888888889,D3:k_posterior,False,False,0.0003892909735441208,
D3,16,stability,1,26,8,2.894657544231257,1.0900089648144815,0.8529986603164446,1.0,0.125,0.2222222222222222,D3:stability,False,False,0.13054766599088907,
D3,16,changepoint,75,26,8,1.1059861915397535,1.0900089648144815,0.0075519151748832955,0.15384615384615385,1.0,0.2666666666666667,D3:changepoint,False,False,0.0008041249820962548,
D3,16,consensus,19,26,8,1.1100615869978705,1.0900089648144815,0.009478221994772279,0.8888888888888888,1.0,0.9411764705882353,D3:consensus,False,False,0.047977874986827374,
D3,17,elbow,9,26,8,1.1941435398605857,1.1017577416415514,0.044435264524355624,1.0,1.0,1.0,D3:elbow,False,False,0.00010666600428521633,
D3,17,penalized/bic,21,26,8,1.1089050835042347,1.1017577416415514,0.0034376931567053153,0.8888888888888888,1.0,0.9411764705882353,D3:penalized/bic,False,False,0.00034554104786366224,
D3,17,evaluate/time_holdout/best,40,26,8,1.1165240955501607,1.1017577416415514,0.007102247906476636,0.3333333333333333,1.0,0.5,D3:evaluate/time_holdout/best,False,False,0.01566037500742823,synthetic_time_holdout
D3,17,evaluate/one_se,21,26,8,1.1089050835042347,1.1017577416415514,0.0034376931567053153,0.8888888888888888,1.0,0.9411764705882353,D3:evaluate/one_se,False,False,0.06888499995693564,synthetic_group_cv
D3,17,fixed_k=50,50,26,8,1.1226381947161486,1.1017577416415514,0.010042977098691765,0.23529411764705882,1.0,0.38095238095238093,D3:fixed_k=50,False,False,2.291053533554077e-06,
D3,17,oracle,26,26,8,1.1017577416415514,1.1017577416415514,0.0,0.8,1.0,0.888888888888889,D3:oracle,False,False,0.0,
D3,17,penalized/ebic,21,26,8,1.1089050835042347,1.1017577416415514,0.0034376931567053153,0.8888888888888888,1.0,0.9411764705882353,D3:penalized/ebic,False,False,0.00035729107912629843,
D3,17,penalized/ric,21,26,8,1.1089050835042347,1.1017577416415514,0.0034376931567053153,0.8888888888888888,1.0,0.9411764705882353,D3:penalized/ric,False,False,0.0002873750636354089,
D3,17,chi2_stop,17,26,8,1.1175018393884237,1.1017577416415514,0.007572518304392876,1.0,1.0,1.0,D3:chi2_stop,False,False,0.0005458330269902945,
D3,17,forward_stop,21,26,8,1.1089050835042347,1.1017577416415514,0.0034376931567053153,0.8888888888888888,1.0,0.9411764705882353,D3:forward_stop,False,False,0.000502042006701231,
D3,17,perm_gap,18,26,8,1.1133496160767067,1.1017577416415514,0.005575402462162383,1.0,1.0,1.0,D3:perm_gap,False,False,0.06980745797045529,
D3,17,knockoff_path,40,26,8,1.0877303907640412,1.1017577416415514,-0.006746805881790771,0.38095238095238093,1.0,0.5517241379310345,D3:knockoff_path,False,False,0.06314224994275719,
D3,17,xfit_objective,20,26,8,1.1055405503258056,1.1017577416415514,0.0018194366208899877,1.0,1.0,1.0,D3:xfit_objective,False,False,0.03769304195884615,
D3,17,gaussian_cv,16,26,8,1.1215827340024394,1.1017577416415514,0.009535326822211594,1.0,1.0,1.0,D3:gaussian_cv,False,False,0.04410249995999038,
D3,17,k_posterior,21,26,8,1.1089050835042347,1.1017577416415514,0.0034376931567053153,0.8888888888888888,1.0,0.9411764705882353,D3:k_posterior,False,False,0.0003991250414401293,
D3,17,stability,1,26,8,2.8932726980466894,1.1017577416415514,0.8616740074969697,1.0,0.125,0.2222222222222222,D3:stability,False,False,0.12720770796295255,
D3,17,changepoint,73,26,8,1.1267974868588848,1.1017577416415514,0.012043492872321575,0.14545454545454545,1.0,0.25396825396825395,D3:changepoint,False,False,0.0007529170252382755,exact_off_grid_k
D3,17,consensus,17,26,8,1.1175018393884237,1.1017577416415514,0.007572518304392876,1.0,1.0,1.0,D3:consensus,False,False,0.04719433397985995,
D3,18,elbow,9,17,8,1.1897836372746833,1.1192255737506518,0.03420926208604081,1.0,1.0,1.0,D3:elbow,False,False,0.00010724994353950024,
D3,18,penalized/bic,18,17,8,1.1216891313300115,1.1192255737506518,0.001194427435889926,0.8888888888888888,1.0,0.9411764705882353,D3:penalized/bic,False,False,0.00034320808481425047,
D3,18,evaluate/time_holdout/best,75,17,8,1.1466957187404,1.1192255737506518,0.013318582491649243,0.12903225806451613,1.0,0.2285714285714286,D3:evaluate/time_holdout/best,False,False,0.016130292089655995,synthetic_time_holdout
D3,18,evaluate/one_se,21,17,8,1.1268805963714177,1.1192255737506518,0.003711449294794773,0.6666666666666666,1.0,0.8,D3:evaluate/one_se,False,False,0.06728179100900888,synthetic_group_cv
D3,18,fixed_k=50,50,17,8,1.142093084542638,1.1192255737506518,0.01108704846572193,0.20512820512820512,1.0,0.3404255319148936,D3:fixed_k=50,False,False,2.0420411601662636e-06,
D3,18,oracle,17,17,8,1.1192255737506518,1.1192255737506518,0.0,1.0,1.0,1.0,D3:oracle,False,False,0.0,
D3,18,penalized/ebic,17,17,8,1.1192255737506518,1.1192255737506518,0.0,1.0,1.0,1.0,D3:penalized/ebic,False,False,0.0003055830020457506,
D3,18,penalized/ric,16,17,8,1.124182981866067,1.1192255737506518,0.00240354206192097,1.0,1.0,1.0,D3:penalized/ric,False,False,0.0002523750299587846,
D3,18,chi2_stop,14,17,8,1.1320469598915952,1.1192255737506518,0.00621630097107863,1.0,1.0,1.0,D3:chi2_stop,False,False,0.0004866670351475477,
D3,18,forward_stop,16,17,8,1.124182981866067,1.1192255737506518,0.00240354206192097,1.0,1.0,1.0,D3:forward_stop,False,False,0.0005022500408813357,
D3,18,perm_gap,16,17,8,1.124182981866067,1.1192255737506518,0.00240354206192097,1.0,1.0,1.0,D3:perm_gap,False,False,0.07161033304873854,
D3,18,knockoff_path,35,17,8,1.0828541370490214,1.1192255737506518,-0.017634270959663433,0.47058823529411764,1.0,0.6399999999999999,D3:knockoff_path,False,False,0.0469247909495607,
D3,18,xfit_objective,15,17,8,1.128793527384893,1.1192255737506518,0.004638911800482804,1.0,1.0,1.0,D3:xfit_objective,False,False,0.046860249945893884,
D3,18,gaussian_cv,13,17,8,1.1400487020251258,1.1192255737506518,0.010095853216693061,1.0,1.0,1.0,D3:gaussian_cv,False,False,0.04292845795862377,
D3,18,k_posterior,17,17,8,1.1192255737506518,1.1192255737506518,0.0,1.0,1.0,1.0,D3:k_posterior,False,False,0.00037766690365970135,
D3,18,stability,17,17,8,1.1192255737506518,1.1192255737506518,0.0,1.0,1.0,1.0,D3:stability,False,False,0.11848020798061043,
D3,18,changepoint,74,17,8,1.1467761211252792,1.1192255737506518,0.013357564659232874,0.13114754098360656,1.0,0.23188405797101452,D3:changepoint,False,False,0.0007706671021878719,exact_off_grid_k
D3,18,consensus,14,17,8,1.1320469598915952,1.1192255737506518,0.00621630097107863,1.0,1.0,1.0,D3:consensus,False,False,0.04840420896653086,
D3,19,elbow,9,22,8,1.1961014507832999,1.1315510714638939,0.031149487903641887,1.0,1.0,1.0,D3:elbow,False,False,0.00011304102372378111,
D3,19,penalized/bic,19,22,8,1.1318936886675413,1.1315510714638939,0.00016533365958679627,0.8,1.0,0.888888888888889,D3:penalized/bic,False,False,0.00035558396484702826,
D3,19,evaluate/time_holdout/best,21,22,8,1.1340865539477143,1.1315510714638939,0.0012235246607747805,0.6666666666666666,1.0,0.8,D3:evaluate/time_holdout/best,False,False,0.014943292015232146,synthetic_time_holdout
D3,19,evaluate/one_se,16,22,8,1.140653862476099,1.1315510714638939,0.004392650849052663,0.8888888888888888,1.0,0.9411764705882353,D3:evaluate/one_se,False,False,0.07125149993225932,synthetic_group_cv
D3,19,fixed_k=50,50,22,8,1.1449686721716215,1.1315510714638939,0.006474809216428675,0.21621621621621623,1.0,0.35555555555555557,D3:fixed_k=50,False,False,1.9579892978072166e-06,
D3,19,oracle,22,22,8,1.1315510714638939,1.1315510714638939,0.0,0.6666666666666666,1.0,0.8,D3:oracle,False,False,0.0,
D3,19,penalized/ebic,18,22,8,1.1362460639728245,1.1315510714638939,0.0022656197206986136,0.8,1.0,0.888888888888889,D3:penalized/ebic,False,False,0.0003226249245926738,
D3,19,penalized/ric,17,22,8,1.1348779622592642,1.1315510714638939,0.001605427352709137,0.8888888888888888,1.0,0.9411764705882353,D3:penalized/ric,False,False,0.0002538749249652028,
D3,19,chi2_stop,15,22,8,1.1467616116092314,1.1315510714638939,0.007340011650754313,0.8888888888888888,1.0,0.9411764705882353,D3:chi2_stop,False,False,0.0005087499739602208,
D3,19,forward_stop,18,22,8,1.1362460639728245,1.1315510714638939,0.0022656197206986136,0.8,1.0,0.888888888888889,D3:forward_stop,False,False,0.0005388749996200204,
D3,19,perm_gap,15,22,8,1.1467616116092314,1.1315510714638939,0.007340011650754313,0.8888888888888888,1.0,0.9411764705882353,D3:perm_gap,False,False,0.07043654099106789,
D3,19,knockoff_path,23,22,8,1.10542069395567,1.1315510714638939,-0.012609497987338904,0.7272727272727273,1.0,0.8421052631578948,D3:knockoff_path,False,False,0.04050462506711483,
D3,19,xfit_objective,13,22,8,1.147708886496395,1.1315510714638939,0.007797129454712013,1.0,1.0,1.0,D3:xfit_objective,False,False,0.037582291988655925,
D3,19,gaussian_cv,12,22,8,1.1552122614902003,1.1315510714638939,0.01141796470107847,1.0,1.0,1.0,D3:gaussian_cv,False,False,0.04662612499669194,
D3,19,k_posterior,18,22,8,1.1362460639728245,1.1315510714638939,0.0022656197206986136,0.8,1.0,0.888888888888889,D3:k_posterior,False,False,0.0003897080896422267,
D3,19,stability,1,22,8,2.8837665483768222,1.1315510714638939,0.8455506439799435,1.0,0.125,0.2222222222222222,D3:stability,False,False,0.11867658398114145,
D3,19,changepoint,66,22,8,1.1521139437182135,1.1315510714638939,0.009922837747872075,0.1509433962264151,1.0,0.26229508196721313,D3:changepoint,False,False,0.0007637920789420605,exact_off_grid_k
D3,19,consensus,15,22,8,1.1467616116092314,1.1315510714638939,0.007340011650754313,0.8888888888888888,1.0,0.9411764705882353,D3:consensus,False,False,0.052078124950639904,
D3,20,elbow,9,18,8,1.1863253299787777,1.1186733238419304,0.0321483074801806,1.0,1.0,1.0,D3:elbow,False,False,0.00010487495455890894,
D3,20,penalized/bic,23,18,8,1.1299883121527916,1.1186733238419304,0.0053768948494506055,0.6153846153846154,1.0,0.761904761904762,D3:penalized/bic,False,False,0.00033908302430063486,
D3,20,evaluate/time_holdout/best,60,18,8,1.1522917009993097,1.1186733238419304,0.015975489679550748,0.16666666666666666,1.0,0.2857142857142857,D3:evaluate/time_holdout/best,False,False,0.014150458970107138,synthetic_time_holdout
D3,20,evaluate/one_se,26,18,8,1.1322170934809572,1.1186733238419304,0.0064360141799109025,0.5333333333333333,1.0,0.6956521739130436,D3:evaluate/one_se,False,False,0.06778570893220603,synthetic_group_cv
D3,20,fixed_k=50,50,18,8,1.1476945983722764,1.1186733238419304,0.013790941471580947,0.21052631578947367,1.0,0.34782608695652173,D3:fixed_k=50,False,False,2.00001522898674e-06,
D3,20,oracle,18,18,8,1.1186733238419304,1.1186733238419304,0.0,1.0,1.0,1.0,D3:oracle,False,False,0.0,
D3,20,penalized/ebic,19,18,8,1.1207952489559903,1.1186733238419304,0.0010083411403754134,0.8888888888888888,1.0,0.9411764705882353,D3:penalized/ebic,False,False,0.00030587497167289257,
D3,20,penalized/ric,17,18,8,1.1216907711170674,1.1186733238419304,0.001433894253041248,1.0,1.0,1.0,D3:penalized/ric,False,False,0.0002512920182198286,
D3,20,chi2_stop,16,18,8,1.1283226436436642,1.1186733238419304,0.004585367347913345,1.0,1.0,1.0,D3:chi2_stop,False,False,0.00048091704957187176,
D3,20,forward_stop,18,18,8,1.1186733238419304,1.1186733238419304,0.0,1.0,1.0,1.0,D3:forward_stop,False,False,0.0004988339496776462,
D3,20,perm_gap,21,18,8,1.1249445401196845,1.1186733238419304,0.002980088850050274,0.7272727272727273,1.0,0.8421052631578948,D3:perm_gap,False,False,0.06682362500578165,
D3,20,knockoff_path,28,18,8,1.1140697895397338,1.1186733238419304,-0.002187604547058188,0.5,1.0,0.6666666666666666,D3:knockoff_path,False,False,0.06885208305902779,
D3,20,xfit_objective,19,18,8,1.1207952489559903,1.1186733238419304,0.0010083411403754134,0.8888888888888888,1.0,0.9411764705882353,D3:xfit_objective,False,False,0.03938108298461884,
D3,20,gaussian_cv,13,18,8,1.1441726731884374,1.1186733238419304,0.012117318763287324,1.0,1.0,1.0,D3:gaussian_cv,False,False,0.04740795900579542,
D3,20,k_posterior,19,18,8,1.1207952489559903,1.1186733238419304,0.0010083411403754134,0.8888888888888888,1.0,0.9411764705882353,D3:k_posterior,False,False,0.00040799996349960566,
D3,20,stability,1,18,8,2.9036128878988428,1.1186733238419304,0.8482052375914253,1.0,0.125,0.2222222222222222,D3:stability,False,False,0.12160075001884252,
D3,20,changepoint,73,18,8,1.1542939114260353,1.1186733238419304,0.016926942269266956,0.13333333333333333,1.0,0.23529411764705882,D3:changepoint,False,False,0.0007658329559490085,exact_off_grid_k
D3,20,consensus,16,18,8,1.1283226436436642,1.1186733238419304,0.004585367347913345,1.0,1.0,1.0,D3:consensus,False,False,0.05007395800203085,
D3,21,elbow,10,18,8,1.178286777751082,1.1159072956849263,0.029628470262580288,1.0,1.0,1.0,D3:elbow,False,False,0.00012258405331522226,
D3,21,penalized/bic,20,18,8,1.119225424803519,1.1159072956849263,0.0015760164506233216,0.8,1.0,0.888888888888889,D3:penalized/bic,False,False,0.0003810829948633909,
D3,21,evaluate/time_holdout/best,50,18,8,1.1303076447781457,1.1159072956849263,0.006839754046478586,0.21621621621621623,1.0,0.35555555555555557,D3:evaluate/time_holdout/best,False,False,0.018402707995846868,synthetic_time_holdout
D3,21,evaluate/one_se,16,18,8,1.124988057809012,1.1159072956849263,0.004313102347815256,1.0,1.0,1.0,D3:evaluate/one_se,False,False,0.0798151670023799,synthetic_group_cv
D3,21,fixed_k=50,50,18,8,1.1303076447781457,1.1159072956849263,0.006839754046478586,0.21621621621621623,1.0,0.35555555555555557,D3:fixed_k=50,False,False,2.250075340270996e-06,
D3,21,oracle,18,18,8,1.1159072956849263,1.1159072956849263,0.0,1.0,1.0,1.0,D3:oracle,False,False,0.0,
D3,21,penalized/ebic,18,18,8,1.1159072956849263,1.1159072956849263,0.0,1.0,1.0,1.0,D3:penalized/ebic,False,False,0.0003303330158814788,
D3,21,penalized/ric,18,18,8,1.1159072956849263,1.1159072956849263,0.0,1.0,1.0,1.0,D3:penalized/ric,False,False,0.0002775839529931545,
D3,21,chi2_stop,16,18,8,1.124988057809012,1.1159072956849263,0.004313102347815256,1.0,1.0,1.0,D3:chi2_stop,False,False,0.0007107499986886978,
D3,21,forward_stop,18,18,8,1.1159072956849263,1.1159072956849263,0.0,1.0,1.0,1.0,D3:forward_stop,False,False,0.0006907919887453318,
D3,21,perm_gap,16,18,8,1.124988057809012,1.1159072956849263,0.004313102347815256,1.0,1.0,1.0,D3:perm_gap,False,False,0.07481866597663611,
D3,21,knockoff_path,32,18,8,1.0797442986512717,1.1159072956849263,-0.01717638952309829,0.6153846153846154,1.0,0.761904761904762,D3:knockoff_path,False,False,0.07387354201637208,
D3,21,xfit_objective,15,18,8,1.1324923462505967,1.1159072956849263,0.00787742477514032,1.0,1.0,1.0,D3:xfit_objective,False,False,0.041108874953351915,
D3,21,gaussian_cv,13,18,8,1.146071005534419,1.1159072956849263,0.014326899658079704,1.0,1.0,1.0,D3:gaussian_cv,False,False,0.052141457912512124,
D3,21,k_posterior,18,18,8,1.1159072956849263,1.1159072956849263,0.0,1.0,1.0,1.0,D3:k_posterior,False,False,0.0004222090356051922,
D3,21,stability,1,18,8,2.908994679602599,1.1159072956849263,0.8516652346723591,1.0,0.125,0.2222222222222222,D3:stability,False,False,0.12847324996255338,
D3,21,changepoint,71,18,8,1.1357211113130885,1.1159072956849263,0.009410995854448776,0.14035087719298245,1.0,0.24615384615384614,D3:changepoint,False,False,0.0007544170366600156,exact_off_grid_k
D3,21,consensus,16,18,8,1.124988057809012,1.1159072956849263,0.004313102347815256,1.0,1.0,1.0,D3:consensus,False,False,0.0504477919312194,
D3,22,elbow,9,20,8,1.1975270335071313,1.1023054690921452,0.045876721726857056,1.0,1.0,1.0,D3:elbow,False,False,0.0001080420333892107,
D3,22,penalized/bic,21,20,8,1.1042903441985807,1.1023054690921452,0.0009562913976466581,0.8888888888888888,1.0,0.9411764705882353,D3:penalized/bic,False,False,0.00034020806197077036,
D3,22,evaluate/time_holdout/best,75,20,8,1.1176900880649014,1.1023054690921452,0.007412143329329546,0.13793103448275862,1.0,0.2424242424242424,D3:evaluate/time_holdout/best,False,False,0.016207874985411763,synthetic_time_holdout
D3,22,evaluate/one_se,40,20,8,1.1062479538825887,1.1023054690921452,0.001899446609124136,0.3333333333333333,1.0,0.5,D3:evaluate/one_se,False,False,0.07131920801475644,synthetic_group_cv
D3,22,fixed_k=50,50,20,8,1.1086729713251977,1.1023054690921452,0.0030677938325797535,0.24242424242424243,1.0,0.3902439024390244,D3:fixed_k=50,False,False,2.124928869307041e-06,
D3,22,oracle,20,20,8,1.1023054690921452,1.1023054690921452,0.0,1.0,1.0,1.0,D3:oracle,False,False,0.0,
D3,22,penalized/ebic,20,20,8,1.1023054690921452,1.1023054690921452,0.0,1.0,1.0,1.0,D3:penalized/ebic,False,False,0.0003245000261813402,
D3,22,penalized/ric,19,20,8,1.1052816378085422,1.1023054690921452,0.0014338859569590476,1.0,1.0,1.0,D3:penalized/ric,False,False,0.00025454210117459297,
D3,22,chi2_stop,18,20,8,1.1101549511402813,1.1023054690921452,0.00378179570809093,1.0,1.0,1.0,D3:chi2_stop,False,False,0.0005251659313216805,
D3,22,forward_stop,20,20,8,1.1023054690921452,1.1023054690921452,0.0,1.0,1.0,1.0,D3:forward_stop,False,False,0.0005341250216588378,
D3,22,perm_gap,18,20,8,1.1101549511402813,1.1023054690921452,0.00378179570809093,1.0,1.0,1.0,D3:perm_gap,False,False,0.07080508302897215,
D3,22,knockoff_path,32,20,8,1.084199429413915,1.1023054690921452,-0.008723294444875471,0.5333333333333333,1.0,0.6956521739130436,D3:knockoff_path,False,False,0.06780312501359731,
D3,22,xfit_objective,15,20,8,1.1272500325855987,1.1023054690921452,0.01201802139061456,1.0,1.0,1.0,D3:xfit_objective,False,False,0.047799292020499706,
D3,22,gaussian_cv,14,20,8,1.132544578398687,1.1023054690921452,0.014568876403651038,1.0,1.0,1.0,D3:gaussian_cv,False,False,0.05102216696832329,
D3,22,k_posterior,20,20,8,1.1023054690921452,1.1023054690921452,0.0,1.0,1.0,1.0,D3:k_posterior,False,False,0.00038899993523955345,
D3,22,stability,3,20,8,2.36818507222257,1.1023054690921452,0.6098871264015794,1.0,0.375,0.5454545454545454,D3:stability,False,False,0.1326186249498278,
D3,22,changepoint,80,20,8,1.118579242658504,1.1023054690921452,0.007840528413249033,0.12903225806451613,1.0,0.2285714285714286,D3:changepoint,False,False,0.00103387504350394,
D3,22,consensus,18,20,8,1.1101549511402813,1.1023054690921452,0.00378179570809093,1.0,1.0,1.0,D3:consensus,False,False,0.050656083039939404,
D3,23,elbow,10,26,8,1.1831277319654148,1.1049505132108641,0.03742884748618693,1.0,1.0,1.0,D3:elbow,False,False,0.00010504096280783415,
D3,23,penalized/bic,19,26,8,1.110894868912406,1.1049505132108641,0.0028459746522219212,1.0,1.0,1.0,D3:penalized/bic,False,False,0.0003487499197944999,
D3,23,evaluate/time_holdout/best,16,26,8,1.123028760188704,1.1049505132108641,0.008655308537844313,1.0,1.0,1.0,D3:evaluate/time_holdout/best,False,False,0.015504915965721011,synthetic_time_holdout
D3,23,evaluate/one_se,16,26,8,1.123028760188704,1.1049505132108641,0.008655308537844313,1.0,1.0,1.0,D3:evaluate/one_se,False,False,0.07232358295004815,synthetic_group_cv
D3,23,fixed_k=50,50,26,8,1.1185774277179361,1.1049505132108641,0.006524147480787892,0.2222222222222222,1.0,0.3636363636363636,D3:fixed_k=50,False,False,2.166023477911949e-06,
D3,23,oracle,26,26,8,1.1049505132108641,1.1049505132108641,0.0,0.6666666666666666,1.0,0.8,D3:oracle,False,False,0.0,
D3,23,penalized/ebic,17,26,8,1.117872657667115,1.1049505132108641,0.006186725260283516,1.0,1.0,1.0,D3:penalized/ebic,False,False,0.0003257909556850791,
D3,23,penalized/ric,17,26,8,1.117872657667115,1.1049505132108641,0.006186725260283516,1.0,1.0,1.0,D3:penalized/ric,False,False,0.00033787498250603676,
D3,23,chi2_stop,17,26,8,1.117872657667115,1.1049505132108641,0.006186725260283516,1.0,1.0,1.0,D3:chi2_stop,False,False,0.0005731249693781137,
D3,23,forward_stop,18,26,8,1.1138009832839917,1.1049505132108641,0.004237332816714851,1.0,1.0,1.0,D3:forward_stop,False,False,0.0005430839955806732,
D3,23,perm_gap,17,26,8,1.117872657667115,1.1049505132108641,0.006186725260283516,1.0,1.0,1.0,D3:perm_gap,False,False,0.06841695797629654,
D3,23,knockoff_path,21,26,8,1.2966797682660705,1.1049505132108641,0.09179406942874686,0.875,0.875,0.875,D3:knockoff_path,False,False,0.0627169170184061,
D3,23,xfit_objective,69,26,8,1.124332825402994,1.1049505132108641,0.00927965484736133,0.14545454545454545,1.0,0.25396825396825395,D3:xfit_objective,False,False,0.046557166962884367,exact_off_grid_k
D3,23,gaussian_cv,14,26,8,1.1369937243953603,1.1049505132108641,0.01534130381585586,1.0,1.0,1.0,D3:gaussian_cv,False,False,0.04752004100009799,
D3,23,k_posterior,17,26,8,1.117872657667115,1.1049505132108641,0.006186725260283516,1.0,1.0,1.0,D3:k_posterior,False,False,0.00043524999637156725,
D3,23,stability,1,26,8,2.886291261864798,1.1049505132108641,0.8528511536286537,1.0,0.125,0.2222222222222222,D3:stability,False,False,0.13177887501660734,
D3,23,changepoint,74,26,8,1.1254157470742536,1.1049505132108641,0.009798124431196473,0.13333333333333333,1.0,0.23529411764705882,D3:changepoint,False,False,0.0008622499881312251,exact_off_grid_k
D3,23,consensus,17,26,8,1.117872657667115,1.1049505132108641,0.006186725260283516,1.0,1.0,1.0,D3:consensus,False,False,0.04757541592698544,
D3,24,elbow,9,27,8,1.1941326285872496,1.1092903576979036,0.0402077739755346,1.0,1.0,1.0,D3:elbow,False,False,0.00011170899961143732,
D3,24,penalized/bic,22,27,8,1.1114865546914505,1.1092903576979036,0.001040804205222788,0.8888888888888888,1.0,0.9411764705882353,D3:penalized/bic,False,False,0.0003485840279608965,
D3,24,evaluate/time_holdout/best,50,27,8,1.1304901688198723,1.1092903576979036,0.010046845811421824,0.23529411764705882,1.0,0.38095238095238093,D3:evaluate/time_holdout/best,False,False,0.014737915946170688,synthetic_time_holdout
D3,24,evaluate/one_se,26,27,8,1.1118291255683028,1.1092903576979036,0.0012031526695283046,0.7272727272727273,1.0,0.8421052631578948,D3:evaluate/one_se,False,False,0.06999516696669161,synthetic_group_cv
D3,24,fixed_k=50,50,27,8,1.1304901688198723,1.1092903576979036,0.010046845811421824,0.23529411764705882,1.0,0.38095238095238093,D3:fixed_k=50,False,False,2.125045284628868e-06,
D3,24,oracle,27,27,8,1.1092903576979036,1.1092903576979036,0.0,0.7272727272727273,1.0,0.8421052631578948,D3:oracle,False,False,0.0,
D3,24,penalized/ebic,21,27,8,1.113028890342777,1.1092903576979036,0.0017717356455636895,0.8888888888888888,1.0,0.9411764705882353,D3:penalized/ebic,False,False,0.0003047080244868994,
D3,24,penalized/ric,20,27,8,1.1167153504967102,1.1092903576979036,0.003518793510533876,0.8888888888888888,1.0,0.9411764705882353,D3:penalized/ric,False,False,0.00024908408522605896,
D3,24,chi2_stop,17,27,8,1.1246001370524878,1.1092903576979036,0.00725548882003969,1.0,1.0,1.0,D3:chi2_stop,False,False,0.00047758291475474834,
D3,24,forward_stop,21,27,8,1.113028890342777,1.1092903576979036,0.0017717356455636895,0.8888888888888888,1.0,0.9411764705882353,D3:forward_stop,False,False,0.0004949170397594571,
D3,24,perm_gap,20,27,8,1.1167153504967102,1.1092903576979036,0.003518793510533876,0.8888888888888888,1.0,0.9411764705882353,D3:perm_gap,False,False,0.0689618329051882,
D3,24,knockoff_path,32,27,8,1.0841310903072658,1.1092903576979036,-0.011923279823004286,0.6153846153846154,1.0,0.761904761904762,D3:knockoff_path,False,False,0.060474209021776915,
D3,24,xfit_objective,29,27,8,1.1123935043956845,1.1092903576979036,0.0014706185929420786,0.6153846153846154,1.0,0.761904761904762,D3:xfit_objective,False,False,0.04597470792941749,
D3,24,gaussian_cv,15,27,8,1.1331607171926381,1.1092903576979036,0.011312450848125094,1.0,1.0,1.0,D3:gaussian_cv,False,False,0.04426070803310722,
D3,24,k_posterior,21,27,8,1.113028890342777,1.1092903576979036,0.0017717356455636895,0.8888888888888888,1.0,0.9411764705882353,D3:k_posterior,False,False,0.0003855830291286111,
D3,24,stability,3,27,8,2.339359742082949,1.1092903576979036,0.5829446956468679,1.0,0.375,0.5454545454545454,D3:stability,False,False,0.12062633398454636,
D3,24,changepoint,71,27,8,1.1381105324691854,1.1092903576979036,0.013658227920966886,0.14545454545454545,1.0,0.25396825396825395,D3:changepoint,False,False,0.0007424169452860951,exact_off_grid_k
D3,24,consensus,17,27,8,1.1246001370524878,1.1092903576979036,0.00725548882003969,1.0,1.0,1.0,D3:consensus,False,False,0.046897833002731204,
D3,25,elbow,9,22,8,1.2048596258041,1.1029990189255783,0.04834078341686589,1.0,1.0,1.0,D3:elbow,False,False,0.00010595808271318674,
D3,25,penalized/bic,21,22,8,1.1070016297352905,1.1029990189255783,0.0018995502597491682,0.8888888888888888,1.0,0.9411764705882353,D3:penalized/bic,False,False,0.0003363749710842967,
D3,25,evaluate/time_holdout/best,60,22,8,1.1224469582716692,1.1029990189255783,0.009229560402628623,0.18604651162790697,1.0,0.3137254901960785,D3:evaluate/time_holdout/best,False,False,0.014238125062547624,synthetic_time_holdout
D3,25,evaluate/one_se,21,22,8,1.1070016297352905,1.1029990189255783,0.0018995502597491682,0.8888888888888888,1.0,0.9411764705882353,D3:evaluate/one_se,False,False,0.06927824998274446,synthetic_group_cv
D3,25,fixed_k=50,50,22,8,1.1182723665096719,1.1029990189255783,0.007248391799723938,0.23529411764705882,1.0,0.38095238095238093,D3:fixed_k=50,False,False,2.040993422269821e-06,
D3,25,oracle,22,22,8,1.1029990189255783,1.1029990189255783,0.0,0.8888888888888888,1.0,0.9411764705882353,D3:oracle,False,False,0.0,
D3,25,penalized/ebic,19,22,8,1.109477486312264,1.1029990189255783,0.0030745368441255803,1.0,1.0,1.0,D3:penalized/ebic,False,False,0.00032524997368454933,
D3,25,penalized/ric,19,22,8,1.109477486312264,1.1029990189255783,0.0030745368441255803,1.0,1.0,1.0,D3:penalized/ric,False,False,0.00025641696993261576,
D3,25,chi2_stop,17,22,8,1.119755539677103,1.1029990189255783,0.007952272868702882,1.0,1.0,1.0,D3:chi2_stop,False,False,0.0005113340448588133,
D3,25,forward_stop,19,22,8,1.109477486312264,1.1029990189255783,0.0030745368441255803,1.0,1.0,1.0,D3:forward_stop,False,False,0.0006177080795168877,
D3,25,perm_gap,17,22,8,1.119755539677103,1.1029990189255783,0.007952272868702882,1.0,1.0,1.0,D3:perm_gap,False,False,0.07529629103373736,
D3,25,knockoff_path,28,22,8,1.098081761547283,1.1029990189255783,-0.002333621222310578,0.6153846153846154,1.0,0.761904761904762,D3:knockoff_path,False,False,0.04109666601289064,
D3,25,xfit_objective,23,22,8,1.1046618674771622,1.1029990189255783,0.0007891510187351729,0.8,1.0,0.888888888888889,D3:xfit_objective,False,False,0.04402016708627343,
D3,25,gaussian_cv,13,22,8,1.145684532490254,1.1029990189255783,0.020257597411809453,1.0,1.0,1.0,D3:gaussian_cv,False,False,0.04522062500473112,
D3,25,k_posterior,19,22,8,1.109477486312264,1.1029990189255783,0.0030745368441255803,1.0,1.0,1.0,D3:k_posterior,False,False,0.00038374995347112417,
D3,25,stability,1,22,8,2.8965632244713695,1.1029990189255783,0.8511857671134122,1.0,0.125,0.2222222222222222,D3:stability,False,False,0.12014954199548811,
D3,25,changepoint,76,22,8,1.129392814257647,1.1029990189255783,0.012525909503153144,0.13559322033898305,1.0,0.23880597014925373,D3:changepoint,False,False,0.0008203330216929317,exact_off_grid_k
D3,25,consensus,17,22,8,1.119755539677103,1.1029990189255783,0.007952272868702882,1.0,1.0,1.0,D3:consensus,False,False,0.04615295794792473,
D3,26,elbow,9,26,8,1.1944698340664688,1.087871539951892,0.05092418802524929,1.0,1.0,1.0,D3:elbow,False,False,0.00010599999222904444,
D3,26,penalized/bic,20,26,8,1.0925753026420795,1.087871539951892,0.0022470837610571947,1.0,1.0,1.0,D3:penalized/bic,False,False,0.00035516603384166956,
D3,26,evaluate/time_holdout/best,40,26,8,1.0918428617741391,1.087871539951892,0.0018971817594709444,0.34782608695652173,1.0,0.5161290322580645,D3:evaluate/time_holdout/best,False,False,0.015329457935877144,synthetic_time_holdout
D3,26,evaluate/one_se,21,26,8,1.0947392078823868,1.087871539951892,0.0032808256069425334,0.8888888888888888,1.0,0.9411764705882353,D3:evaluate/one_se,False,False,0.06805958296172321,synthetic_group_cv
D3,26,fixed_k=50,50,26,8,1.0922925346900734,1.087871539951892,0.0021119997198435904,0.25806451612903225,1.0,0.41025641025641024,D3:fixed_k=50,False,False,2.125045284628868e-06,
D3,26,oracle,26,26,8,1.087871539951892,1.087871539951892,0.0,0.7272727272727273,1.0,0.8421052631578948,D3:oracle,False,False,0.0,
D3,26,penalized/ebic,20,26,8,1.0925753026420795,1.087871539951892,0.0022470837610571947,1.0,1.0,1.0,D3:penalized/ebic,False,False,0.000339917023666203,
D3,26,penalized/ric,20,26,8,1.0925753026420795,1.087871539951892,0.0022470837610571947,1.0,1.0,1.0,D3:penalized/ric,False,False,0.0002560829743742943,
D3,26,chi2_stop,18,26,8,1.1025892140207927,1.087871539951892,0.007030934292189112,1.0,1.0,1.0,D3:chi2_stop,False,False,0.0005179999861866236,
D3,26,forward_stop,20,26,8,1.0925753026420795,1.087871539951892,0.0022470837610571947,1.0,1.0,1.0,D3:forward_stop,False,False,0.0005090830381959677,
D3,26,perm_gap,16,26,8,1.1135690394634004,1.087871539951892,0.012276221751693675,1.0,1.0,1.0,D3:perm_gap,False,False,0.07154754200018942,
D3,26,knockoff_path,39,26,8,1.0783570131115399,1.087871539951892,-0.00454528431072812,0.4,1.0,0.5714285714285715,D3:knockoff_path,False,False,0.06678049999754876,
D3,26,xfit_objective,13,26,8,1.1343649197792376,1.087871539951892,0.022210839637942383,1.0,1.0,1.0,D3:xfit_objective,False,False,0.03975837503094226,
D3,26,gaussian_cv,12,26,8,1.140922706665852,1.087871539951892,0.025343628724459315,1.0,1.0,1.0,D3:gaussian_cv,False,False,0.043314166949130595,
D3,26,k_posterior,20,26,8,1.0925753026420795,1.087871539951892,0.0022470837610571947,1.0,1.0,1.0,D3:k_posterior,False,False,0.000380875077098608,
D3,26,stability,1,26,8,2.8886552938554586,1.087871539951892,0.8602712758051482,1.0,0.125,0.2222222222222222,D3:stability,False,False,0.12034979101736099,
D3,26,changepoint,80,26,8,1.1020860142445041,1.087871539951892,0.006790545454498725,0.13114754098360656,1.0,0.23188405797101452,D3:changepoint,False,False,0.000788375036790967,
D3,26,consensus,18,26,8,1.1025892140207927,1.087871539951892,0.007030934292189112,1.0,1.0,1.0,D3:consensus,False,False,0.04535095801111311,
D3,27,elbow,9,24,8,1.1902823158618643,1.0993547310826524,0.043363321667361704,1.0,1.0,1.0,D3:elbow,False,False,0.00011200003791600466,
D3,27,penalized/bic,19,24,8,1.105258738955819,1.0993547310826524,0.00281561852932109,0.8888888888888888,1.0,0.9411764705882353,D3:penalized/bic,False,False,0.0003390839556232095,
D3,27,evaluate/time_holdout/best,26,24,8,1.101344310930519,1.0993547310826524,0.0009488296773243399,0.6153846153846154,1.0,0.761904761904762,D3:evaluate/time_holdout/best,False,False,0.016195875010453165,synthetic_time_holdout
D3,27,evaluate/one_se,16,24,8,1.1130850436019317,1.0993547310826524,0.006547979469735507,1.0,1.0,1.0,D3:evaluate/one_se,False,False,0.0702780409483239,synthetic_group_cv
D3,27,fixed_k=50,50,24,8,1.1141774345184186,1.0993547310826524,0.007068940175039012,0.2222222222222222,1.0,0.3636363636363636,D3:fixed_k=50,False,False,1.915963366627693e-06,
D3,27,oracle,24,24,8,1.0993547310826524,1.0993547310826524,0.0,0.7272727272727273,1.0,0.8421052631578948,D3:oracle,False,False,0.0,
D3,27,penalized/ebic,19,24,8,1.105258738955819,1.0993547310826524,0.00281561852932109,0.8888888888888888,1.0,0.9411764705882353,D3:penalized/ebic,False,False,0.0003214580938220024,
D3,27,penalized/ric,17,24,8,1.108382125440026,1.0993547310826524,0.0043051600489273185,1.0,1.0,1.0,D3:penalized/ric,False,False,0.00025479099713265896,
D3,27,chi2_stop,16,24,8,1.1130850436019317,1.0993547310826524,0.006547979469735507,1.0,1.0,1.0,D3:chi2_stop,False,False,0.0004960000514984131,
D3,27,forward_stop,19,24,8,1.105258738955819,1.0993547310826524,0.00281561852932109,0.8888888888888888,1.0,0.9411764705882353,D3:forward_stop,False,False,0.0005038329400122166,
D3,27,perm_gap,16,24,8,1.1130850436019317,1.0993547310826524,0.006547979469735507,1.0,1.0,1.0,D3:perm_gap,False,False,0.0810488749993965,
D3,27,knockoff_path,20,24,8,1.1046386163348172,1.0993547310826524,0.002519882348128043,0.8888888888888888,1.0,0.9411764705882353,D3:knockoff_path,False,False,0.06403899996075779,
D3,27,xfit_objective,15,24,8,1.1173415913637992,1.0993547310826524,0.00857792506037816,1.0,1.0,1.0,D3:xfit_objective,False,False,0.04540929093491286,
D3,27,gaussian_cv,14,24,8,1.1226799633746782,1.0993547310826524,0.011123792117662108,1.0,1.0,1.0,D3:gaussian_cv,False,False,0.050808792002499104,
D3,27,k_posterior,19,24,8,1.105258738955819,1.0993547310826524,0.00281561852932109,0.8888888888888888,1.0,0.9411764705882353,D3:k_posterior,False,False,0.00039662502240389585,
D3,27,stability,17,24,8,1.108382125440026,1.0993547310826524,0.0043051600489273185,1.0,1.0,1.0,D3:stability,False,False,0.12084154190961272,
D3,27,changepoint,76,24,8,1.118671358642026,1.0993547310826524,0.009212090438997858,0.13333333333333333,1.0,0.23529411764705882,D3:changepoint,False,False,0.0007605829741805792,exact_off_grid_k
D3,27,consensus,16,24,8,1.1130850436019317,1.0993547310826524,0.006547979469735507,1.0,1.0,1.0,D3:consensus,False,False,0.053657792042940855,
D3,28,elbow,9,19,8,1.1895799900409774,1.103284360513273,0.040759146234209086,1.0,1.0,1.0,D3:elbow,False,False,0.00010770803783088923,
D3,28,penalized/bic,19,19,8,1.103284360513273,1.103284360513273,0.0,0.8888888888888888,1.0,0.9411764705882353,D3:penalized/bic,False,False,0.0003516670549288392,
D3,28,evaluate/time_holdout/best,40,19,8,1.1153531107737125,1.103284360513273,0.005700311353212617,0.3076923076923077,1.0,0.47058823529411764,D3:evaluate/time_holdout/best,False,False,0.015395708964206278,synthetic_time_holdout
D3,28,evaluate/one_se,21,19,8,1.1077590191847606,1.103284360513273,0.0021134704983035665,0.7272727272727273,1.0,0.8421052631578948,D3:evaluate/one_se,False,False,0.06842229200992733,synthetic_group_cv
D3,28,fixed_k=50,50,19,8,1.123855985288908,1.103284360513273,0.009716388501878925,0.22857142857142856,1.0,0.3720930232558139,D3:fixed_k=50,False,False,2.1669548004865646e-06,
D3,28,oracle,19,19,8,1.103284360513273,1.103284360513273,0.0,0.8888888888888888,1.0,0.9411764705882353,D3:oracle,False,False,0.0,
D3,28,penalized/ebic,17,19,8,1.1067548822557214,1.103284360513273,0.0016391966080280475,1.0,1.0,1.0,D3:penalized/ebic,False,False,0.00035329197999089956,
D3,28,penalized/ric,17,19,8,1.1067548822557214,1.103284360513273,0.0016391966080280475,1.0,1.0,1.0,D3:penalized/ric,False,False,0.0002675829455256462,
D3,28,chi2_stop,16,19,8,1.1118133657328906,1.103284360513273,0.004028419201312192,1.0,1.0,1.0,D3:chi2_stop,False,False,0.0006616670871153474,
D3,28,forward_stop,18,19,8,1.1089980171302658,1.103284360513273,0.0026986739288958205,0.8888888888888888,1.0,0.9411764705882353,D3:forward_stop,False,False,0.0005868329899385571,
D3,28,perm_gap,16,19,8,1.1118133657328906,1.103284360513273,0.004028419201312192,1.0,1.0,1.0,D3:perm_gap,False,False,0.07403512496966869,
D3,28,knockoff_path,21,19,8,1.0990083484639876,1.103284360513273,-0.002019645738375502,0.8888888888888888,1.0,0.9411764705882353,D3:knockoff_path,False,False,0.053277250030077994,
D3,28,xfit_objective,19,19,8,1.103284360513273,1.103284360513273,0.0,0.8888888888888888,1.0,0.9411764705882353,D3:xfit_objective,False,False,0.03877491701859981,
D3,28,gaussian_cv,16,19,8,1.1118133657328906,1.103284360513273,0.004028419201312192,1.0,1.0,1.0,D3:gaussian_cv,False,False,0.04693516704719514,
D3,28,k_posterior,17,19,8,1.1067548822557214,1.103284360513273,0.0016391966080280475,1.0,1.0,1.0,D3:k_posterior,False,False,0.00041158392559736967,
D3,28,stability,1,19,8,2.9141991207022304,1.103284360513273,0.8553311440243094,1.0,0.125,0.2222222222222222,D3:stability,False,False,0.12155966705176979,
D3,28,changepoint,77,19,8,1.1323914396792865,1.103284360513273,0.013747853775113481,0.13114754098360656,1.0,0.23188405797101452,D3:changepoint,False,False,0.0007815000135451555,exact_off_grid_k
D3,28,consensus,16,19,8,1.1118133657328906,1.103284360513273,0.004028419201312192,1.0,1.0,1.0,D3:consensus,False,False,0.055123541969805956,
D3,29,elbow,9,19,8,1.1769302056376152,1.0935562201941658,0.0393123438726666,1.0,1.0,1.0,D3:elbow,False,False,0.000110417022369802,
D3,29,penalized/bic,20,19,8,1.0960925069132659,1.0935562201941658,0.0011959051151341452,0.8888888888888888,1.0,0.9411764705882353,D3:penalized/bic,False,False,0.00038516707718372345,
D3,29,evaluate/time_holdout/best,40,19,8,1.1046817623462406,1.0935562201941658,0.005245894586014143,0.32,1.0,0.48484848484848486,D3:evaluate/time_holdout/best,False,False,0.01572291599586606,synthetic_time_holdout
D3,29,evaluate/one_se,21,19,8,1.0977907799047253,1.0935562201941658,0.0019966715829336065,0.8,1.0,0.888888888888889,D3:evaluate/one_se,False,False,0.06801970803644508,synthetic_group_cv
D3,29,fixed_k=50,50,19,8,1.1060965734845682,1.0935562201941658,0.005913003657134901,0.24242424242424243,1.0,0.3902439024390244,D3:fixed_k=50,False,False,1.9170111045241356e-06,
D3,29,oracle,19,19,8,1.0935562201941658,1.0935562201941658,0.0,1.0,1.0,1.0,D3:oracle,False,False,0.0,
D3,29,penalized/ebic,20,19,8,1.0960925069132659,1.0935562201941658,0.0011959051151341452,0.8888888888888888,1.0,0.9411764705882353,D3:penalized/ebic,False,False,0.00030487508047372103,
D3,29,penalized/ric,17,19,8,1.1021095162546837,1.0935562201941658,0.0040330339756143125,1.0,1.0,1.0,D3:penalized/ric,False,False,0.0002507080789655447,
D3,29,chi2_stop,17,19,8,1.1021095162546837,1.0935562201941658,0.0040330339756143125,1.0,1.0,1.0,D3:chi2_stop,False,False,0.0005644579650834203,
D3,29,forward_stop,19,19,8,1.0935562201941658,1.0935562201941658,0.0,1.0,1.0,1.0,D3:forward_stop,False,False,0.000561750028282404,
D3,29,perm_gap,16,19,8,1.1094793609742624,1.0935562201941658,0.007508049214039584,1.0,1.0,1.0,D3:perm_gap,False,False,0.06901075004134327,
D3,29,knockoff_path,20,19,8,1.3098449137330865,1.0935562201941658,0.10198403555913865,0.7777777777777778,0.875,0.823529411764706,D3:knockoff_path,False,False,0.06360037496779114,
D3,29,xfit_objective,23,19,8,1.0973739504175424,1.0935562201941658,0.0018001289317787505,0.7272727272727273,1.0,0.8421052631578948,D3:xfit_objective,False,False,0.0410248750122264,
D3,29,gaussian_cv,15,19,8,1.1176056536229346,1.0935562201941658,0.011339743348791138,1.0,1.0,1.0,D3:gaussian_cv,False,False,0.046606291085481644,
D3,29,k_posterior,20,19,8,1.0960925069132659,1.0935562201941658,0.0011959051151341452,0.8888888888888888,1.0,0.9411764705882353,D3:k_posterior,False,False,0.0004099999787285924,
D3,29,stability,3,19,8,2.326348656018319,1.0935562201941658,0.5812839568958033,1.0,0.375,0.5454545454545454,D3:stability,False,False,0.12524254200980067,
D3,29,changepoint,73,19,8,1.112287955177452,1.0935562201941658,0.008832352238865727,0.14285714285714285,1.0,0.25,D3:changepoint,False,False,0.0007913749432191253,exact_off_grid_k
D3,29,consensus,17,19,8,1.1021095162546837,1.0935562201941658,0.0040330339756143125,1.0,1.0,1.0,D3:consensus,False,False,0.05321225000079721,
D4,0,elbow,2,35,,1.0630744445857456,1.0279877150229237,0.9699262912866079,1.0,0.05,0.09523809523809523,D4:elbow,False,False,0.00011095800437033176,
D4,0,penalized/bic,21,35,,1.0373339153733563,1.0279877150229237,0.2583633629143394,1.0,0.525,0.6885245901639345,D4:penalized/bic,False,False,0.00034899997990578413,
D4,0,evaluate/time_holdout/best,100,35,,1.0355881543230703,1.0279877150229237,0.21010410472543395,0.39,0.975,0.5571428571428572,D4:evaluate/time_holdout/best,False,True,0.027496750000864267,synthetic_time_holdout
D4,0,evaluate/one_se,40,35,,1.0290039197932712,1.0279877150229237,0.02809163853034846,0.8,0.8,0.8000000000000002,D4:evaluate/one_se,False,False,0.1593321249820292,synthetic_group_cv
D4,0,fixed_k=50,50,35,,1.0321128116318707,1.0279877150229237,0.11403284674769038,0.66,0.825,0.7333333333333334,D4:fixed_k=50,False,False,2.125045284628868e-06,
D4,0,oracle,35,35,,1.0279877150229237,1.0279877150229237,0.0,0.8857142857142857,0.775,0.8266666666666667,D4:oracle,False,False,0.0,
D4,0,penalized/ebic,18,35,,1.041233682774838,1.0279877150229237,0.3661672813681013,1.0,0.45,0.6206896551724138,D4:penalized/ebic,False,False,0.0003377079265192151,
D4,0,penalized/ric,12,35,,1.04894083525171,1.0279877150229237,0.5792213309023654,1.0,0.3,0.4615384615384615,D4:penalized/ric,False,False,0.0005111250793561339,
D4,0,chi2_stop,11,35,,1.0502710172509582,1.0279877150229237,0.615992455180476,1.0,0.275,0.4313725490196079,D4:chi2_stop,False,False,0.000545416958630085,
D4,0,forward_stop,13,35,,1.047737843153815,1.0279877150229237,0.5459662034368848,1.0,0.325,0.4905660377358491,D4:forward_stop,False,False,0.0005187500501051545,
D4,0,perm_gap,11,35,,1.0502710172509582,1.0279877150229237,0.615992455180476,1.0,0.275,0.4313725490196079,D4:perm_gap,False,False,0.25869779102504253,
D4,0,knockoff_path,37,35,,1.0277229565054369,1.0279877150229237,-0.007318899485709725,0.8648648648648649,0.8,0.8311688311688312,D4:knockoff_path,False,False,0.17469145799987018,
D4,0,xfit_objective,75,35,,1.0320852785917656,1.0279877150229237,0.11327173222348731,0.49333333333333335,0.925,0.6434782608695652,D4:xfit_objective,False,False,0.13580829207785428,
D4,0,gaussian_cv,11,35,,1.0502710172509582,1.0279877150229237,0.615992455180476,1.0,0.275,0.4313725490196079,D4:gaussian_cv,False,False,0.13611933402717113,
D4,0,k_posterior,18,35,,1.041233682774838,1.0279877150229237,0.3661672813681013,1.0,0.45,0.6206896551724138,D4:k_posterior,False,False,0.0004320830339565873,
D4,0,stability,1,35,,1.0635795284920677,1.0279877150229237,0.983888668691159,1.0,0.025,0.04878048780487806,D4:stability,False,False,0.4948600420029834,
D4,0,changepoint,80,35,,1.0333951060610085,1.0279877150229237,0.14948018240672295,0.4625,0.925,0.6166666666666667,D4:changepoint,False,False,0.000739875016734004,
D4,0,consensus,11,35,,1.0502710172509582,1.0279877150229237,0.615992455180476,1.0,0.275,0.4313725490196079,D4:consensus,False,False,0.128521875012666,
D4,1,elbow,2,40,,1.0554402791517472,1.010753913134087,0.9458845737938232,1.0,0.05,0.09523809523809523,D4:elbow,False,False,0.00010583305265754461,
D4,1,penalized/bic,33,40,,1.0118625088817277,1.010753913134087,0.02346585121404414,1.0,0.825,0.9041095890410958,D4:penalized/bic,False,False,0.000384374987334013,exact_off_grid_k
D4,1,evaluate/time_holdout/best,100,40,,1.014958675748896,1.010753913134087,0.08900298789659827,0.4,1.0,0.5714285714285715,D4:evaluate/time_holdout/best,False,True,0.02787262503989041,synthetic_time_holdout
D4,1,evaluate/one_se,40,40,,1.010753913134087,1.010753913134087,0.0,0.9,0.9,0.9,D4:evaluate/one_se,False,False,0.1366951660020277,synthetic_group_cv
D4,1,fixed_k=50,50,40,,1.0120840782826406,1.010753913134087,0.028155851700219642,0.76,0.95,0.8444444444444444,D4:fixed_k=50,False,False,2.1670712158083916e-06,
D4,1,oracle,40,40,,1.010753913134087,1.010753913134087,0.0,0.9,0.9,0.9,D4:oracle,False,False,0.0,
D4,1,penalized/ebic,32,40,,1.013170306453802,1.010753913134087,0.051148244286267776,1.0,0.8,0.888888888888889,D4:penalized/ebic,False,False,0.0003184580709785223,exact_off_grid_k
D4,1,penalized/ric,27,40,,1.0205191438282248,1.010753913134087,0.2067024440849029,1.0,0.675,0.8059701492537313,D4:penalized/ric,False,False,0.00037866702768951654,
D4,1,chi2_stop,20,40,,1.030668954770604,1.010753913134087,0.42154536940861526,1.0,0.5,0.6666666666666666,D4:chi2_stop,False,False,0.0006056670099496841,
D4,1,forward_stop,29,40,,1.0185920478303772,1.010753913134087,0.16591124670126337,1.0,0.725,0.8405797101449275,D4:forward_stop,False,False,0.0005497080273926258,
D4,1,perm_gap,18,40,,1.0335420506735444,1.010753913134087,0.48236072173660566,1.0,0.45,0.6206896551724138,D4:perm_gap,False,False,0.2580900840694085,
D4,1,knockoff_path,51,40,,1.0121858674758004,1.010753913134087,0.03031044237673073,0.7450980392156863,0.95,0.8351648351648352,D4:knockoff_path,False,False,0.16823179100174457,
D4,1,xfit_objective,35,40,,1.0113109916531067,1.010753913134087,0.011791784038208658,0.9714285714285714,0.85,0.9066666666666667,D4:xfit_objective,False,False,0.1198834580136463,
D4,1,gaussian_cv,26,40,,1.0215535873169708,1.010753913134087,0.228598700721201,1.0,0.65,0.787878787878788,D4:gaussian_cv,False,False,0.12261199997738004,
D4,1,k_posterior,32,40,,1.013170306453802,1.010753913134087,0.051148244286267776,1.0,0.8,0.888888888888889,D4:k_posterior,False,False,0.00039316597394645214,exact_off_grid_k
D4,1,stability,45,40,,1.0130271969296705,1.010753913134087,0.048119018522295214,0.8,0.9,0.8470588235294118,D4:stability,False,False,0.4892132499953732,
D4,1,changepoint,75,40,,1.0151883370633616,1.010753913134087,0.09386427141346416,0.5333333333333333,1.0,0.6956521739130436,D4:changepoint,False,False,0.000765583012253046,
D4,1,consensus,26,40,,1.0215535873169708,1.010753913134087,0.228598700721201,1.0,0.65,0.787878787878788,D4:consensus,False,False,0.13372349995188415,
D4,2,elbow,2,45,,1.0477182689657984,1.0041026908129094,0.9463126801608639,1.0,0.05,0.09523809523809523,D4:elbow,False,False,0.00011958391405642033,
D4,2,penalized/bic,35,45,,1.0096509149816495,1.0041026908129094,0.12037797286211065,0.9428571428571428,0.825,0.88,D4:penalized/bic,False,False,0.0003805840387940407,
D4,2,evaluate/time_holdout/best,100,45,,1.015203147760579,1.0041026908129094,0.2408429192050886,0.4,1.0,0.5714285714285715,D4:evaluate/time_holdout/best,False,True,0.027367667062208056,synthetic_time_holdout
D4,2,evaluate/one_se,40,45,,1.0047442719880568,1.0041026908129094,0.013920173183679961,0.925,0.925,0.925,D4:evaluate/one_se,False,False,0.13745395792648196,synthetic_group_cv
D4,2,fixed_k=50,50,45,,1.0047838218310396,1.0041026908129094,0.014778272961282857,0.8,1.0,0.888888888888889,D4:fixed_k=50,False,False,2.249958924949169e-06,
D4,2,oracle,45,45,,1.0041026908129094,1.0041026908129094,0.0,0.8666666666666667,0.975,0.9176470588235294,D4:oracle,False,False,0.0,
D4,2,penalized/ebic,25,45,,1.019483752783203,1.0041026908129094,0.3337177814267902,1.0,0.625,0.7692307692307693,D4:penalized/ebic,False,False,0.0005288328975439072,
D4,2,penalized/ric,19,45,,1.0272935005487227,1.0041026908129094,0.5031632789383188,1.0,0.475,0.6440677966101694,D4:penalized/ric,False,False,0.00026654195971786976,
D4,2,chi2_stop,15,45,,1.0324343746724345,1.0041026908129094,0.6147031134746421,1.0,0.375,0.5454545454545454,D4:chi2_stop,False,False,0.0005040409741923213,
D4,2,forward_stop,19,45,,1.0272935005487227,1.0041026908129094,0.5031632789383188,1.0,0.475,0.6440677966101694,D4:forward_stop,False,False,0.0005022500408813357,
D4,2,perm_gap,11,45,,1.0365016676496612,1.0041026908129094,0.7029498152559861,1.0,0.275,0.4313725490196079,D4:perm_gap,False,False,0.2546153749572113,
D4,2,knockoff_path,48,45,,1.002927988643457,1.0041026908129094,-0.02548712192851255,0.8333333333333334,1.0,0.9090909090909091,D4:knockoff_path,False,False,0.16954291705042124,
D4,2,xfit_objective,63,45,,1.0092991621214624,1.0041026908129094,0.112746108148291,0.6349206349206349,1.0,0.7766990291262136,D4:xfit_objective,False,False,0.11988545896019787,exact_off_grid_k
D4,2,gaussian_cv,38,45,,1.0058652028872916,1.0041026908129094,0.038240637761994024,0.9473684210526315,0.9,0.9230769230769231,D4:gaussian_cv,False,False,0.12827841693069786,exact_off_grid_k
D4,2,k_posterior,25,45,,1.019483752783203,1.0041026908129094,0.3337177814267902,1.0,0.625,0.7692307692307693,D4:k_posterior,False,False,0.000566457980312407,
D4,2,stability,46,45,,1.0044196502205112,1.0041026908129094,0.006876962755335679,0.8478260869565217,0.975,0.9069767441860466,D4:stability,False,False,0.4892940829740837,exact_off_grid_k
D4,2,changepoint,70,45,,1.0122405913897334,1.0041026908129094,0.17656531982087023,0.5714285714285714,1.0,0.7272727272727273,D4:changepoint,False,False,0.0008110000053420663,
D4,2,consensus,25,45,,1.019483752783203,1.0041026908129094,0.3337177814267902,1.0,0.625,0.7692307692307693,D4:consensus,False,False,0.12577133404556662,
D4,3,elbow,2,45,,1.052436610915433,1.0125812675175465,0.9739847232906343,1.0,0.05,0.09523809523809523,D4:elbow,False,False,0.00011079199612140656,
D4,3,penalized/bic,31,45,,1.013417471585588,1.0125812675175465,0.020435151685809012,1.0,0.775,0.8732394366197184,D4:penalized/bic,False,False,0.00035149999894201756,exact_off_grid_k
D4,3,evaluate/time_holdout/best,100,45,,1.0181306725017574,1.0125812675175465,0.13561633691157457,0.37,0.925,0.5285714285714286,D4:evaluate/time_holdout/best,False,True,0.029302916955202818,synthetic_time_holdout
D4,3,evaluate/one_se,40,45,,1.0127043544843157,1.0125812675175465,0.0030079988038882225,0.85,0.85,0.85,D4:evaluate/one_se,False,False,0.1434842919697985,synthetic_group_cv
D4,3,fixed_k=50,50,45,,1.0130865505296016,1.0125812675175465,0.012348104237035482,0.72,0.9,0.7999999999999999,D4:fixed_k=50,False,False,2.500019036233425e-06,
D4,3,oracle,45,45,,1.0125812675175465,1.0125812675175465,0.0,0.7777777777777778,0.875,0.823529411764706,D4:oracle,False,False,0.0,
D4,3,penalized/ebic,28,45,,1.016897675998437,1.0125812675175465,0.10548437327207552,1.0,0.7,0.8235294117647058,D4:penalized/ebic,False,False,0.00036700000055134296,
D4,3,penalized/ric,21,45,,1.0267441712317165,1.0125812675175465,0.34611298458337236,1.0,0.525,0.6885245901639345,D4:penalized/ric,False,False,0.00027908303309231997,
D4,3,chi2_stop,16,45,,1.0341049219885725,1.0125812675175465,0.5259949822757555,1.0,0.4,0.5714285714285715,D4:chi2_stop,False,False,0.0005372079322114587,
D4,3,forward_stop,22,45,,1.0254154541896578,1.0125812675175465,0.3136418027992597,1.0,0.55,0.7096774193548387,D4:forward_stop,False,False,0.0005489160539582372,
D4,3,perm_gap,21,45,,1.0267441712317165,1.0125812675175465,0.34611298458337236,1.0,0.525,0.6885245901639345,D4:perm_gap,False,False,0.26555404195096344,
D4,3,knockoff_path,47,45,,1.0116342528501612,1.0125812675175465,-0.023143140671431073,0.7659574468085106,0.9,0.8275862068965516,D4:knockoff_path,False,False,0.17411879205610603,
D4,3,xfit_objective,96,45,,1.0175439283634062,1.0125812675175465,0.12127748599441907,0.3854166666666667,0.925,0.5441176470588236,D4:xfit_objective,False,False,0.1267263749614358,exact_off_grid_k
D4,3,gaussian_cv,25,45,,1.0214111075359102,1.0125812675175465,0.21578359521656057,1.0,0.625,0.7692307692307693,D4:gaussian_cv,False,False,0.12925379199441522,
D4,3,k_posterior,28,45,,1.016897675998437,1.0125812675175465,0.10548437327207552,1.0,0.7,0.8235294117647058,D4:k_posterior,False,False,0.000442708027549088,
D4,3,stability,1,45,,1.0536949517111178,1.0125812675175465,1.0047360506460357,1.0,0.025,0.04878048780487806,D4:stability,False,False,0.4876439579529688,
D4,3,changepoint,72,45,,1.0165745666455928,1.0125812675175465,0.0975882281935903,0.5138888888888888,0.925,0.6607142857142857,D4:changepoint,False,False,0.0007466250099241734,exact_off_grid_k
D4,3,consensus,25,45,,1.0214111075359102,1.0125812675175465,0.21578359521656057,1.0,0.625,0.7692307692307693,D4:consensus,False,False,0.1354005419416353,
D4,4,elbow,2,45,,1.0501568042518512,1.007042956584385,0.9994763339346828,1.0,0.05,0.09523809523809523,D4:elbow,False,False,0.00011424999684095383,
D4,4,penalized/bic,28,45,,1.0166113733295397,1.007042956584385,0.2218175042916188,0.9642857142857143,0.675,0.7941176470588236,D4:penalized/bic,False,False,0.00034904200583696365,
D4,4,evaluate/time_holdout/best,60,45,,1.012822970289476,1.007042956584385,0.1339937681418275,0.65,0.975,0.78,D4:evaluate/time_holdout/best,False,False,0.027242250042036176,synthetic_time_holdout
D4,4,evaluate/one_se,40,45,,1.0090658336585574,1.007042956584385,0.046894857951172514,0.875,0.875,0.875,D4:evaluate/one_se,False,False,0.14327995898202062,synthetic_group_cv
D4,4,fixed_k=50,50,45,,1.0079360312971777,1.007042956584385,0.020703488279598233,0.78,0.975,0.8666666666666667,D4:fixed_k=50,False,False,2.7080532163381577e-06,
D4,4,oracle,45,45,,1.007042956584385,1.007042956584385,0.0,0.8444444444444444,0.95,0.8941176470588236,D4:oracle,False,False,0.0,
D4,4,penalized/ebic,27,45,,1.0179088282856936,1.007042956584385,0.25189543964603395,0.9629629629629629,0.65,0.7761194029850746,D4:penalized/ebic,False,False,0.0005803749663755298,
D4,4,penalized/ric,22,45,,1.0215812873504013,1.007042956584385,0.3370313326618884,1.0,0.55,0.7096774193548387,D4:penalized/ric,False,False,0.0002597919665277004,
D4,4,chi2_stop,15,45,,1.0309816415770197,1.007042956584385,0.554952768312312,1.0,0.375,0.5454545454545454,D4:chi2_stop,False,False,0.0005197500577196479,
D4,4,forward_stop,22,45,,1.0215812873504013,1.007042956584385,0.3370313326618884,1.0,0.55,0.7096774193548387,D4:forward_stop,False,False,0.0005537500837817788,
D4,4,perm_gap,19,45,,1.0257876819489757,1.007042956584385,0.43454505690409523,1.0,0.475,0.6440677966101694,D4:perm_gap,False,False,0.25453770894091576,
D4,4,knockoff_path,37,45,,1.0120737033034266,1.007042956584385,0.11662406766575459,0.8918918918918919,0.825,0.8571428571428571,D4:knockoff_path,False,False,0.16802362503949553,
D4,4,xfit_objective,48,45,,1.0075661071918436,1.007042956584385,0.012127812281364617,0.8125,0.975,0.8863636363636362,D4:xfit_objective,False,False,0.12520975002553314,exact_off_grid_k
D4,4,gaussian_cv,25,45,,1.0201466852730234,1.007042956584385,0.3037740173785967,0.96,0.6,0.7384615384615384,D4:gaussian_cv,False,False,0.12225283309817314,
D4,4,k_posterior,27,45,,1.0179088282856936,1.007042956584385,0.25189543964603395,0.9629629629629629,0.65,0.7761194029850746,D4:k_posterior,False,False,0.0003904160112142563,
D4,4,stability,31,45,,1.0132502344283292,1.007042956584385,0.14389871558276285,0.967741935483871,0.75,0.8450704225352113,D4:stability,False,False,0.48284962493926287,exact_off_grid_k
D4,4,changepoint,70,45,,1.0137458084338247,1.007042956584385,0.15538723996653586,0.5714285714285714,1.0,0.7272727272727273,D4:changepoint,False,False,0.0008334999438375235,
D4,4,consensus,25,45,,1.0201466852730234,1.007042956584385,0.3037740173785967,0.96,0.6,0.7384615384615384,D4:consensus,False,False,0.13346566597465426,
D4,5,elbow,2,45,,1.0513431369482051,1.0085357425286403,0.9642671487672909,1.0,0.05,0.09523809523809523,D4:elbow,False,False,0.0001109590521082282,
D4,5,penalized/bic,33,45,,1.0128879240743571,1.0085357425286403,0.09803599931529393,0.9393939393939394,0.775,0.8493150684931509,D4:penalized/bic,False,False,0.0003628750564530492,exact_off_grid_k
D4,5,evaluate/time_holdout/best,100,45,,1.0153511679008518,1.0085357425286403,0.15352232670099092,0.39,0.975,0.5571428571428572,D4:evaluate/time_holdout/best,False,True,0.029042957932688296,synthetic_time_holdout
D4,5,evaluate/one_se,40,45,,1.0123391716265964,1.0085357425286403,0.08567495829992447,0.85,0.85,0.85,D4:evaluate/one_se,False,False,0.1419529590057209,synthetic_group_cv
D4,5,fixed_k=50,50,45,,1.0099841175731779,1.0085357425286403,0.03262568286341665,0.76,0.95,0.8444444444444444,D4:fixed_k=50,False,False,2.209097146987915e-06,
D4,5,oracle,45,45,,1.0085357425286403,1.0085357425286403,0.0,0.8444444444444444,0.95,0.8941176470588236,D4:oracle,False,False,0.0,
D4,5,penalized/ebic,30,45,,1.0151075021215394,1.0085357425286403,0.14803358090238458,0.9666666666666667,0.725,0.8285714285714285,D4:penalized/ebic,False,False,0.0003411249490454793,
D4,5,penalized/ric,26,45,,1.018311687393446,1.0085357425286403,0.22021014381066742,1.0,0.65,0.787878787878788,D4:penalized/ric,False,False,0.0002633749973028898,
D4,5,chi2_stop,23,45,,1.022293107531794,1.0085357425286403,0.30989447748492066,1.0,0.575,0.7301587301587301,D4:chi2_stop,False,False,0.0005115829408168793,
D4,5,forward_stop,28,45,,1.0176632862996602,1.0085357425286403,0.20560444583628676,0.9642857142857143,0.675,0.7941176470588236,D4:forward_stop,False,False,0.0005139999557286501,
D4,5,perm_gap,21,45,,1.0256422492111366,1.0085357425286403,0.3853362870541877,1.0,0.525,0.6885245901639345,D4:perm_gap,False,False,0.25806904199998826,
D4,5,knockoff_path,36,45,,1.0094970449414733,1.0085357425286403,0.021654023780104788,0.9444444444444444,0.85,0.8947368421052632,D4:knockoff_path,False,False,0.16946029104292393,
D4,5,xfit_objective,71,45,,1.015015861782525,1.0085357425286403,0.14596931678138883,0.5352112676056338,0.95,0.6846846846846846,D4:xfit_objective,False,False,0.11537479201797396,exact_off_grid_k
D4,5,gaussian_cv,28,45,,1.0176632862996602,1.0085357425286403,0.20560444583628676,0.9642857142857143,0.675,0.7941176470588236,D4:gaussian_cv,False,False,0.13623983308207244,
D4,5,k_posterior,30,45,,1.0151075021215394,1.0085357425286403,0.14803358090238458,0.9666666666666667,0.725,0.8285714285714285,D4:k_posterior,False,False,0.0004116250202059746,
D4,5,stability,46,45,,1.0090816690209947,1.0085357425286403,0.012297384350459751,0.8260869565217391,0.95,0.8837209302325583,D4:stability,False,False,0.4810125839430839,exact_off_grid_k
D4,5,changepoint,80,45,,1.0165206462812875,1.0085357425286403,0.1798656629105011,0.475,0.95,0.6333333333333334,D4:changepoint,False,False,0.0008587499614804983,
D4,5,consensus,28,45,,1.0176632862996602,1.0085357425286403,0.20560444583628676,0.9642857142857143,0.675,0.7941176470588236,D4:consensus,False,False,0.12846187502145767,
D4,6,elbow,2,40,,1.0505610890666486,1.0148314793505815,1.0088589885844603,1.0,0.05,0.09523809523809523,D4:elbow,False,False,0.0001147089060395956,
D4,6,penalized/bic,29,40,,1.0177195948277995,1.0148314793505815,0.08154864501503468,0.9310344827586207,0.675,0.7826086956521738,D4:penalized/bic,False,False,0.0003690000157803297,
D4,6,evaluate/time_holdout/best,75,40,,1.0228667524588981,1.0148314793505815,0.22688346067801812,0.48,0.9,0.6260869565217392,D4:evaluate/time_holdout/best,False,False,0.03096162504516542,synthetic_time_holdout
D4,6,evaluate/one_se,100,40,,1.022206925066682,1.0148314793505815,0.2082526163771342,0.38,0.95,0.5428571428571428,D4:evaluate/one_se,False,True,0.1548013329738751,synthetic_group_cv
D4,6,fixed_k=50,50,40,,1.0176707868224601,1.0148314793505815,0.08017050527903472,0.66,0.825,0.7333333333333334,D4:fixed_k=50,False,False,2.500019036233425e-06,
D4,6,oracle,40,40,,1.0148314793505815,1.0148314793505815,0.0,0.8,0.8,0.8000000000000002,D4:oracle,False,False,0.0,
D4,6,penalized/ebic,24,40,,1.021985392228865,1.0148314793505815,0.20199742925154385,0.9583333333333334,0.575,0.71875,D4:penalized/ebic,False,False,0.00036700000055134296,
D4,6,penalized/ric,21,40,,1.023395513864713,1.0148314793505815,0.24181353411884443,1.0,0.525,0.6885245901639345,D4:penalized/ric,False,False,0.0002846659626811743,
D4,6,chi2_stop,14,40,,1.0335556814076865,1.0148314793505815,0.5286953789726798,1.0,0.35,0.5185185185185185,D4:chi2_stop,False,False,0.0005370000144466758,
D4,6,forward_stop,18,40,,1.0276470936513018,1.0148314793505815,0.36186087069681006,1.0,0.45,0.6206896551724138,D4:forward_stop,False,False,0.0009229170391336083,
D4,6,perm_gap,15,40,,1.0322200573414126,1.0148314793505815,0.490982782744007,1.0,0.375,0.5454545454545454,D4:perm_gap,False,False,0.2616389999166131,
D4,6,knockoff_path,47,40,,1.0161809086968085,1.0148314793505815,0.038102401235819455,0.7021276595744681,0.825,0.7586206896551724,D4:knockoff_path,False,False,0.18194299994502217,
D4,6,xfit_objective,56,40,,1.0191140477295542,1.0148314793505815,0.1209223285025499,0.6071428571428571,0.85,0.7083333333333333,D4:xfit_objective,False,False,0.12649574992246926,exact_off_grid_k
D4,6,gaussian_cv,43,40,,1.0163153019256699,1.0148314793505815,0.041897119902468374,0.7441860465116279,0.8,0.7710843373493975,D4:gaussian_cv,False,False,0.12838537502102554,exact_off_grid_k
D4,6,k_posterior,24,40,,1.021985392228865,1.0148314793505815,0.20199742925154385,0.9583333333333334,0.575,0.71875,D4:k_posterior,False,False,0.0008810000726953149,
D4,6,stability,90,40,,1.0218114324891323,1.0148314793505815,0.19708551309920186,0.4111111111111111,0.925,0.5692307692307692,D4:stability,False,False,0.5091572089586407,
D4,6,changepoint,59,40,,1.0195058098197036,1.0148314793505815,0.13198409797539665,0.576271186440678,0.85,0.686868686868687,D4:changepoint,False,False,0.0007535420591011643,exact_off_grid_k
D4,6,consensus,24,40,,1.021985392228865,1.0148314793505815,0.20199742925154385,0.9583333333333334,0.575,0.71875,D4:consensus,False,False,0.1325052910251543,
D4,7,elbow,2,40,,1.0545677532303168,1.015134696400627,0.9489703106715082,1.0,0.05,0.09523809523809523,D4:elbow,False,False,0.00012462504673749208,
D4,7,penalized/bic,30,40,,1.0182463438376599,1.015134696400627,0.07488288437223324,0.9666666666666667,0.725,0.8285714285714285,D4:penalized/bic,False,False,0.0006652920274063945,
D4,7,evaluate/time_holdout/best,100,40,,1.0215950725971643,1.015134696400627,0.15547121372713305,0.39,0.975,0.5571428571428572,D4:evaluate/time_holdout/best,False,True,0.030146791017614305,synthetic_time_holdout
D4,7,evaluate/one_se,40,40,,1.015134696400627,1.015134696400627,0.0,0.85,0.85,0.85,D4:evaluate/one_se,False,False,0.14845125004649162,synthetic_group_cv
D4,7,fixed_k=50,50,40,,1.0199021924175813,1.015134696400627,0.11473145984787049,0.68,0.85,0.7555555555555556,D4:fixed_k=50,False,False,2.1670712158083916e-06,
D4,7,oracle,40,40,,1.015134696400627,1.015134696400627,0.0,0.85,0.85,0.85,D4:oracle,False,False,0.0,
D4,7,penalized/ebic,26,40,,1.0209591874507635,1.015134696400627,0.1401684151757154,1.0,0.65,0.787878787878788,D4:penalized/ebic,False,False,0.0008290420519188046,
D4,7,penalized/ric,24,40,,1.023205777106861,1.015134696400627,0.1942333813564005,1.0,0.6,0.7499999999999999,D4:penalized/ric,False,False,0.0002697500167414546,
D4,7,chi2_stop,20,40,,1.029183208385344,1.015134696400627,0.33808235664275943,1.0,0.5,0.6666666666666666,D4:chi2_stop,False,False,0.0005311249988153577,
D4,7,forward_stop,25,40,,1.0218396159287926,1.015134696400627,0.16135623457119797,1.0,0.625,0.7692307692307693,D4:forward_stop,False,False,0.0005146668991073966,
D4,7,perm_gap,18,40,,1.0321465479594483,1.015134696400627,0.40939616039904225,1.0,0.45,0.6206896551724138,D4:perm_gap,False,False,0.24884908297099173,
D4,7,knockoff_path,57,40,,1.0219031161961836,1.015134696400627,0.16288439072541178,0.6140350877192983,0.875,0.7216494845360825,D4:knockoff_path,False,False,0.17657479201443493,
D4,7,xfit_objective,59,40,,1.0205651863987981,1.015134696400627,0.13068664199481905,0.6101694915254238,0.9,0.7272727272727273,D4:xfit_objective,False,False,0.12145983299706131,exact_off_grid_k
D4,7,gaussian_cv,20,40,,1.029183208385344,1.015134696400627,0.33808235664275943,1.0,0.5,0.6666666666666666,D4:gaussian_cv,False,False,0.12747587508056313,
D4,7,k_posterior,26,40,,1.0209591874507635,1.015134696400627,0.1401684151757154,1.0,0.65,0.787878787878788,D4:k_posterior,False,False,0.00046833406668156385,
D4,7,stability,34,40,,1.0160037281688659,1.015134696400627,0.02091355358654805,0.9411764705882353,0.8,0.8648648648648648,D4:stability,False,False,0.4937668340280652,exact_off_grid_k
D4,7,changepoint,76,40,,1.0231018327497112,1.015134696400627,0.19173192403030484,0.5,0.95,0.6551724137931034,D4:changepoint,False,False,0.0009024159517139196,exact_off_grid_k
D4,7,consensus,20,40,,1.029183208385344,1.015134696400627,0.33808235664275943,1.0,0.5,0.6666666666666666,D4:consensus,False,False,0.12129954097326845,
D4,8,elbow,2,40,,1.0570284383501438,1.0165005487977008,0.9515443537772602,1.0,0.05,0.09523809523809523,D4:elbow,False,False,0.00011820800136774778,
D4,8,penalized/bic,37,40,,1.0160434301301253,1.0165005487977008,-0.010732576799361274,0.918918918918919,0.85,0.8831168831168831,D4:penalized/bic,False,False,0.000361250014975667,exact_off_grid_k
D4,8,evaluate/time_holdout/best,60,40,,1.0210474447077011,1.0165005487977008,0.1067554510770952,0.6166666666666667,0.925,0.74,D4:evaluate/time_holdout/best,False,False,0.032347750035114586,synthetic_time_holdout
D4,8,evaluate/one_se,60,40,,1.0210474447077011,1.0165005487977008,0.1067554510770952,0.6166666666666667,0.925,0.74,D4:evaluate/one_se,False,False,0.16709491598885506,synthetic_group_cv
D4,8,fixed_k=50,50,40,,1.0195475714540518,1.0165005487977008,0.07154029574450038,0.72,0.9,0.7999999999999999,D4:fixed_k=50,False,False,2.584070898592472e-06,
D4,8,oracle,40,40,,1.0165005487977008,1.0165005487977008,0.0,0.875,0.875,0.875,D4:oracle,False,False,0.0,
D4,8,penalized/ebic,34,40,,1.0183245463051938,1.0165005487977008,0.04282518899270188,0.9411764705882353,0.8,0.8648648648648648,D4:penalized/ebic,False,False,0.0004205419681966305,exact_off_grid_k
D4,8,penalized/ric,29,40,,1.0221270485859328,1.0165005487977008,0.13210320508037457,0.9655172413793104,0.7,0.8115942028985508,D4:penalized/ric,False,False,0.0004678330151364207,
D4,8,chi2_stop,21,40,,1.0316122879005616,1.0165005487977008,0.35480480671156556,1.0,0.525,0.6885245901639345,D4:chi2_stop,False,False,0.0006478750146925449,
D4,8,forward_stop,29,40,,1.0221270485859328,1.0165005487977008,0.13210320508037457,0.9655172413793104,0.7,0.8115942028985508,D4:forward_stop,False,False,0.0005460419924929738,
D4,8,perm_gap,26,40,,1.024085509001195,1.0165005487977008,0.17808541562276242,1.0,0.65,0.787878787878788,D4:perm_gap,False,False,0.28448283404577523,
D4,8,knockoff_path,50,40,,1.0178338072250546,1.0165005487977008,0.031303246793366574,0.74,0.925,0.8222222222222222,D4:knockoff_path,False,False,0.19175787491258234,
D4,8,xfit_objective,57,40,,1.0199810437883878,1.0165005487977008,0.08171768609990811,0.6491228070175439,0.925,0.7628865979381444,D4:xfit_objective,False,False,0.13188070803880692,exact_off_grid_k
D4,8,gaussian_cv,32,40,,1.018696696566214,1.0165005487977008,0.051562813466643535,0.96875,0.775,0.8611111111111113,D4:gaussian_cv,False,False,0.13694183400366455,exact_off_grid_k
D4,8,k_posterior,34,40,,1.0183245463051938,1.0165005487977008,0.04282518899270188,0.9411764705882353,0.8,0.8648648648648648,D4:k_posterior,False,False,0.0005342909134924412,exact_off_grid_k
D4,8,stability,44,40,,1.0171592995875882,1.0165005487977008,0.01546664782168255,0.8181818181818182,0.9,0.8571428571428572,D4:stability,False,False,0.5137453749775887,exact_off_grid_k
D4,8,changepoint,75,40,,1.0240512975556686,1.0165005487977008,0.17728217350517855,0.5066666666666667,0.95,0.6608695652173914,D4:changepoint,False,False,0.0009501250460743904,
D4,8,consensus,32,40,,1.018696696566214,1.0165005487977008,0.051562813466643535,0.96875,0.775,0.8611111111111113,D4:consensus,False,False,0.13250512501690537,exact_off_grid_k
D4,9,elbow,2,45,,1.0468851961760217,1.0044019093761454,0.9495662973572064,1.0,0.05,0.09523809523809523,D4:elbow,False,False,0.00011266593355685472,
D4,9,penalized/bic,38,45,,1.0077966733119783,1.0044019093761454,0.07587815500565365,0.9210526315789473,0.875,0.8974358974358975,D4:penalized/bic,False,False,0.00047099997755140066,exact_off_grid_k
D4,9,evaluate/time_holdout/best,75,45,,1.0124364202112257,1.0044019093761454,0.17958357931867447,0.5333333333333333,1.0,0.6956521739130436,D4:evaluate/time_holdout/best,False,False,0.028573208954185247,synthetic_time_holdout
D4,9,evaluate/one_se,40,45,,1.0046010079788776,1.0044019093761454,0.0044501576324837795,0.925,0.925,0.925,D4:evaluate/one_se,False,False,0.13712249998934567,synthetic_group_cv
D4,9,fixed_k=50,50,45,,1.0065112467055661,1.0044019093761454,0.04714690855278261,0.78,0.975,0.8666666666666667,D4:fixed_k=50,False,False,2.0830193534493446e-06,
D4,9,oracle,45,45,,1.0044019093761454,1.0044019093761454,0.0,0.8666666666666667,0.975,0.9176470588235294,D4:oracle,False,False,0.0,
D4,9,penalized/ebic,35,45,,1.0115454956429275,1.0044019093761454,0.1596700555009751,0.9142857142857143,0.8,0.8533333333333333,D4:penalized/ebic,False,False,0.00031891604885458946,
D4,9,penalized/ric,28,45,,1.0184544768596504,1.0044019093761454,0.31409633008228044,0.9285714285714286,0.65,0.7647058823529412,D4:penalized/ric,False,False,0.00025387504138052464,
D4,9,chi2_stop,19,45,,1.0244043243208236,1.0044019093761454,0.4470845014109375,1.0,0.475,0.6440677966101694,D4:chi2_stop,False,False,0.00048454198986291885,
D4,9,forward_stop,28,45,,1.0184544768596504,1.0044019093761454,0.31409633008228044,0.9285714285714286,0.65,0.7647058823529412,D4:forward_stop,False,False,0.0004977500066161156,
D4,9,perm_gap,30,45,,1.0153234448951753,1.0044019093761454,0.24411298714040858,0.9333333333333333,0.7,0.8,D4:perm_gap,False,False,0.2681086250813678,
D4,9,knockoff_path,44,45,,1.00557965890167,1.0044019093761454,0.02632449935982305,0.8636363636363636,0.95,0.9047619047619048,D4:knockoff_path,False,False,0.1768744169967249,
D4,9,xfit_objective,50,45,,1.0065112467055661,1.0044019093761454,0.04714690855278261,0.78,0.975,0.8666666666666667,D4:xfit_objective,False,False,0.12153654091525823,
D4,9,gaussian_cv,34,45,,1.0122930925968006,1.0044019093761454,0.17637998839173316,0.9117647058823529,0.775,0.8378378378378379,D4:gaussian_cv,False,False,0.1582228330662474,exact_off_grid_k
D4,9,k_posterior,35,45,,1.0115454956429275,1.0044019093761454,0.1596700555009751,0.9142857142857143,0.8,0.8533333333333333,D4:k_posterior,False,False,0.0009110829560086131,
D4,9,stability,51,45,,1.0070885603875035,1.0044019093761454,0.060050750431902805,0.7647058823529411,0.975,0.857142857142857,D4:stability,False,False,0.5058205829700455,exact_off_grid_k
D4,9,changepoint,64,45,,1.0086071519363922,1.0044019093761454,0.0939935892020979,0.625,1.0,0.7692307692307693,D4:changepoint,False,False,0.000840791966766119,exact_off_grid_k
D4,9,consensus,34,45,,1.0122930925968006,1.0044019093761454,0.17637998839173316,0.9117647058823529,0.775,0.8378378378378379,D4:consensus,False,False,0.13201445899903774,exact_off_grid_k
D4,10,elbow,2,45,,1.0562186357439496,1.0164681150167327,0.9525087131707894,1.0,0.05,0.09523809523809523,D4:elbow,False,False,0.00011533405631780624,
D4,10,penalized/bic,27,45,,1.0255658711087798,1.0164681150167327,0.21800197304193225,0.9629629629629629,0.65,0.7761194029850746,D4:penalized/bic,False,False,0.0003625419922173023,
D4,10,evaluate/time_holdout/best,100,45,,1.0272826570224445,1.0164681150167327,0.25913988800501353,0.39,0.975,0.5571428571428572,D4:evaluate/time_holdout/best,False,True,0.031197417061775923,synthetic_time_holdout
D4,10,evaluate/one_se,75,45,,1.0265578934467094,1.0164681150167327,0.24177298039608344,0.5066666666666667,0.95,0.6608695652173914,D4:evaluate/one_se,False,False,0.14213808299973607,synthetic_group_cv
D4,10,fixed_k=50,50,45,,1.0179706509336985,1.0164681150167327,0.03600402023871043,0.74,0.925,0.8222222222222222,D4:fixed_k=50,False,False,2.334010787308216e-06,
D4,10,oracle,45,45,,1.0164681150167327,1.0164681150167327,0.0,0.8222222222222222,0.925,0.8705882352941177,D4:oracle,False,False,0.0,
D4,10,penalized/ebic,26,45,,1.0270066564377065,1.0164681150167327,0.2525263152267541,0.9615384615384616,0.625,0.7575757575757575,D4:penalized/ebic,False,False,0.00033137493301182985,
D4,10,penalized/ric,23,45,,1.0312009550072576,1.0164681150167327,0.35303080825096245,0.9565217391304348,0.55,0.6984126984126985,D4:penalized/ric,False,False,0.00030179100576788187,
D4,10,chi2_stop,14,45,,1.041570409522696,1.0164681150167327,0.6015054343964417,1.0,0.35,0.5185185185185185,D4:chi2_stop,False,False,0.0006495830602943897,
D4,10,forward_stop,22,45,,1.0329889923271758,1.0164681150167327,0.3958760614838462,0.9545454545454546,0.525,0.6774193548387099,D4:forward_stop,False,False,0.0005697919987142086,
D4,10,perm_gap,12,45,,1.0427247040530425,1.0164681150167327,0.6291648355214076,1.0,0.3,0.4615384615384615,D4:perm_gap,False,False,0.26146295899525285,
D4,10,knockoff_path,46,45,,1.0189483800621932,1.0164681150167327,0.0594325312864772,0.7608695652173914,0.875,0.813953488372093,D4:knockoff_path,False,False,0.16953816602472216,
D4,10,xfit_objective,38,45,,1.0191681595695123,1.0164681150167327,0.06469892508127591,0.868421052631579,0.825,0.8461538461538461,D4:xfit_objective,False,False,0.11864250001963228,exact_off_grid_k
D4,10,gaussian_cv,17,45,,1.0402531868015525,1.0164681150167327,0.5699419203563174,0.9411764705882353,0.4,0.5614035087719298,D4:gaussian_cv,False,False,0.1345146659296006,
D4,10,k_posterior,26,45,,1.0270066564377065,1.0164681150167327,0.2525263152267541,0.9615384615384616,0.625,0.7575757575757575,D4:k_posterior,False,False,0.0009614590089768171,
D4,10,stability,29,45,,1.0227447345545744,1.0164681150167327,0.15040142090412228,0.9655172413793104,0.7,0.8115942028985508,D4:stability,False,False,0.5116582920309156,
D4,10,changepoint,70,45,,1.025636548885673,1.0164681150167327,0.21969556590780118,0.5428571428571428,0.95,0.6909090909090908,D4:changepoint,False,False,0.0007660409901291132,
D4,10,consensus,17,45,,1.0402531868015525,1.0164681150167327,0.5699419203563174,0.9411764705882353,0.4,0.5614035087719298,D4:consensus,False,False,0.12535220908466727,
D4,11,elbow,2,45,,1.0561766205535532,1.0132330922604633,0.9484915722743047,1.0,0.05,0.09523809523809523,D4:elbow,False,False,0.00010583293624222279,
D4,11,penalized/bic,37,45,,1.020169493782243,1.0132330922604633,0.1532039552133708,0.8378378378378378,0.775,0.8051948051948051,D4:penalized/bic,False,False,0.00036929105408489704,exact_off_grid_k
D4,11,evaluate/time_holdout/best,100,45,,1.0194443734490726,1.0132330922604633,0.13718825850110195,0.4,1.0,0.5714285714285715,D4:evaluate/time_holdout/best,False,True,0.02952829108107835,synthetic_time_holdout
D4,11,evaluate/one_se,60,45,,1.0161401431889487,1.0132330922604633,0.0642078891846504,0.65,0.975,0.78,D4:evaluate/one_se,False,False,0.1370299169793725,synthetic_group_cv
D4,11,fixed_k=50,50,45,,1.0134215720589652,1.0132330922604633,0.004162943929592595,0.76,0.95,0.8444444444444444,D4:fixed_k=50,False,False,2.4168984964489937e-06,
D4,11,oracle,45,45,,1.0132330922604633,1.0132330922604633,0.0,0.8222222222222222,0.925,0.8705882352941177,D4:oracle,False,False,0.0,
D4,11,penalized/ebic,28,45,,1.0223894244082217,1.0132330922604633,0.20223545247190478,0.9642857142857143,0.675,0.7941176470588236,D4:penalized/ebic,False,False,0.0004240000853314996,
D4,11,penalized/ric,23,45,,1.029793986152614,1.0132330922604633,0.3657796392235772,0.9565217391304348,0.55,0.6984126984126985,D4:penalized/ric,False,False,0.0002838339423760772,
D4,11,chi2_stop,16,45,,1.0366395289412835,1.0132330922604633,0.516976802120437,1.0,0.4,0.5714285714285715,D4:chi2_stop,False,False,0.0005043749697506428,
D4,11,forward_stop,23,45,,1.029793986152614,1.0132330922604633,0.3657796392235772,0.9565217391304348,0.55,0.6984126984126985,D4:forward_stop,False,False,0.0005006249994039536,
D4,11,perm_gap,23,45,,1.029793986152614,1.0132330922604633,0.3657796392235772,0.9565217391304348,0.55,0.6984126984126985,D4:perm_gap,False,False,0.24767245899420232,
D4,11,knockoff_path,37,45,,1.0206267264201134,1.0132330922604633,0.16330282973129573,0.8378378378378378,0.775,0.8051948051948051,D4:knockoff_path,False,False,0.17172141605988145,
D4,11,xfit_objective,60,45,,1.0161401431889487,1.0132330922604633,0.0642078891846504,0.65,0.975,0.78,D4:xfit_objective,False,False,0.11553491710219532,
D4,11,gaussian_cv,23,45,,1.029793986152614,1.0132330922604633,0.3657796392235772,0.9565217391304348,0.55,0.6984126984126985,D4:gaussian_cv,False,False,0.1418812080519274,
D4,11,k_posterior,28,45,,1.0223894244082217,1.0132330922604633,0.20223545247190478,0.9642857142857143,0.675,0.7941176470588236,D4:k_posterior,False,False,0.0003981669433414936,
D4,11,stability,37,45,,1.020169493782243,1.0132330922604633,0.1532039552133708,0.8378378378378378,0.775,0.8051948051948051,D4:stability,False,False,0.48100600007455796,exact_off_grid_k
D4,11,changepoint,75,45,,1.0209403665648578,1.0132330922604633,0.17023018399959325,0.52,0.975,0.6782608695652174,D4:changepoint,False,False,0.0008811249863356352,
D4,11,consensus,23,45,,1.029793986152614,1.0132330922604633,0.3657796392235772,0.9565217391304348,0.55,0.6984126984126985,D4:consensus,False,False,0.1333550000563264,
D4,12,elbow,2,40,,1.047504516037815,1.0069071516088492,0.9722307860029101,1.0,0.05,0.09523809523809523,D4:elbow,False,False,0.00013479194603860378,
D4,12,penalized/bic,35,40,,1.0072042462733295,1.0069071516088492,0.007114860366620601,0.9714285714285714,0.85,0.9066666666666667,D4:penalized/bic,False,False,0.0003588750259950757,
D4,12,evaluate/time_holdout/best,60,40,,1.0126650765191647,1.0069071516088492,0.13789150946231415,0.6333333333333333,0.95,0.7599999999999999,D4:evaluate/time_holdout/best,False,False,0.027655874961055815,synthetic_time_holdout
D4,12,evaluate/one_se,50,40,,1.009660802847087,1.0069071516088492,0.06594478595806764,0.74,0.925,0.8222222222222222,D4:evaluate/one_se,False,False,0.1344150840304792,synthetic_group_cv
D4,12,fixed_k=50,50,40,,1.009660802847087,1.0069071516088492,0.06594478595806764,0.74,0.925,0.8222222222222222,D4:fixed_k=50,False,False,2.00001522898674e-06,
D4,12,oracle,40,40,,1.0069071516088492,1.0069071516088492,0.0,0.9,0.9,0.9,D4:oracle,False,False,0.0,
D4,12,penalized/ebic,32,40,,1.0086610974113692,1.0069071516088492,0.04200371453112936,1.0,0.8,0.888888888888889,D4:penalized/ebic,False,False,0.00031937507446855307,exact_off_grid_k
D4,12,penalized/ric,28,40,,1.0133432409948524,1.0069071516088492,0.15413227756416345,1.0,0.7,0.8235294117647058,D4:penalized/ric,False,False,0.00037712499033659697,
D4,12,chi2_stop,20,40,,1.0248878888557431,1.0069071516088492,0.43060495557654144,1.0,0.5,0.6666666666666666,D4:chi2_stop,False,False,0.0005817909259349108,
D4,12,forward_stop,30,40,,1.010796732084984,1.0069071516088492,0.09314816212147899,1.0,0.75,0.8571428571428571,D4:forward_stop,False,False,0.0005219160811975598,
D4,12,perm_gap,16,40,,1.0288521297052657,1.0069071516088492,0.5255410937039303,1.0,0.4,0.5714285714285715,D4:perm_gap,False,False,0.2700191659387201,
D4,12,knockoff_path,43,40,,1.0067451314523859,1.0069071516088492,-0.003880079071200002,0.8604651162790697,0.925,0.891566265060241,D4:knockoff_path,False,False,0.167394999996759,
D4,12,xfit_objective,57,40,,1.011663592912072,1.0069071516088492,0.11390785416379462,0.6666666666666666,0.95,0.7835051546391752,D4:xfit_objective,False,False,0.12070729199331254,exact_off_grid_k
D4,12,gaussian_cv,28,40,,1.0133432409948524,1.0069071516088492,0.15413227756416345,1.0,0.7,0.8235294117647058,D4:gaussian_cv,False,False,0.12543620797805488,
D4,12,k_posterior,32,40,,1.0086610974113692,1.0069071516088492,0.04200371453112936,1.0,0.8,0.888888888888889,D4:k_posterior,False,False,0.0004713329253718257,exact_off_grid_k
D4,12,stability,43,40,,1.0065407630501932,1.0069071516088492,-0.008774319253849092,0.8604651162790697,0.925,0.891566265060241,D4:stability,False,False,0.5005714170401916,exact_off_grid_k
D4,12,changepoint,63,40,,1.0134059460308968,1.0069071516088492,0.15563394564871358,0.6031746031746031,0.95,0.7378640776699029,D4:changepoint,False,False,0.0008835829794406891,exact_off_grid_k
D4,12,consensus,28,40,,1.0133432409948524,1.0069071516088492,0.15413227756416345,1.0,0.7,0.8235294117647058,D4:consensus,False,False,0.12305283395107836,
D4,13,elbow,2,40,,1.0532315947275963,1.0056741764714814,0.9849237005889512,1.0,0.05,0.09523809523809523,D4:elbow,False,False,0.00010687496978789568,
D4,13,penalized/bic,30,40,,1.0154602056541582,1.0056741764714814,0.2026706333124839,0.9666666666666667,0.725,0.8285714285714285,D4:penalized/bic,False,False,0.00039833399932831526,
D4,13,evaluate/time_holdout/best,100,40,,1.0158508040841814,1.0056741764714814,0.21076000538627643,0.39,0.975,0.5571428571428572,D4:evaluate/time_holdout/best,False,True,0.03562629199586809,synthetic_time_holdout
D4,13,evaluate/one_se,50,40,,1.0088125353688815,1.0056741764714814,0.06499604419981582,0.74,0.925,0.8222222222222222,D4:evaluate/one_se,False,False,0.18366570898797363,synthetic_group_cv
D4,13,fixed_k=50,50,40,,1.0088125353688815,1.0056741764714814,0.06499604419981582,0.74,0.925,0.8222222222222222,D4:fixed_k=50,False,False,3.4580007195472717e-06,
D4,13,oracle,40,40,,1.0056741764714814,1.0056741764714814,0.0,0.925,0.925,0.925,D4:oracle,False,False,0.0,
D4,13,penalized/ebic,28,40,,1.0157372001054754,1.0056741764714814,0.20840724413026937,1.0,0.7,0.8235294117647058,D4:penalized/ebic,False,False,0.000541541026905179,
D4,13,penalized/ric,24,40,,1.0216967449589016,1.0056741764714814,0.33183061709916783,1.0,0.6,0.7499999999999999,D4:penalized/ric,False,False,0.0006476669805124402,
D4,13,chi2_stop,21,40,,1.0260748498828114,1.0056741764714814,0.4225020509436549,1.0,0.525,0.6885245901639345,D4:chi2_stop,False,False,0.0010737080592662096,
D4,13,forward_stop,26,40,,1.0185329453549707,1.0056741764714814,0.26630769074845523,1.0,0.65,0.787878787878788,D4:forward_stop,False,False,0.0011038749944418669,
D4,13,perm_gap,22,40,,1.025419030887262,1.0056741764714814,0.40891990759570224,1.0,0.55,0.7096774193548387,D4:perm_gap,False,False,0.28579408396035433,
D4,13,knockoff_path,38,40,,1.0083326212704622,1.0056741764714814,0.055056926663317324,0.9210526315789473,0.875,0.8974358974358975,D4:knockoff_path,False,False,0.177164166001603,
D4,13,xfit_objective,77,40,,1.016246511591091,1.0056741764714814,0.2189551874703284,0.4935064935064935,0.95,0.6495726495726496,D4:xfit_objective,False,False,0.1269974160240963,exact_off_grid_k
D4,13,gaussian_cv,28,40,,1.0157372001054754,1.0056741764714814,0.20840724413026937,1.0,0.7,0.8235294117647058,D4:gaussian_cv,False,False,0.12615779100451618,
D4,13,k_posterior,28,40,,1.0157372001054754,1.0056741764714814,0.20840724413026937,1.0,0.7,0.8235294117647058,D4:k_posterior,False,False,0.00044779095333069563,
D4,13,stability,34,40,,1.0116288928884132,1.0056741764714814,0.12332337507762269,0.9411764705882353,0.8,0.8648648648648648,D4:stability,False,False,0.503688249969855,exact_off_grid_k
D4,13,changepoint,75,40,,1.0156308598150152,1.0056741764714814,0.2062049153192791,0.5066666666666667,0.95,0.6608695652173914,D4:changepoint,False,False,0.0008327499963343143,
D4,13,consensus,28,40,,1.0157372001054754,1.0056741764714814,0.20840724413026937,1.0,0.7,0.8235294117647058,D4:consensus,False,False,0.1258359169587493,
D4,14,elbow,2,60,,1.0478958062001278,1.013371131597855,0.9405216247939332,1.0,0.05,0.09523809523809523,D4:elbow,False,False,0.00013591698370873928,
D4,14,penalized/bic,30,60,,1.014375252692578,1.013371131597855,0.02735427963849646,0.9666666666666667,0.725,0.8285714285714285,D4:penalized/bic,False,False,0.00037283392157405615,
D4,14,evaluate/time_holdout/best,50,60,,1.0147702969108041,1.013371131597855,0.038116079257804567,0.7,0.875,0.7777777777777777,D4:evaluate/time_holdout/best,False,False,0.035973167046904564,synthetic_time_holdout
D4,14,evaluate/one_se,50,60,,1.0147702969108041,1.013371131597855,0.038116079257804567,0.7,0.875,0.7777777777777777,D4:evaluate/one_se,False,False,0.152697250014171,synthetic_group_cv
D4,14,fixed_k=50,50,60,,1.0147702969108041,1.013371131597855,0.038116079257804567,0.7,0.875,0.7777777777777777,D4:fixed_k=50,False,False,2.374988980591297e-06,
D4,14,oracle,60,60,,1.013371131597855,1.013371131597855,0.0,0.6333333333333333,0.95,0.7599999999999999,D4:oracle,False,False,0.0,
D4,14,penalized/ebic,29,60,,1.0150347481471054,1.013371131597855,0.045320263201900246,0.9655172413793104,0.7,0.8115942028985508,D4:penalized/ebic,False,False,0.00035366707015782595,
D4,14,penalized/ric,21,60,,1.0239125778060976,1.013371131597855,0.2871702117302915,1.0,0.525,0.6885245901639345,D4:penalized/ric,False,False,0.0002837920328602195,
D4,14,chi2_stop,15,60,,1.0319766909137407,1.013371131597855,0.506852883613411,1.0,0.375,0.5454545454545454,D4:chi2_stop,False,False,0.0005212919786572456,
D4,14,forward_stop,22,60,,1.0224891599863852,1.013371131597855,0.24839344537466146,1.0,0.55,0.7096774193548387,D4:forward_stop,False,False,0.0005130839999765158,
D4,14,perm_gap,17,60,,1.029164953987597,1.013371131597855,0.4302555104959376,1.0,0.425,0.5964912280701754,D4:perm_gap,False,False,0.25124425010289997,
D4,14,knockoff_path,51,60,,1.0154469254108989,1.013371131597855,0.05654880146654943,0.6862745098039216,0.875,0.7692307692307692,D4:knockoff_path,False,False,0.1864343339111656,
D4,14,xfit_objective,51,60,,1.0151711583702359,1.013371131597855,0.049036352236052815,0.6862745098039216,0.875,0.7692307692307692,D4:xfit_objective,False,False,0.1203260839683935,exact_off_grid_k
D4,14,gaussian_cv,36,60,,1.0155152338565185,1.013371131597855,0.05840966101125112,0.8611111111111112,0.775,0.8157894736842106,D4:gaussian_cv,False,False,0.12107358302455395,exact_off_grid_k
D4,14,k_posterior,29,60,,1.0150347481471054,1.013371131597855,0.045320263201900246,0.9655172413793104,0.7,0.8115942028985508,D4:k_posterior,False,False,0.0004831659607589245,
D4,14,stability,46,60,,1.0153441554272702,1.013371131597855,0.05374914026493074,0.7391304347826086,0.85,0.7906976744186046,D4:stability,False,False,0.48093970806803554,exact_off_grid_k
D4,14,changepoint,76,60,,1.0178744950494176,1.013371131597855,0.12268068444654957,0.5,0.95,0.6551724137931034,D4:changepoint,False,False,0.0008330409182235599,exact_off_grid_k
D4,14,consensus,29,60,,1.0150347481471054,1.013371131597855,0.045320263201900246,0.9655172413793104,0.7,0.8115942028985508,D4:consensus,False,False,0.13480095809791237,
D4,15,elbow,2,50,,1.0567954122498793,1.0136000894590658,0.9364013316674974,1.0,0.05,0.09523809523809523,D4:elbow,False,False,0.00014129094779491425,
D4,15,penalized/bic,30,50,,1.0228142652937482,1.0136000894590658,0.1997477033242608,0.9666666666666667,0.725,0.8285714285714285,D4:penalized/bic,False,False,0.00039175001438707113,
D4,15,evaluate/time_holdout/best,75,50,,1.021903129530644,1.0136000894590658,0.17999582541765322,0.5333333333333333,1.0,0.6956521739130436,D4:evaluate/time_holdout/best,False,False,0.03614999994169921,synthetic_time_holdout
D4,15,evaluate/one_se,50,50,,1.0136000894590658,1.0136000894590658,0.0,0.8,1.0,0.888888888888889,D4:evaluate/one_se,False,False,0.19826283399015665,synthetic_group_cv
D4,15,fixed_k=50,50,50,,1.0136000894590658,1.0136000894590658,0.0,0.8,1.0,0.888888888888889,D4:fixed_k=50,False,False,2.791057340800762e-06,
D4,15,oracle,50,50,,1.0136000894590658,1.0136000894590658,0.0,0.8,1.0,0.888888888888889,D4:oracle,False,False,0.0,
D4,15,penalized/ebic,25,50,,1.0286471267795227,1.0136000894590658,0.3261942468345908,1.0,0.625,0.7692307692307693,D4:penalized/ebic,False,False,0.0016966660041362047,
D4,15,penalized/ric,22,50,,1.0323581269808015,1.0136000894590658,0.40664243672599376,1.0,0.55,0.7096774193548387,D4:penalized/ric,False,False,0.0008865419076755643,
D4,15,chi2_stop,16,50,,1.041142499992461,1.0136000894590658,0.5970727438640465,1.0,0.4,0.5714285714285715,D4:chi2_stop,False,False,0.001250542001798749,
D4,15,forward_stop,22,50,,1.0323581269808015,1.0136000894590658,0.40664243672599376,1.0,0.55,0.7096774193548387,D4:forward_stop,False,False,0.0009852920193225145,
D4,15,perm_gap,16,50,,1.041142499992461,1.0136000894590658,0.5970727438640465,1.0,0.4,0.5714285714285715,D4:perm_gap,False,False,0.28840175003279,
D4,15,knockoff_path,52,50,,1.0141658254429597,1.0136000894590658,0.012264196548687623,0.7692307692307693,1.0,0.8695652173913044,D4:knockoff_path,False,False,0.17394887504633516,
D4,15,xfit_objective,58,50,,1.0168820633276419,1.0136000894590658,0.07114762669828177,0.6896551724137931,1.0,0.8163265306122449,D4:xfit_objective,False,False,0.12274754198733717,exact_off_grid_k
D4,15,gaussian_cv,29,50,,1.0242654340701425,1.0136000894590658,0.23120658097336816,0.9655172413793104,0.7,0.8115942028985508,D4:gaussian_cv,False,False,0.13715524994768202,
D4,15,k_posterior,25,50,,1.0286471267795227,1.0136000894590658,0.3261942468345908,1.0,0.625,0.7692307692307693,D4:k_posterior,False,False,0.0008464590646326542,
D4,15,stability,24,50,,1.029853264972844,1.0136000894590658,0.3523412770552162,1.0,0.6,0.7499999999999999,D4:stability,False,False,0.5079693329753354,
D4,15,changepoint,75,50,,1.021903129530644,1.0136000894590658,0.17999582541765322,0.5333333333333333,1.0,0.6956521739130436,D4:changepoint,False,False,0.0007655000081285834,
D4,15,consensus,25,50,,1.0286471267795227,1.0136000894590658,0.3261942468345908,1.0,0.625,0.7692307692307693,D4:consensus,False,False,0.12395220901817083,
D4,16,elbow,2,45,,1.054314564931471,1.0173590599031943,0.9565785095687673,1.0,0.05,0.09523809523809523,D4:elbow,False,False,0.00010516599286347628,
D4,16,penalized/bic,34,45,,1.0220668475785295,1.0173590599031943,0.12185920648067423,0.9117647058823529,0.775,0.8378378378378379,D4:penalized/bic,False,False,0.00034641707316040993,exact_off_grid_k
D4,16,evaluate/time_holdout/best,50,45,,1.0179978883234617,1.0173590599031943,0.01653581888982425,0.76,0.95,0.8444444444444444,D4:evaluate/time_holdout/best,False,False,0.030360916978679597,synthetic_time_holdout
D4,16,evaluate/one_se,40,45,,1.0182846185453638,1.0173590599031943,0.023957716333940716,0.875,0.875,0.875,D4:evaluate/one_se,False,False,0.14474208396859467,synthetic_group_cv
D4,16,fixed_k=50,50,45,,1.0179978883234617,1.0173590599031943,0.01653581888982425,0.76,0.95,0.8444444444444444,D4:fixed_k=50,False,False,2.4170149117708206e-06,
D4,16,oracle,45,45,,1.0173590599031943,1.0173590599031943,0.0,0.8222222222222222,0.925,0.8705882352941177,D4:oracle,False,False,0.0,
D4,16,penalized/ebic,30,45,,1.0208161535184426,1.0173590599031943,0.08948548951999276,1.0,0.75,0.8571428571428571,D4:penalized/ebic,False,False,0.0003261669771745801,
D4,16,penalized/ric,29,45,,1.0222999161868984,1.0173590599031943,0.12789209445907454,1.0,0.725,0.8405797101449275,D4:penalized/ric,False,False,0.00025774992536753416,
D4,16,chi2_stop,21,45,,1.0333165442965069,1.0173590599031943,0.41305311957561036,1.0,0.525,0.6885245901639345,D4:chi2_stop,False,False,0.0004968750290572643,
D4,16,forward_stop,30,45,,1.0208161535184426,1.0173590599031943,0.08948548951999276,1.0,0.75,0.8571428571428571,D4:forward_stop,False,False,0.0005014579510316253,
D4,16,perm_gap,24,45,,1.0299827428305357,1.0173590599031943,0.3267589981699693,1.0,0.6,0.7499999999999999,D4:perm_gap,False,False,0.26403412502259016,
D4,16,knockoff_path,50,45,,1.0174721056693423,1.0173590599031943,0.0029261445733777284,0.76,0.95,0.8444444444444444,D4:knockoff_path,False,False,0.17018433299381286,
D4,16,xfit_objective,72,45,,1.025436674055153,1.0173590599031943,0.2090858209200505,0.5416666666666666,0.975,0.6964285714285714,D4:xfit_objective,False,False,0.13256770907901227,exact_off_grid_k
D4,16,gaussian_cv,36,45,,1.0190403592344621,1.0173590599031943,0.04351976267710431,0.9166666666666666,0.825,0.8684210526315789,D4:gaussian_cv,False,False,0.11932758300099522,exact_off_grid_k
D4,16,k_posterior,30,45,,1.0208161535184426,1.0173590599031943,0.08948548951999276,1.0,0.75,0.8571428571428571,D4:k_posterior,False,False,0.0006492090178653598,
D4,16,stability,41,45,,1.0192176022887405,1.0173590599031943,0.048107628451453055,0.8536585365853658,0.875,0.8641975308641976,D4:stability,False,False,0.48379441699944437,exact_off_grid_k
D4,16,changepoint,70,45,,1.0249452175582852,1.0173590599031943,0.19636466549457185,0.5571428571428572,0.975,0.7090909090909092,D4:changepoint,False,False,0.000828542048111558,
D4,16,consensus,30,45,,1.0208161535184426,1.0173590599031943,0.08948548951999276,1.0,0.75,0.8571428571428571,D4:consensus,False,False,0.12788441707380116,
D4,17,elbow,2,40,,1.058536803176983,1.0185056861828221,0.9632855577134959,1.0,0.05,0.09523809523809523,D4:elbow,False,False,0.00011291704140603542,
D4,17,penalized/bic,30,40,,1.0245347969315803,1.0185056861828221,0.14508102062156136,0.9666666666666667,0.725,0.8285714285714285,D4:penalized/bic,False,False,0.0003517500590533018,
D4,17,evaluate/time_holdout/best,100,40,,1.025293014006709,1.0185056861828221,0.16332631610481407,0.4,1.0,0.5714285714285715,D4:evaluate/time_holdout/best,False,True,0.027991665992885828,synthetic_time_holdout
D4,17,evaluate/one_se,40,40,,1.0185056861828221,1.0185056861828221,0.0,0.875,0.875,0.875,D4:evaluate/one_se,False,False,0.14437291701324284,synthetic_group_cv
D4,17,fixed_k=50,50,40,,1.0211836563708447,1.0185056861828221,0.06444111980402062,0.74,0.925,0.8222222222222222,D4:fixed_k=50,False,False,1.9579892978072166e-06,
D4,17,oracle,40,40,,1.0185056861828221,1.0185056861828221,0.0,0.875,0.875,0.875,D4:oracle,False,False,0.0,
D4,17,penalized/ebic,19,40,,1.0359574530646702,1.0185056861828221,0.41994918593750696,1.0,0.475,0.6440677966101694,D4:penalized/ebic,False,False,0.0007281668949872255,
D4,17,penalized/ric,16,40,,1.0403966487263354,1.0185056861828221,0.5267714129907818,1.0,0.4,0.5714285714285715,D4:penalized/ric,False,False,0.0002559170825406909,
D4,17,chi2_stop,12,40,,1.0444801758549658,1.0185056861828221,0.6250350389624141,1.0,0.3,0.4615384615384615,D4:chi2_stop,False,False,0.0004854999715462327,
D4,17,forward_stop,16,40,,1.0403966487263354,1.0185056861828221,0.5267714129907818,1.0,0.4,0.5714285714285715,D4:forward_stop,False,False,0.0004938329802826047,
D4,17,perm_gap,11,40,,1.0453397903885262,1.0185056861828221,0.645720304015102,1.0,0.275,0.4313725490196079,D4:perm_gap,False,False,0.25665470806416124,
D4,17,knockoff_path,52,40,,1.0216312892657966,1.0185056861828221,0.07521269789732016,0.7115384615384616,0.925,0.8043478260869567,D4:knockoff_path,False,False,0.17189862509258091,
D4,17,xfit_objective,37,40,,1.018023292478733,1.0185056861828221,-0.011608042022630176,0.918918918918919,0.85,0.8831168831168831,D4:xfit_objective,False,False,0.1327288750326261,exact_off_grid_k
D4,17,gaussian_cv,14,40,,1.042477415965255,1.0185056861828221,0.5768417877571663,1.0,0.35,0.5185185185185185,D4:gaussian_cv,False,False,0.13168262492399663,
D4,17,k_posterior,19,40,,1.0359574530646702,1.0185056861828221,0.41994918593750696,1.0,0.475,0.6440677966101694,D4:k_posterior,False,False,0.000391624984331429,
D4,17,stability,85,40,,1.0228505734679845,1.0185056861828221,0.10455284503553543,0.47058823529411764,1.0,0.6399999999999999,D4:stability,False,False,0.4824560829438269,
D4,17,changepoint,79,40,,1.0220682773038992,1.0185056861828221,0.08572812433568658,0.5063291139240507,1.0,0.6722689075630253,D4:changepoint,False,False,0.0008336669998243451,exact_off_grid_k
D4,17,consensus,14,40,,1.042477415965255,1.0185056861828221,0.5768417877571663,1.0,0.35,0.5185185185185185,D4:consensus,False,False,0.12002954201307148,
D4,18,elbow,2,40,,1.0571989897331324,1.012743899963697,0.9394111576243575,1.0,0.05,0.09523809523809523,D4:elbow,False,False,0.00011433404870331287,
D4,18,penalized/bic,33,40,,1.01564091667398,1.012743899963697,0.06121885785359643,0.9696969696969697,0.8,0.8767123287671234,D4:penalized/bic,False,False,0.0003602919168770313,exact_off_grid_k
D4,18,evaluate/time_holdout/best,100,40,,1.02428292390398,1.012743899963697,0.2438390720571467,0.4,1.0,0.5714285714285715,D4:evaluate/time_holdout/best,False,True,0.031134459073655307,synthetic_time_holdout
D4,18,evaluate/one_se,40,40,,1.012743899963697,1.012743899963697,0.0,0.9,0.9,0.9,D4:evaluate/one_se,False,False,0.16199283301830292,synthetic_group_cv
D4,18,fixed_k=50,50,40,,1.015262710722915,1.012743899963697,0.053226727095274665,0.74,0.925,0.8222222222222222,D4:fixed_k=50,False,False,2.9170187190175056e-06,
D4,18,oracle,40,40,,1.012743899963697,1.012743899963697,0.0,0.9,0.9,0.9,D4:oracle,False,False,0.0,
D4,18,penalized/ebic,25,40,,1.0244902847495991,1.012743899963697,0.248220957079524,1.0,0.625,0.7692307692307693,D4:penalized/ebic,False,False,0.00043695804197341204,
D4,18,penalized/ric,21,40,,1.0319832520601526,1.012743899963697,0.4065600163808528,1.0,0.525,0.6885245901639345,D4:penalized/ric,False,False,0.0007451249985024333,
D4,18,chi2_stop,9,40,,1.0475122541970276,1.012743899963697,0.7347140691521691,1.0,0.225,0.36734693877551017,D4:chi2_stop,False,False,0.0005590829532593489,
D4,18,forward_stop,16,40,,1.0390546322103522,1.012743899963697,0.5559902266752021,1.0,0.4,0.5714285714285715,D4:forward_stop,False,False,0.0005155409453436732,
D4,18,perm_gap,9,40,,1.0475122541970276,1.012743899963697,0.7347140691521691,1.0,0.225,0.36734693877551017,D4:perm_gap,False,False,0.2835234170779586,
D4,18,knockoff_path,45,40,,1.013219323110823,1.012743899963697,0.010046494368123543,0.8222222222222222,0.925,0.8705882352941177,D4:knockoff_path,False,False,0.17042454204056412,
D4,18,xfit_objective,67,40,,1.0193077875718002,1.012743899963697,0.13870603542642765,0.582089552238806,0.975,0.7289719626168225,D4:xfit_objective,False,False,0.12952774995937943,exact_off_grid_k
D4,18,gaussian_cv,44,40,,1.0127474769989704,1.012743899963697,7.55887990418569e-05,0.8409090909090909,0.925,0.8809523809523809,D4:gaussian_cv,False,False,0.13119250000454485,exact_off_grid_k
D4,18,k_posterior,25,40,,1.0244902847495991,1.012743899963697,0.248220957079524,1.0,0.625,0.7692307692307693,D4:k_posterior,False,False,0.0009244999382644892,
D4,18,stability,46,40,,1.0136313079519765,1.012743899963697,0.018752430146432318,0.8043478260869565,0.925,0.8604651162790697,D4:stability,False,False,0.5181204589316621,exact_off_grid_k
D4,18,changepoint,62,40,,1.019034729342734,1.012743899963697,0.13293585369029037,0.6129032258064516,0.95,0.7450980392156863,D4:changepoint,False,False,0.0009351660264655948,exact_off_grid_k
D4,18,consensus,25,40,,1.0244902847495991,1.012743899963697,0.248220957079524,1.0,0.625,0.7692307692307693,D4:consensus,False,False,0.13054345804266632,
D4,19,elbow,2,45,,1.0447506340706147,1.0047385249482959,0.9441137666561462,1.0,0.05,0.09523809523809523,D4:elbow,False,False,0.0001170419855043292,
D4,19,penalized/bic,32,45,,1.0101831240697936,1.0047385249482959,0.12846913340198549,0.9375,0.75,0.8333333333333334,D4:penalized/bic,False,False,0.000358375022187829,exact_off_grid_k
D4,19,evaluate/time_holdout/best,100,45,,1.01460466037754,1.0047385249482959,0.23279838245886386,0.4,1.0,0.5714285714285715,D4:evaluate/time_holdout/best,False,True,0.0312954579712823,synthetic_time_holdout
D4,19,evaluate/one_se,60,45,,1.0106685904784336,1.0047385249482959,0.13992405366737287,0.6333333333333333,0.95,0.7599999999999999,D4:evaluate/one_se,False,False,0.1699182919692248,synthetic_group_cv
D4,19,fixed_k=50,50,45,,1.007641908181398,1.0047385249482959,0.06850736290533228,0.74,0.925,0.8222222222222222,D4:fixed_k=50,False,False,2.2919848561286926e-06,
D4,19,oracle,45,45,,1.0047385249482959,1.0047385249482959,0.0,0.8222222222222222,0.925,0.8705882352941177,D4:oracle,False,False,0.0,
D4,19,penalized/ebic,28,45,,1.013469025519785,1.0047385249482959,0.20600228181284308,0.9642857142857143,0.675,0.7941176470588236,D4:penalized/ebic,False,False,0.0007957919733598828,
D4,19,penalized/ric,22,45,,1.0209310578529416,1.0047385249482959,0.3820741662373702,0.9545454545454546,0.525,0.6774193548387099,D4:penalized/ric,False,False,0.0008363339584320784,
D4,19,chi2_stop,15,45,,1.026861398996383,1.0047385249482959,0.5220047231938733,1.0,0.375,0.5454545454545454,D4:chi2_stop,False,False,0.0007585419807583094,
D4,19,forward_stop,23,45,,1.0196846893887845,1.0047385249482959,0.3526652285145555,0.9565217391304348,0.55,0.6984126984126985,D4:forward_stop,False,False,0.001457708072848618,
D4,19,perm_gap,12,45,,1.031596722842011,1.0047385249482959,0.6337380091990037,1.0,0.3,0.4615384615384615,D4:perm_gap,False,False,0.2626735829981044,
D4,19,knockoff_path,54,45,,1.0094484864802133,1.0047385249482959,0.11113484443197652,0.6851851851851852,0.925,0.7872340425531915,D4:knockoff_path,False,False,0.17671266698744148,
D4,19,xfit_objective,61,45,,1.0109743280825676,1.0047385249482959,0.14713814678515755,0.6229508196721312,0.95,0.7524752475247525,D4:xfit_objective,False,False,0.12406499998178333,exact_off_grid_k
D4,19,gaussian_cv,24,45,,1.0182331439415813,1.0047385249482959,0.31841499603012907,0.9583333333333334,0.575,0.71875,D4:gaussian_cv,False,False,0.12191616708878428,
D4,19,k_posterior,28,45,,1.013469025519785,1.0047385249482959,0.20600228181284308,0.9642857142857143,0.675,0.7941176470588236,D4:k_posterior,False,False,0.0004126249114051461,
D4,19,stability,15,45,,1.026861398996383,1.0047385249482959,0.5220047231938733,1.0,0.375,0.5454545454545454,D4:stability,False,False,0.49606254207901657,
D4,19,changepoint,80,45,,1.0172820630890826,1.0047385249482959,0.29597357652629835,0.4875,0.975,0.65,D4:changepoint,False,False,0.0007705839816480875,
D4,19,consensus,24,45,,1.0182331439415813,1.0047385249482959,0.31841499603012907,0.9583333333333334,0.575,0.71875,D4:consensus,False,False,0.12306875002104789,
D4,20,elbow,2,35,,1.0465959931246918,1.0078710271612703,0.9462785130344089,1.0,0.05,0.09523809523809523,D4:elbow,False,False,0.00011154101230204105,
D4,20,penalized/bic,32,35,,1.0083571844452217,1.0078710271612703,0.011879679692757479,0.96875,0.775,0.8611111111111113,D4:penalized/bic,False,False,0.00037895794957876205,exact_off_grid_k
D4,20,evaluate/time_holdout/best,60,35,,1.0147270507689026,1.0078710271612703,0.16753295098792795,0.6,0.9,0.7200000000000001,D4:evaluate/time_holdout/best,False,False,0.038590374984778464,synthetic_time_holdout
D4,20,evaluate/one_se,40,35,,1.0125844499029208,1.0078710271612703,0.1151766193283329,0.8,0.8,0.8000000000000002,D4:evaluate/one_se,False,False,0.16398470802232623,synthetic_group_cv
D4,20,fixed_k=50,50,35,,1.0133870224313244,1.0078710271612703,0.13478818308018575,0.68,0.85,0.7555555555555556,D4:fixed_k=50,False,False,2.4170149117708206e-06,
D4,20,oracle,35,35,,1.0078710271612703,1.0078710271612703,0.0,0.9142857142857143,0.8,0.8533333333333333,D4:oracle,False,False,0.0,
D4,20,penalized/ebic,30,35,,1.0112318632455097,1.0078710271612703,0.08212497785925706,0.9666666666666667,0.725,0.8285714285714285,D4:penalized/ebic,False,False,0.0003751249751076102,
D4,20,penalized/ric,28,35,,1.0111252048231558,1.0078710271612703,0.07951868574778072,1.0,0.7,0.8235294117647058,D4:penalized/ric,False,False,0.00027662503998726606,
D4,20,chi2_stop,20,35,,1.0229876936491886,1.0078710271612703,0.3693890060416357,1.0,0.5,0.6666666666666666,D4:chi2_stop,False,False,0.0005385840777307749,
D4,20,forward_stop,28,35,,1.0111252048231558,1.0078710271612703,0.07951868574778072,1.0,0.7,0.8235294117647058,D4:forward_stop,False,False,0.0005242918850854039,
D4,20,perm_gap,17,35,,1.027021967525065,1.0078710271612703,0.467970027082267,1.0,0.425,0.5964912280701754,D4:perm_gap,False,False,0.27050112502183765,
D4,20,knockoff_path,45,35,,1.0130831848478543,1.0078710271612703,0.12736364520036908,0.7333333333333333,0.825,0.776470588235294,D4:knockoff_path,False,False,0.17126812494825572,
D4,20,xfit_objective,90,35,,1.0149612187248969,1.0078710271612703,0.1732550504058562,0.43333333333333335,0.975,0.6,D4:xfit_objective,False,False,0.1181021670345217,
D4,20,gaussian_cv,31,35,,1.0099517297365097,1.0078710271612703,0.050843792627841125,0.967741935483871,0.75,0.8450704225352113,D4:gaussian_cv,False,False,0.12993041705340147,exact_off_grid_k
D4,20,k_posterior,30,35,,1.0112318632455097,1.0078710271612703,0.08212497785925706,0.9666666666666667,0.725,0.8285714285714285,D4:k_posterior,False,False,0.00048824993427842855,
D4,20,stability,33,35,,1.0069115369309025,1.0078710271612703,-0.023445985448278833,0.9696969696969697,0.8,0.8767123287671234,D4:stability,False,False,0.5085543339373544,exact_off_grid_k
D4,20,changepoint,78,35,,1.0185248059681113,1.0078710271612703,0.2603344306889177,0.48717948717948717,0.95,0.6440677966101694,D4:changepoint,False,False,0.0008729159599170089,exact_off_grid_k
D4,20,consensus,30,35,,1.0112318632455097,1.0078710271612703,0.08212497785925706,0.9666666666666667,0.725,0.8285714285714285,D4:consensus,False,False,0.1266499999910593,
D4,21,elbow,2,50,,1.05175009628325,1.0098916607183555,0.9654437495608751,1.0,0.05,0.09523809523809523,D4:elbow,False,False,0.00011549994815140963,
D4,21,penalized/bic,30,50,,1.0196332731744322,1.0098916607183555,0.2246853884871736,0.9,0.675,0.7714285714285714,D4:penalized/bic,False,False,0.00035458302590996027,
D4,21,evaluate/time_holdout/best,100,50,,1.0178794625854235,1.0098916607183555,0.18423462991911652,0.39,0.975,0.5571428571428572,D4:evaluate/time_holdout/best,False,True,0.029793750029057264,synthetic_time_holdout
D4,21,evaluate/one_se,40,50,,1.0105548241560685,1.0098916607183555,0.01529553093031203,0.875,0.875,0.875,D4:evaluate/one_se,False,False,0.17294291697908193,synthetic_group_cv
D4,21,fixed_k=50,50,50,,1.0098916607183555,1.0098916607183555,0.0,0.76,0.95,0.8444444444444444,D4:fixed_k=50,False,False,2.2079329937696457e-06,
D4,21,oracle,50,50,,1.0098916607183555,1.0098916607183555,0.0,0.76,0.95,0.8444444444444444,D4:oracle,False,False,0.0,
D4,21,penalized/ebic,27,50,,1.0196952933518713,1.0098916607183555,0.22611585266594988,0.9629629629629629,0.65,0.7761194029850746,D4:penalized/ebic,False,False,0.000353541923686862,
D4,21,penalized/ric,20,50,,1.0273530263486454,1.0098916607183555,0.40273761021061305,1.0,0.5,0.6666666666666666,D4:penalized/ric,False,False,0.0002655000425875187,
D4,21,chi2_stop,16,50,,1.0328092486915161,1.0098916607183555,0.5285826325113687,1.0,0.4,0.5714285714285715,D4:chi2_stop,False,False,0.0005098750116303563,
D4,21,forward_stop,21,50,,1.0261752234646093,1.0098916607183555,0.375572179461426,1.0,0.525,0.6885245901639345,D4:forward_stop,False,False,0.0007289999630302191,
D4,21,perm_gap,19,50,,1.0284198543080687,1.0098916607183555,0.427343460175674,1.0,0.475,0.6440677966101694,D4:perm_gap,False,False,0.26727275003213435,
D4,21,knockoff_path,45,50,,1.0096400250411999,1.0098916607183555,-0.005803850249007428,0.8222222222222222,0.925,0.8705882352941177,D4:knockoff_path,False,False,0.16571108403149992,
D4,21,xfit_objective,61,50,,1.0142300363781056,1.0098916607183555,0.10006245115060049,0.6229508196721312,0.95,0.7524752475247525,D4:xfit_objective,False,False,0.11746337497606874,exact_off_grid_k
D4,21,gaussian_cv,51,50,,1.0103587113666193,1.0098916607183555,0.010772288142388363,0.7450980392156863,0.95,0.8351648351648352,D4:gaussian_cv,False,False,0.12445062503684312,exact_off_grid_k
D4,21,k_posterior,27,50,,1.0196952933518713,1.0098916607183555,0.22611585266594988,0.9629629629629629,0.65,0.7761194029850746,D4:k_posterior,False,False,0.0004957920173183084,
D4,21,stability,56,50,,1.0124241319676484,1.0098916607183555,0.05841017480889722,0.6785714285714286,0.95,0.7916666666666667,D4:stability,False,False,0.49877129204105586,exact_off_grid_k
D4,21,changepoint,61,50,,1.0142300363781056,1.0098916607183555,0.10006245115060049,0.6229508196721312,0.95,0.7524752475247525,D4:changepoint,False,False,0.0008181249722838402,exact_off_grid_k
D4,21,consensus,27,50,,1.0196952933518713,1.0098916607183555,0.22611585266594988,0.9629629629629629,0.65,0.7761194029850746,D4:consensus,False,False,0.15032095892820507,
D4,22,elbow,2,45,,1.056962885921792,1.014370575966736,0.931942536352798,1.0,0.05,0.09523809523809523,D4:elbow,False,False,0.0001290829386562109,
D4,22,penalized/bic,34,45,,1.0169377020351447,1.014370575966736,0.056170092250328575,0.9705882352941176,0.825,0.8918918918918919,D4:penalized/bic,False,False,0.00037629203870892525,exact_off_grid_k
D4,22,evaluate/time_holdout/best,60,45,,1.019988135453054,1.014370575966736,0.12291520796397624,0.6333333333333333,0.95,0.7599999999999999,D4:evaluate/time_holdout/best,False,False,0.031007334007881582,synthetic_time_holdout
D4,22,evaluate/one_se,26,45,,1.0249803463789373,1.014370575966736,0.23214745475183945,1.0,0.65,0.787878787878788,D4:evaluate/one_se,False,False,0.14802804100327194,synthetic_group_cv
D4,22,fixed_k=50,50,45,,1.0155662683922495,1.014370575966736,0.026162390180449357,0.76,0.95,0.8444444444444444,D4:fixed_k=50,False,False,2.166023477911949e-06,
D4,22,oracle,45,45,,1.014370575966736,1.014370575966736,0.0,0.8222222222222222,0.925,0.8705882352941177,D4:oracle,False,False,0.0,
D4,22,penalized/ebic,30,45,,1.022140839225719,1.014370575966736,0.17001751859306843,0.9666666666666667,0.725,0.8285714285714285,D4:penalized/ebic,False,False,0.0009876670083031058,
D4,22,penalized/ric,25,45,,1.025600879024414,1.014370575966736,0.24572504113129337,1.0,0.625,0.7692307692307693,D4:penalized/ric,False,False,0.0002841249806806445,
D4,22,chi2_stop,19,45,,1.0336820838966683,1.014370575966736,0.4225461286323536,1.0,0.475,0.6440677966101694,D4:chi2_stop,False,False,0.0005702910711988807,
D4,22,forward_stop,26,45,,1.0249803463789373,1.014370575966736,0.23214745475183945,1.0,0.65,0.787878787878788,D4:forward_stop,False,False,0.0005122500006109476,
D4,22,perm_gap,25,45,,1.025600879024414,1.014370575966736,0.24572504113129337,1.0,0.625,0.7692307692307693,D4:perm_gap,False,False,0.271760749979876,
D4,22,knockoff_path,46,45,,1.0149078399987004,1.014370575966736,0.011755624552138324,0.8043478260869565,0.925,0.8604651162790697,D4:knockoff_path,False,False,0.1663720830110833,
D4,22,xfit_objective,42,45,,1.0133145615773078,1.014370575966736,-0.02310615999806791,0.8809523809523809,0.925,0.9024390243902439,D4:xfit_objective,False,False,0.12419583392329514,exact_off_grid_k
D4,22,gaussian_cv,34,45,,1.0169377020351447,1.014370575966736,0.056170092250328575,0.9705882352941176,0.825,0.8918918918918919,D4:gaussian_cv,False,False,0.13401204091496766,exact_off_grid_k
D4,22,k_posterior,30,45,,1.022140839225719,1.014370575966736,0.17001751859306843,0.9666666666666667,0.725,0.8285714285714285,D4:k_posterior,False,False,0.000482040923088789,
D4,22,stability,45,45,,1.014370575966736,1.014370575966736,0.0,0.8222222222222222,0.925,0.8705882352941177,D4:stability,False,False,0.5079719580244273,
D4,22,changepoint,78,45,,1.0219912363123398,1.014370575966736,0.16674412678390202,0.5128205128205128,1.0,0.6779661016949152,D4:changepoint,False,False,0.0007661250419914722,exact_off_grid_k
D4,22,consensus,30,45,,1.022140839225719,1.014370575966736,0.17001751859306843,0.9666666666666667,0.725,0.8285714285714285,D4:consensus,False,False,0.13117499998770654,
D4,23,elbow,2,40,,1.0558920395355829,1.0105317761708028,0.9583790324749683,1.0,0.05,0.09523809523809523,D4:elbow,False,False,0.00011412508320063353,
D4,23,penalized/bic,32,40,,1.014957350463051,1.0105317761708028,0.09350425446700654,0.96875,0.775,0.8611111111111113,D4:penalized/bic,False,False,0.00039133394602686167,exact_off_grid_k
D4,23,evaluate/time_holdout/best,75,40,,1.0232844090186708,1.0105317761708028,0.269439703909168,0.48,0.9,0.6260869565217392,D4:evaluate/time_holdout/best,False,False,0.028564458014443517,synthetic_time_holdout
D4,23,evaluate/one_se,40,40,,1.0105317761708028,1.0105317761708028,0.0,0.9,0.9,0.9,D4:evaluate/one_se,False,False,0.15172825008630753,synthetic_group_cv
D4,23,fixed_k=50,50,40,,1.0145828026712196,1.0105317761708028,0.0855907477163016,0.72,0.9,0.7999999999999999,D4:fixed_k=50,False,False,2.249958924949169e-06,
D4,23,oracle,40,40,,1.0105317761708028,1.0105317761708028,0.0,0.9,0.9,0.9,D4:oracle,False,False,0.0,
D4,23,penalized/ebic,28,40,,1.0184626349599424,1.0105317761708028,0.16756447624448303,1.0,0.7,0.8235294117647058,D4:penalized/ebic,False,False,0.00048287492245435715,
D4,23,penalized/ric,20,40,,1.0304573459653104,1.0105317761708028,0.4209906840179386,1.0,0.5,0.6666666666666666,D4:penalized/ric,False,False,0.00029020803049206734,
D4,23,chi2_stop,14,40,,1.0389544082061846,1.0105317761708028,0.6005179990116948,1.0,0.35,0.5185185185185185,D4:chi2_stop,False,False,0.0005331250140443444,
D4,23,forward_stop,20,40,,1.0304573459653104,1.0105317761708028,0.4209906840179386,1.0,0.5,0.6666666666666666,D4:forward_stop,False,False,0.0005098748952150345,
D4,23,perm_gap,30,40,,1.0155553803376094,1.0105317761708028,0.10613952706146633,1.0,0.75,0.8571428571428571,D4:perm_gap,False,False,0.27257820894010365,
D4,23,knockoff_path,47,40,,1.0131045793778855,1.0105317761708028,0.05435860520745707,0.7659574468085106,0.9,0.8275862068965516,D4:knockoff_path,False,False,0.17104904202278703,
D4,23,xfit_objective,89,40,,1.0222425288206307,1.0105317761708028,0.2474266893875685,0.4157303370786517,0.925,0.5736434108527131,D4:xfit_objective,False,False,0.13380033406428993,exact_off_grid_k
D4,23,gaussian_cv,28,40,,1.0184626349599424,1.0105317761708028,0.16756447624448303,1.0,0.7,0.8235294117647058,D4:gaussian_cv,False,False,0.14563166699372232,
D4,23,k_posterior,28,40,,1.0184626349599424,1.0105317761708028,0.16756447624448303,1.0,0.7,0.8235294117647058,D4:k_posterior,False,False,0.0004934999160468578,
D4,23,stability,38,40,,1.0095230653033889,1.0105317761708028,-0.02131220750163842,0.9473684210526315,0.9,0.9230769230769231,D4:stability,False,False,0.4989160830155015,exact_off_grid_k
D4,23,changepoint,80,40,,1.0204547989381916,1.0105317761708028,0.20965524125287982,0.4625,0.925,0.6166666666666667,D4:changepoint,False,False,0.0008201670134440064,
D4,23,consensus,28,40,,1.0184626349599424,1.0105317761708028,0.16756447624448303,1.0,0.7,0.8235294117647058,D4:consensus,False,False,0.13698083302006125,
D4,24,elbow,2,40,,1.057312452423594,1.019449829151526,0.9443873119191439,1.0,0.05,0.09523809523809523,D4:elbow,False,False,0.0001260410062968731,
D4,24,penalized/bic,33,40,,1.0221922500674092,1.019449829151526,0.06840274901957132,0.9393939393939394,0.775,0.8493150684931509,D4:penalized/bic,False,False,0.0004172910703346133,exact_off_grid_k
D4,24,evaluate/time_holdout/best,75,40,,1.027419940163802,1.019449829151526,0.1987942478389574,0.52,0.975,0.6782608695652174,D4:evaluate/time_holdout/best,False,False,0.034017042024061084,synthetic_time_holdout
D4,24,evaluate/one_se,50,40,,1.022332709331208,1.019449829151526,0.07190614987005982,0.72,0.9,0.7999999999999999,D4:evaluate/one_se,False,False,0.15989541599992663,synthetic_group_cv
D4,24,fixed_k=50,50,40,,1.022332709331208,1.019449829151526,0.07190614987005982,0.72,0.9,0.7999999999999999,D4:fixed_k=50,False,False,2.250075340270996e-06,
D4,24,oracle,40,40,,1.019449829151526,1.019449829151526,0.0,0.875,0.875,0.875,D4:oracle,False,False,0.0,
D4,24,penalized/ebic,31,40,,1.0222832596836553,1.019449829151526,0.07067275356278105,0.967741935483871,0.75,0.8450704225352113,D4:penalized/ebic,False,False,0.00033287506084889174,exact_off_grid_k
D4,24,penalized/ric,25,40,,1.0283549236300469,1.019449829151526,0.22211504407726873,1.0,0.625,0.7692307692307693,D4:penalized/ric,False,False,0.0004017079481855035,
D4,24,chi2_stop,17,40,,1.038947457841018,1.019449829151526,0.4863190015798746,1.0,0.425,0.5964912280701754,D4:chi2_stop,False,False,0.0006039589643478394,
D4,24,forward_stop,25,40,,1.0283549236300469,1.019449829151526,0.22211504407726873,1.0,0.625,0.7692307692307693,D4:forward_stop,False,False,0.0005260419566184282,
D4,24,perm_gap,17,40,,1.038947457841018,1.019449829151526,0.4863190015798746,1.0,0.425,0.5964912280701754,D4:perm_gap,False,False,0.26573300000745803,
D4,24,knockoff_path,51,40,,1.02258107241109,1.019449829151526,0.07810093832156999,0.7058823529411765,0.9,0.7912087912087913,D4:knockoff_path,False,False,0.19261100003495812,
D4,24,xfit_objective,58,40,,1.0242718926055738,1.019449829151526,0.12027416881680601,0.6379310344827587,0.925,0.7551020408163266,D4:xfit_objective,False,False,0.12759295792784542,exact_off_grid_k
D4,24,gaussian_cv,36,40,,1.0206435797954998,1.019449829151526,0.029775088579134586,0.9166666666666666,0.825,0.8684210526315789,D4:gaussian_cv,False,False,0.12108687497675419,exact_off_grid_k
D4,24,k_posterior,31,40,,1.0222832596836553,1.019449829151526,0.07067275356278105,0.967741935483871,0.75,0.8450704225352113,D4:k_posterior,False,False,0.00048279203474521637,exact_off_grid_k
D4,24,stability,42,40,,1.0207215290603207,1.019449829151526,0.03171933571017123,0.8333333333333334,0.875,0.8536585365853658,D4:stability,False,False,0.49738516693469137,exact_off_grid_k
D4,24,changepoint,78,40,,1.0279897160949876,1.019449829151526,0.21300586641018102,0.5,0.975,0.6610169491525423,D4:changepoint,False,False,0.0008230420062318444,exact_off_grid_k
D4,24,consensus,31,40,,1.0222832596836553,1.019449829151526,0.07067275356278105,0.967741935483871,0.75,0.8450704225352113,D4:consensus,False,False,0.12927883304655552,exact_off_grid_k
D4,25,elbow,2,55,,1.0593980182516385,1.022505239455697,0.9587284323651216,1.0,0.05,0.09523809523809523,D4:elbow,False,False,0.00010562501847743988,
D4,25,penalized/bic,34,55,,1.0237902232612173,1.022505239455697,0.03339272751166411,0.9117647058823529,0.775,0.8378378378378379,D4:penalized/bic,False,False,0.00036087504122406244,exact_off_grid_k
D4,25,evaluate/time_holdout/best,75,55,,1.0298529073620495,1.022505239455697,0.19094300736630182,0.52,0.975,0.6782608695652174,D4:evaluate/time_holdout/best,False,False,0.030057291965931654,synthetic_time_holdout
D4,25,evaluate/one_se,40,55,,1.024928409670479,1.022505239455697,0.06297064783928029,0.825,0.825,0.825,D4:evaluate/one_se,False,False,0.1387935410020873,synthetic_group_cv
D4,25,fixed_k=50,50,55,,1.0226824171274331,1.022505239455697,0.00460429593588447,0.74,0.925,0.8222222222222222,D4:fixed_k=50,False,False,2.2080494090914726e-06,
D4,25,oracle,55,55,,1.022505239455697,1.022505239455697,0.0,0.7090909090909091,0.975,0.8210526315789474,D4:oracle,False,False,0.0,
D4,25,penalized/ebic,32,55,,1.0249864221016687,1.022505239455697,0.06447821026822788,0.9375,0.75,0.8333333333333334,D4:penalized/ebic,False,False,0.0003399580018594861,exact_off_grid_k
D4,25,penalized/ric,28,55,,1.0299283586981558,1.022505239455697,0.19290375262718787,0.9285714285714286,0.65,0.7647058823529412,D4:penalized/ric,False,False,0.00035791704431176186,
D4,25,chi2_stop,17,55,,1.038639367921693,1.022505239455697,0.41927575521861804,1.0,0.425,0.5964912280701754,D4:chi2_stop,False,False,0.0005374579923227429,
D4,25,forward_stop,25,55,,1.0314716304680296,1.022505239455697,0.23300857999267793,0.96,0.6,0.7384615384615384,D4:forward_stop,False,False,0.0005006249994039536,
D4,25,perm_gap,21,55,,1.034369127158074,1.022505239455697,0.30830549581445255,1.0,0.525,0.6885245901639345,D4:perm_gap,False,False,0.26687849999871105,
D4,25,knockoff_path,43,55,,1.0264135823344145,1.022505239455697,0.1015656603690251,0.7674418604651163,0.825,0.7951807228915662,D4:knockoff_path,False,False,0.19122487504500896,
D4,25,xfit_objective,55,55,,1.022505239455697,1.022505239455697,0.0,0.7090909090909091,0.975,0.8210526315789474,D4:xfit_objective,False,False,0.12230429204646498,
D4,25,gaussian_cv,29,55,,1.0287142847421338,1.022505239455697,0.16135375128219942,0.9310344827586207,0.675,0.7826086956521738,D4:gaussian_cv,False,False,0.12851525004953146,
D4,25,k_posterior,32,55,,1.0249864221016687,1.022505239455697,0.06447821026822788,0.9375,0.75,0.8333333333333334,D4:k_posterior,False,False,0.0005634170956909657,exact_off_grid_k
D4,25,stability,46,55,,1.0227710418395637,1.022505239455697,0.006907376216166518,0.782608695652174,0.9,0.8372093023255814,D4:stability,False,False,0.502019957988523,exact_off_grid_k
D4,25,changepoint,55,55,,1.022505239455697,1.022505239455697,0.0,0.7090909090909091,0.975,0.8210526315789474,D4:changepoint,False,False,0.0008194580441340804,
D4,25,consensus,29,55,,1.0287142847421338,1.022505239455697,0.16135375128219942,0.9310344827586207,0.675,0.7826086956521738,D4:consensus,False,False,0.12191741599235684,
D4,26,elbow,2,45,,1.0547570685459455,1.0159353412019643,0.9554352101612086,1.0,0.05,0.09523809523809523,D4:elbow,False,False,0.00010808301158249378,
D4,26,penalized/bic,30,45,,1.0186569664251481,1.0159353412019643,0.06698147519435059,0.9666666666666667,0.725,0.8285714285714285,D4:penalized/bic,False,False,0.0003647910198196769,
D4,26,evaluate/time_holdout/best,100,45,,1.0219928258386166,1.0159353412019643,0.1490797680275166,0.39,0.975,0.5571428571428572,D4:evaluate/time_holdout/best,False,True,0.030941833974793553,synthetic_time_holdout
D4,26,evaluate/one_se,40,45,,1.0170743785778544,1.0159353412019643,0.02803266338389267,0.825,0.825,0.825,D4:evaluate/one_se,False,False,0.14175845799036324,synthetic_group_cv
D4,26,fixed_k=50,50,45,,1.0163137888799034,1.0159353412019643,0.00931391417756877,0.72,0.9,0.7999999999999999,D4:fixed_k=50,False,False,2.2080494090914726e-06,
D4,26,oracle,45,45,,1.0159353412019643,1.0159353412019643,0.0,0.7777777777777778,0.875,0.823529411764706,D4:oracle,False,False,0.0,
D4,26,penalized/ebic,23,45,,1.0262958679534837,1.0159353412019643,0.2549812368344673,1.0,0.575,0.7301587301587301,D4:penalized/ebic,False,False,0.00031808309722691774,
D4,26,penalized/ric,21,45,,1.0297655963853485,1.0159353412019643,0.34037415828094164,1.0,0.525,0.6885245901639345,D4:penalized/ric,False,False,0.0002555410610511899,
D4,26,chi2_stop,16,45,,1.0350476520254048,1.0159353412019643,0.4703699695395266,1.0,0.4,0.5714285714285715,D4:chi2_stop,False,False,0.0004835000727325678,
D4,26,forward_stop,22,45,,1.027893425795564,1.0159353412019643,0.2942984727489942,1.0,0.55,0.7096774193548387,D4:forward_stop,False,False,0.0005177500424906611,
D4,26,perm_gap,13,45,,1.0403213986359714,1.0159353412019643,0.600161288626332,1.0,0.325,0.4905660377358491,D4:perm_gap,False,False,0.2793898329837248,
D4,26,knockoff_path,35,45,,1.0172919255693187,1.0159353412019643,0.033386676966748234,0.9142857142857143,0.8,0.8533333333333333,D4:knockoff_path,False,False,0.18777991598472,
D4,26,xfit_objective,69,45,,1.020843280182897,1.0159353412019643,0.12078848707984893,0.5362318840579711,0.925,0.6788990825688074,D4:xfit_objective,False,False,0.12155199993867427,exact_off_grid_k
D4,26,gaussian_cv,16,45,,1.0350476520254048,1.0159353412019643,0.4703699695395266,1.0,0.4,0.5714285714285715,D4:gaussian_cv,False,False,0.13291729206684977,
D4,26,k_posterior,23,45,,1.0262958679534837,1.0159353412019643,0.2549812368344673,1.0,0.575,0.7301587301587301,D4:k_posterior,False,False,0.0004176250658929348,
D4,26,stability,37,45,,1.0162544135574085,1.0159353412019643,0.007852637783974914,0.8918918918918919,0.825,0.8571428571428571,D4:stability,False,False,0.48528579191770405,exact_off_grid_k
D4,26,changepoint,75,45,,1.0188060079144035,1.0159353412019643,0.07064951101737464,0.5066666666666667,0.95,0.6608695652173914,D4:changepoint,False,False,0.0008305830415338278,
D4,26,consensus,16,45,,1.0350476520254048,1.0159353412019643,0.4703699695395266,1.0,0.4,0.5714285714285715,D4:consensus,False,False,0.13970379100646824,
D4,27,elbow,2,40,,1.0605439310710743,1.0170055112292278,0.9836567062936653,1.0,0.05,0.09523809523809523,D4:elbow,False,False,0.00011645897757261992,
D4,27,penalized/bic,32,40,,1.0187211165793317,1.0170055112292278,0.03876040320510347,1.0,0.8,0.888888888888889,D4:penalized/bic,False,False,0.00037883396726101637,exact_off_grid_k
D4,27,evaluate/time_holdout/best,75,40,,1.0258009034698374,1.0170055112292278,0.19871292052826225,0.5066666666666667,0.95,0.6608695652173914,D4:evaluate/time_holdout/best,False,False,0.032302542007528245,synthetic_time_holdout
D4,27,evaluate/one_se,40,40,,1.0170055112292278,1.0170055112292278,0.0,0.9,0.9,0.9,D4:evaluate/one_se,False,False,0.14339129207655787,synthetic_group_cv
D4,27,fixed_k=50,50,40,,1.019389771224326,1.0170055112292278,0.05386721296375512,0.74,0.925,0.8222222222222222,D4:fixed_k=50,False,False,2.334010787308216e-06,
D4,27,oracle,40,40,,1.0170055112292278,1.0170055112292278,0.0,0.9,0.9,0.9,D4:oracle,False,False,0.0,
D4,27,penalized/ebic,30,40,,1.021867299796016,1.0170055112292278,0.10984162828313557,1.0,0.75,0.8571428571428571,D4:penalized/ebic,False,False,0.0005659590242430568,
D4,27,penalized/ric,27,40,,1.0268193402975556,1.0170055112292278,0.22172230440485796,1.0,0.675,0.8059701492537313,D4:penalized/ric,False,False,0.0002774170134216547,
D4,27,chi2_stop,19,40,,1.0372276720581821,1.0170055112292278,0.456876115104925,1.0,0.475,0.6440677966101694,D4:chi2_stop,False,False,0.0005297911120578647,
D4,27,forward_stop,26,40,,1.0280623401385844,1.0170055112292278,0.24980520530000697,1.0,0.65,0.787878787878788,D4:forward_stop,False,False,0.0005049159517511725,
D4,27,perm_gap,16,40,,1.0425774658095692,1.0170055112292278,0.5777431681572734,1.0,0.4,0.5714285714285715,D4:perm_gap,False,False,0.28072554199025035,
D4,27,knockoff_path,46,40,,1.0174858559219109,1.0170055112292278,0.010852352474128317,0.8043478260869565,0.925,0.8604651162790697,D4:knockoff_path,False,False,0.16989408305380493,
D4,27,xfit_objective,53,40,,1.0193694802356617,1.0170055112292278,0.05340878183213449,0.7169811320754716,0.95,0.8172043010752688,D4:xfit_objective,False,False,0.13691354100592434,exact_off_grid_k
D4,27,gaussian_cv,25,40,,1.02939481757664,1.0170055112292278,0.27990965954270947,1.0,0.625,0.7692307692307693,D4:gaussian_cv,False,False,0.13046283391304314,
D4,27,k_posterior,30,40,,1.021867299796016,1.0170055112292278,0.10984162828313557,1.0,0.75,0.8571428571428571,D4:k_posterior,False,False,0.00043487490620464087,
D4,27,stability,52,40,,1.0204371290347163,1.0170055112292278,0.07753000407610483,0.7115384615384616,0.925,0.8043478260869567,D4:stability,False,False,0.5203456660965458,exact_off_grid_k
D4,27,changepoint,72,40,,1.0249471571700923,1.0170055112292278,0.17942436397824899,0.5277777777777778,0.95,0.6785714285714285,D4:changepoint,False,False,0.0010037500178441405,exact_off_grid_k
D4,27,consensus,25,40,,1.02939481757664,1.0170055112292278,0.27990965954270947,1.0,0.625,0.7692307692307693,D4:consensus,False,False,0.14126287505496293,
D4,28,elbow,2,40,,1.057226736673302,1.012635838831366,0.9478006506229945,1.0,0.05,0.09523809523809523,D4:elbow,False,False,0.00012616708409041166,
D4,28,penalized/bic,35,40,,1.014880856865848,1.012635838831366,0.0477189215001907,0.9714285714285714,0.85,0.9066666666666667,D4:penalized/bic,False,False,0.0003688749857246876,
D4,28,evaluate/time_holdout/best,100,40,,1.026418538662981,1.012635838831366,0.29295781201921794,0.39,0.975,0.5571428571428572,D4:evaluate/time_holdout/best,False,True,0.039650834049098194,synthetic_time_holdout
D4,28,evaluate/one_se,60,40,,1.020247537237422,1.012635838831366,0.16179025430658622,0.65,0.975,0.78,D4:evaluate/one_se,False,False,0.15851300000213087,synthetic_group_cv
D4,28,fixed_k=50,50,40,,1.017650747792952,1.012635838831366,0.10659426489807158,0.76,0.95,0.8444444444444444,D4:fixed_k=50,False,False,2.374988980591297e-06,
D4,28,oracle,40,40,,1.012635838831366,1.012635838831366,0.0,0.925,0.925,0.925,D4:oracle,False,False,0.0,
D4,28,penalized/ebic,31,40,,1.0177228909478642,1.012635838831366,0.10812770182069598,1.0,0.775,0.8732394366197184,D4:penalized/ebic,False,False,0.0003422080771997571,exact_off_grid_k
D4,28,penalized/ric,24,40,,1.0289893408327027,1.012635838831366,0.34760142959611556,1.0,0.6,0.7499999999999999,D4:penalized/ric,False,False,0.00040091597475111485,
D4,28,chi2_stop,18,40,,1.037341412994802,1.012635838831366,0.5251286787075516,1.0,0.45,0.6206896551724138,D4:chi2_stop,False,False,0.0005998340202495456,
D4,28,forward_stop,25,40,,1.0271208692598164,1.012635838831366,0.30788618145893426,1.0,0.625,0.7692307692307693,D4:forward_stop,False,False,0.0005294999573379755,
D4,28,perm_gap,15,40,,1.0414716703405968,1.012635838831366,0.61291925456591,1.0,0.375,0.5454545454545454,D4:perm_gap,False,False,0.2554839579388499,
D4,28,knockoff_path,45,40,,1.0146649396015972,1.012635838831366,0.043129497796207,0.8444444444444444,0.95,0.8941176470588236,D4:knockoff_path,False,False,0.1759705829899758,
D4,28,xfit_objective,81,40,,1.0267535365060856,1.012635838831366,0.3000783498199454,0.48148148148148145,0.975,0.6446280991735537,D4:xfit_objective,False,False,0.11551704199519008,exact_off_grid_k
D4,28,gaussian_cv,19,40,,1.0363548100904172,1.012635838831366,0.5041579667475198,1.0,0.475,0.6440677966101694,D4:gaussian_cv,False,False,0.12936883396469057,
D4,28,k_posterior,31,40,,1.0177228909478642,1.012635838831366,0.10812770182069598,1.0,0.775,0.8732394366197184,D4:k_posterior,False,False,0.0005643339827656746,exact_off_grid_k
D4,28,stability,35,40,,1.014880856865848,1.012635838831366,0.0477189215001907,0.9714285714285714,0.85,0.9066666666666667,D4:stability,False,False,0.5050344170304015,
D4,28,changepoint,76,40,,1.0248759936188725,1.012635838831366,0.26017028660082886,0.5131578947368421,0.975,0.6724137931034483,D4:changepoint,False,False,0.0007862499915063381,exact_off_grid_k
D4,28,consensus,19,40,,1.0363548100904172,1.012635838831366,0.5041579667475198,1.0,0.475,0.6440677966101694,D4:consensus,False,False,0.12648312491364777,
D4,29,elbow,2,40,,1.0528213228421817,1.007687328275341,0.9416123972874634,1.0,0.05,0.09523809523809523,D4:elbow,False,False,0.00021349999587982893,
D4,29,penalized/bic,30,40,,1.0129326271520882,1.007687328275341,0.10943056330874588,1.0,0.75,0.8571428571428571,D4:penalized/bic,False,False,0.00041516695637255907,
D4,29,evaluate/time_holdout/best,75,40,,1.017635760594563,1.007687328275341,0.2075501469625504,0.5066666666666667,0.95,0.6608695652173914,D4:evaluate/time_holdout/best,False,False,0.03920970798935741,synthetic_time_holdout
D4,29,evaluate/one_se,40,40,,1.007687328275341,1.007687328275341,0.0,0.9,0.9,0.9,D4:evaluate/one_se,False,False,0.1773624171037227,synthetic_group_cv
D4,29,fixed_k=50,50,40,,1.0108078078547658,1.007687328275341,0.06510131189734134,0.74,0.925,0.8222222222222222,D4:fixed_k=50,False,False,2.2919848561286926e-06,
D4,29,oracle,40,40,,1.007687328275341,1.007687328275341,0.0,0.9,0.9,0.9,D4:oracle,False,False,0.0,
D4,29,penalized/ebic,27,40,,1.0169093754157552,1.007687328275341,0.1923958647826667,1.0,0.675,0.8059701492537313,D4:penalized/ebic,False,False,0.0006946669891476631,
D4,29,penalized/ric,25,40,,1.0195347327172553,1.007687328275341,0.2471676394976349,1.0,0.625,0.7692307692307693,D4:penalized/ric,False,False,0.0007705839816480875,
D4,29,chi2_stop,19,40,,1.029458412545415,1.007687328275341,0.4542013851827942,1.0,0.475,0.6440677966101694,D4:chi2_stop,False,False,0.0005891660694032907,
D4,29,forward_stop,26,40,,1.0184497584655618,1.007687328275341,0.22453225754359066,1.0,0.65,0.787878787878788,D4:forward_stop,False,False,0.0005211660172790289,
D4,29,perm_gap,9,40,,1.043113027690299,1.007687328275341,0.7390721355785059,1.0,0.225,0.36734693877551017,D4:perm_gap,False,False,0.2740512090967968,
D4,29,knockoff_path,51,40,,1.0107513954606977,1.007687328275341,0.0639244027820516,0.7254901960784313,0.925,0.8131868131868133,D4:knockoff_path,False,False,0.17113170796073973,
D4,29,xfit_objective,60,40,,1.0125064369201007,1.007687328275341,0.10053912770917865,0.6333333333333333,0.95,0.7599999999999999,D4:xfit_objective,False,False,0.11669249995611608,
D4,29,gaussian_cv,25,40,,1.0195347327172553,1.007687328275341,0.2471676394976349,1.0,0.625,0.7692307692307693,D4:gaussian_cv,False,False,0.13483091699890792,
D4,29,k_posterior,27,40,,1.0169093754157552,1.007687328275341,0.1923958647826667,1.0,0.675,0.8059701492537313,D4:k_posterior,False,False,0.0004172499757260084,
D4,29,stability,45,40,,1.008961138100189,1.007687328275341,0.02657498265719196,0.8222222222222222,0.925,0.8705882352941177,D4:stability,False,False,0.5022773339878768,
D4,29,changepoint,80,40,,1.0157489679515597,1.007687328275341,0.16818675001944144,0.475,0.95,0.6333333333333334,D4:changepoint,False,False,0.00075683300383389,
D4,29,consensus,25,40,,1.0195347327172553,1.007687328275341,0.2471676394976349,1.0,0.625,0.7692307692307693,D4:consensus,False,False,0.12536479195114225,
D5,0,elbow,2,0,0,0.998805467355669,0.9946950680518851,nan,0.0,1.0,0.0,D5:elbow,False,False,0.00010758289135992527,regret_denominator_zero
D5,0,penalized/bic,3,0,0,1.000364063264822,0.9946950680518851,nan,0.0,1.0,0.0,D5:penalized/bic,False,False,0.0003593750298023224,regret_denominator_zero
D5,0,evaluate/time_holdout/best,50,0,0,1.0128963850854444,0.9946950680518851,nan,0.0,1.0,0.0,D5:evaluate/time_holdout/best,False,False,0.01693770894780755,synthetic_time_holdout;regret_denominator_zero
D5,0,evaluate/one_se,21,0,0,1.0152251567159083,0.9946950680518851,nan,0.0,1.0,0.0,D5:evaluate/one_se,False,False,0.07578145794104785,synthetic_group_cv;regret_denominator_zero
D5,0,fixed_k=50,50,0,0,1.0128963850854444,0.9946950680518851,nan,0.0,1.0,0.0,D5:fixed_k=50,False,False,1.9581057131290436e-06,regret_denominator_zero
D5,0,oracle,0,0,0,0.9946950680518851,0.9946950680518851,0.0,1.0,1.0,1.0,D5:oracle,True,False,0.0,regret_denominator_zero
D5,0,penalized/ebic,1,0,0,0.99725705182274,0.9946950680518851,nan,0.0,1.0,0.0,D5:penalized/ebic,False,False,0.0003153750440105796,regret_denominator_zero
D5,0,penalized/ric,1,0,0,0.99725705182274,0.9946950680518851,nan,0.0,1.0,0.0,D5:penalized/ric,False,False,0.0002620000159367919,regret_denominator_zero
D5,0,chi2_stop,0,0,0,0.9946950680518851,0.9946950680518851,0.0,1.0,1.0,1.0,D5:chi2_stop,True,False,0.0005023750709369779,regret_denominator_zero
D5,0,forward_stop,0,0,0,0.9946950680518851,0.9946950680518851,0.0,1.0,1.0,1.0,D5:forward_stop,True,False,0.0006559169851243496,regret_denominator_zero
D5,0,perm_gap,1,0,0,0.99725705182274,0.9946950680518851,nan,0.0,1.0,0.0,D5:perm_gap,False,False,0.07838520896621048,regret_denominator_zero
D5,0,knockoff_path,0,0,0,0.9946950680518851,0.9946950680518851,0.0,1.0,1.0,1.0,D5:knockoff_path,True,False,0.07111858308780938,regret_denominator_zero
D5,0,xfit_objective,1,0,0,0.99725705182274,0.9946950680518851,nan,0.0,1.0,0.0,D5:xfit_objective,False,False,0.05761400004848838,regret_denominator_zero
D5,0,gaussian_cv,3,0,0,1.000364063264822,0.9946950680518851,nan,0.0,1.0,0.0,D5:gaussian_cv,False,False,0.05296362494118512,regret_denominator_zero
D5,0,k_posterior,1,0,0,0.99725705182274,0.9946950680518851,nan,0.0,1.0,0.0,D5:k_posterior,False,False,0.0006227500271052122,regret_denominator_zero
D5,0,stability,1,0,0,0.99725705182274,0.9946950680518851,nan,0.0,1.0,0.0,D5:stability,False,False,0.1448404589900747,regret_denominator_zero
D5,0,changepoint,80,0,0,1.016458640024015,0.9946950680518851,nan,0.0,1.0,0.0,D5:changepoint,False,False,0.0007778329309076071,regret_denominator_zero
D5,0,consensus,1,0,0,0.99725705182274,0.9946950680518851,nan,0.0,1.0,0.0,D5:consensus,False,False,0.058587833074852824,regret_denominator_zero
D5,1,elbow,2,0,0,1.0012057693436254,0.9985170566032374,nan,0.0,1.0,0.0,D5:elbow,False,False,0.0001325419871136546,regret_denominator_zero
D5,1,penalized/bic,2,0,0,1.0012057693436254,0.9985170566032374,nan,0.0,1.0,0.0,D5:penalized/bic,False,False,0.0003642919473350048,regret_denominator_zero
D5,1,evaluate/time_holdout/best,50,0,0,1.0134154596807028,0.9985170566032374,nan,0.0,1.0,0.0,D5:evaluate/time_holdout/best,False,False,0.015392249915748835,synthetic_time_holdout;regret_denominator_zero
D5,1,evaluate/one_se,1,0,0,0.9997746441225719,0.9985170566032374,nan,0.0,1.0,0.0,D5:evaluate/one_se,False,False,0.08761187503114343,synthetic_group_cv;regret_denominator_zero
D5,1,fixed_k=50,50,0,0,1.0134154596807028,0.9985170566032374,nan,0.0,1.0,0.0,D5:fixed_k=50,False,False,2.249958924949169e-06,regret_denominator_zero
D5,1,oracle,0,0,0,0.9985170566032374,0.9985170566032374,0.0,1.0,1.0,1.0,D5:oracle,True,False,0.0,regret_denominator_zero
D5,1,penalized/ebic,0,0,0,0.9985170566032374,0.9985170566032374,0.0,1.0,1.0,1.0,D5:penalized/ebic,True,False,0.000437874929048121,regret_denominator_zero
D5,1,penalized/ric,0,0,0,0.9985170566032374,0.9985170566032374,0.0,1.0,1.0,1.0,D5:penalized/ric,True,False,0.00032229209318757057,regret_denominator_zero
D5,1,chi2_stop,0,0,0,0.9985170566032374,0.9985170566032374,0.0,1.0,1.0,1.0,D5:chi2_stop,True,False,0.0005663339979946613,regret_denominator_zero
D5,1,forward_stop,0,0,0,0.9985170566032374,0.9985170566032374,0.0,1.0,1.0,1.0,D5:forward_stop,True,False,0.0005213330732658505,regret_denominator_zero
D5,1,perm_gap,0,0,0,0.9985170566032374,0.9985170566032374,0.0,1.0,1.0,1.0,D5:perm_gap,True,False,0.0917486660182476,regret_denominator_zero
D5,1,knockoff_path,8,0,0,1.0081714701255382,0.9985170566032374,nan,0.0,1.0,0.0,D5:knockoff_path,False,False,0.0807418751064688,regret_denominator_zero
D5,1,xfit_objective,1,0,0,0.9997746441225719,0.9985170566032374,nan,0.0,1.0,0.0,D5:xfit_objective,False,False,0.04395299998577684,regret_denominator_zero
D5,1,gaussian_cv,1,0,0,0.9997746441225719,0.9985170566032374,nan,0.0,1.0,0.0,D5:gaussian_cv,False,False,0.052493292023427784,regret_denominator_zero
D5,1,k_posterior,0,0,0,0.9985170566032374,0.9985170566032374,0.0,1.0,1.0,1.0,D5:k_posterior,True,False,0.00042033405043184757,regret_denominator_zero
D5,1,stability,1,0,0,0.9997746441225719,0.9985170566032374,nan,0.0,1.0,0.0,D5:stability,False,False,0.1790537090273574,regret_denominator_zero
D5,1,changepoint,69,0,0,1.015621462705426,0.9985170566032374,nan,0.0,1.0,0.0,D5:changepoint,False,False,0.0013759590219706297,exact_off_grid_k;regret_denominator_zero
D5,1,consensus,0,0,0,0.9985170566032374,0.9985170566032374,0.0,1.0,1.0,1.0,D5:consensus,True,False,0.07518333301413804,regret_denominator_zero
D5,2,elbow,2,0,0,1.0093257798585742,1.0060569430565738,nan,0.0,1.0,0.0,D5:elbow,False,False,0.00015674997121095657,regret_denominator_zero
D5,2,penalized/bic,1,0,0,1.0084937139576298,1.0060569430565738,nan,0.0,1.0,0.0,D5:penalized/bic,False,False,0.0004341250751167536,regret_denominator_zero
D5,2,evaluate/time_holdout/best,40,0,0,1.020341553215516,1.0060569430565738,nan,0.0,1.0,0.0,D5:evaluate/time_holdout/best,False,False,0.019817375112324953,synthetic_time_holdout;regret_denominator_zero
D5,2,evaluate/one_se,6,0,0,1.0125682348167213,1.0060569430565738,nan,0.0,1.0,0.0,D5:evaluate/one_se,False,False,0.08383329201024026,synthetic_group_cv;regret_denominator_zero
D5,2,fixed_k=50,50,0,0,1.0223544360002692,1.0060569430565738,nan,0.0,1.0,0.0,D5:fixed_k=50,False,False,2.125045284628868e-06,regret_denominator_zero
D5,2,oracle,0,0,0,1.0060569430565738,1.0060569430565738,0.0,1.0,1.0,1.0,D5:oracle,True,False,0.0,regret_denominator_zero
D5,2,penalized/ebic,1,0,0,1.0084937139576298,1.0060569430565738,nan,0.0,1.0,0.0,D5:penalized/ebic,False,False,0.000313374912366271,regret_denominator_zero
D5,2,penalized/ric,1,0,0,1.0084937139576298,1.0060569430565738,nan,0.0,1.0,0.0,D5:penalized/ric,False,False,0.00024995801504701376,regret_denominator_zero
D5,2,chi2_stop,0,0,0,1.0060569430565738,1.0060569430565738,0.0,1.0,1.0,1.0,D5:chi2_stop,True,False,0.0006024159956723452,regret_denominator_zero
D5,2,forward_stop,0,0,0,1.0060569430565738,1.0060569430565738,0.0,1.0,1.0,1.0,D5:forward_stop,True,False,0.0005811250302940607,regret_denominator_zero
D5,2,perm_gap,0,0,0,1.0060569430565738,1.0060569430565738,0.0,1.0,1.0,1.0,D5:perm_gap,True,False,0.08192525000777096,regret_denominator_zero
D5,2,knockoff_path,0,0,0,1.0060569430565738,1.0060569430565738,0.0,1.0,1.0,1.0,D5:knockoff_path,True,False,0.07012991700321436,regret_denominator_zero
D5,2,xfit_objective,1,0,0,1.0084937139576298,1.0060569430565738,nan,0.0,1.0,0.0,D5:xfit_objective,False,False,0.04436420800630003,regret_denominator_zero
D5,2,gaussian_cv,1,0,0,1.0084937139576298,1.0060569430565738,nan,0.0,1.0,0.0,D5:gaussian_cv,False,False,0.051762042101472616,regret_denominator_zero
D5,2,k_posterior,1,0,0,1.0084937139576298,1.0060569430565738,nan,0.0,1.0,0.0,D5:k_posterior,False,False,0.00040245894342660904,regret_denominator_zero
D5,2,stability,1,0,0,1.0084937139576298,1.0060569430565738,nan,0.0,1.0,0.0,D5:stability,False,False,0.137180709047243,regret_denominator_zero
D5,2,changepoint,68,0,0,1.024224052813725,1.0060569430565738,nan,0.0,1.0,0.0,D5:changepoint,False,False,0.0007717499975115061,exact_off_grid_k;regret_denominator_zero
D5,2,consensus,1,0,0,1.0084937139576298,1.0060569430565738,nan,0.0,1.0,0.0,D5:consensus,False,False,0.05911425000522286,regret_denominator_zero
D5,3,elbow,2,0,0,1.0098383861546372,1.005916106998069,nan,0.0,1.0,0.0,D5:elbow,False,False,0.00011250004172325134,regret_denominator_zero
D5,3,penalized/bic,1,0,0,1.008358218922308,1.005916106998069,nan,0.0,1.0,0.0,D5:penalized/bic,False,False,0.00035329104866832495,regret_denominator_zero
D5,3,evaluate/time_holdout/best,75,0,0,1.0283312915166973,1.005916106998069,nan,0.0,1.0,0.0,D5:evaluate/time_holdout/best,False,False,0.018404250033199787,synthetic_time_holdout;regret_denominator_zero
D5,3,evaluate/one_se,11,0,0,1.0178906017302736,1.005916106998069,nan,0.0,1.0,0.0,D5:evaluate/one_se,False,False,0.08936154202092439,synthetic_group_cv;regret_denominator_zero
D5,3,fixed_k=50,50,0,0,1.0249948650616862,1.005916106998069,nan,0.0,1.0,0.0,D5:fixed_k=50,False,False,2.124928869307041e-06,regret_denominator_zero
D5,3,oracle,0,0,0,1.005916106998069,1.005916106998069,0.0,1.0,1.0,1.0,D5:oracle,True,False,0.0,regret_denominator_zero
D5,3,penalized/ebic,0,0,0,1.005916106998069,1.005916106998069,0.0,1.0,1.0,1.0,D5:penalized/ebic,True,False,0.0004034589510411024,regret_denominator_zero
D5,3,penalized/ric,0,0,0,1.005916106998069,1.005916106998069,0.0,1.0,1.0,1.0,D5:penalized/ric,True,False,0.0003469169605523348,regret_denominator_zero
D5,3,chi2_stop,0,0,0,1.005916106998069,1.005916106998069,0.0,1.0,1.0,1.0,D5:chi2_stop,True,False,0.0006380421109497547,regret_denominator_zero
D5,3,forward_stop,0,0,0,1.005916106998069,1.005916106998069,0.0,1.0,1.0,1.0,D5:forward_stop,True,False,0.0005432090256363153,regret_denominator_zero
D5,3,perm_gap,0,0,0,1.005916106998069,1.005916106998069,0.0,1.0,1.0,1.0,D5:perm_gap,True,False,0.09668266691733152,regret_denominator_zero
D5,3,knockoff_path,0,0,0,1.005916106998069,1.005916106998069,0.0,1.0,1.0,1.0,D5:knockoff_path,True,False,0.09485149988904595,regret_denominator_zero
D5,3,xfit_objective,1,0,0,1.008358218922308,1.005916106998069,nan,0.0,1.0,0.0,D5:xfit_objective,False,False,0.049402749980799854,regret_denominator_zero
D5,3,gaussian_cv,1,0,0,1.008358218922308,1.005916106998069,nan,0.0,1.0,0.0,D5:gaussian_cv,False,False,0.04761395801324397,regret_denominator_zero
D5,3,k_posterior,0,0,0,1.005916106998069,1.005916106998069,0.0,1.0,1.0,1.0,D5:k_posterior,True,False,0.0004147500731050968,regret_denominator_zero
D5,3,stability,1,0,0,1.008358218922308,1.005916106998069,nan,0.0,1.0,0.0,D5:stability,False,False,0.13731999997980893,regret_denominator_zero
D5,3,changepoint,71,0,0,1.0278774325376772,1.005916106998069,nan,0.0,1.0,0.0,D5:changepoint,False,False,0.0007634579669684172,exact_off_grid_k;regret_denominator_zero
D5,3,consensus,0,0,0,1.005916106998069,1.005916106998069,0.0,1.0,1.0,1.0,D5:consensus,True,False,0.05661424994468689,regret_denominator_zero
D5,4,elbow,2,0,0,0.9948537117503061,0.992230842529367,nan,0.0,1.0,0.0,D5:elbow,False,False,0.00011833303142338991,regret_denominator_zero
D5,4,penalized/bic,1,0,0,0.9941203336000258,0.992230842529367,nan,0.0,1.0,0.0,D5:penalized/bic,False,False,0.0004140000091865659,regret_denominator_zero
D5,4,evaluate/time_holdout/best,60,0,0,1.0067135561665366,0.992230842529367,nan,0.0,1.0,0.0,D5:evaluate/time_holdout/best,False,False,0.014907582895830274,synthetic_time_holdout;regret_denominator_zero
D5,4,evaluate/one_se,1,0,0,0.9941203336000258,0.992230842529367,nan,0.0,1.0,0.0,D5:evaluate/one_se,False,False,0.0812398330308497,synthetic_group_cv;regret_denominator_zero
D5,4,fixed_k=50,50,0,0,1.0058000025679388,0.992230842529367,nan,0.0,1.0,0.0,D5:fixed_k=50,False,False,1.999898813664913e-06,regret_denominator_zero
D5,4,oracle,0,0,0,0.992230842529367,0.992230842529367,0.0,1.0,1.0,1.0,D5:oracle,True,False,0.0,regret_denominator_zero
D5,4,penalized/ebic,0,0,0,0.992230842529367,0.992230842529367,0.0,1.0,1.0,1.0,D5:penalized/ebic,True,False,0.00033258297480642796,regret_denominator_zero
D5,4,penalized/ric,0,0,0,0.992230842529367,0.992230842529367,0.0,1.0,1.0,1.0,D5:penalized/ric,True,False,0.00027666601818054914,regret_denominator_zero
D5,4,chi2_stop,0,0,0,0.992230842529367,0.992230842529367,0.0,1.0,1.0,1.0,D5:chi2_stop,True,False,0.0005112079670652747,regret_denominator_zero
D5,4,forward_stop,0,0,0,0.992230842529367,0.992230842529367,0.0,1.0,1.0,1.0,D5:forward_stop,True,False,0.0005137920379638672,regret_denominator_zero
D5,4,perm_gap,0,0,0,0.992230842529367,0.992230842529367,0.0,1.0,1.0,1.0,D5:perm_gap,True,False,0.08265350002329797,regret_denominator_zero
D5,4,knockoff_path,0,0,0,0.992230842529367,0.992230842529367,0.0,1.0,1.0,1.0,D5:knockoff_path,True,False,0.07821054197847843,regret_denominator_zero
D5,4,xfit_objective,1,0,0,0.9941203336000258,0.992230842529367,nan,0.0,1.0,0.0,D5:xfit_objective,False,False,0.05335541698150337,regret_denominator_zero
D5,4,gaussian_cv,1,0,0,0.9941203336000258,0.992230842529367,nan,0.0,1.0,0.0,D5:gaussian_cv,False,False,0.05196270905435085,regret_denominator_zero
D5,4,k_posterior,0,0,0,0.992230842529367,0.992230842529367,0.0,1.0,1.0,1.0,D5:k_posterior,True,False,0.0004217081004753709,regret_denominator_zero
D5,4,stability,1,0,0,0.9941203336000258,0.992230842529367,nan,0.0,1.0,0.0,D5:stability,False,False,0.14334037504158914,regret_denominator_zero
D5,4,changepoint,67,0,0,1.007099781434258,0.992230842529367,nan,0.0,1.0,0.0,D5:changepoint,False,False,0.00079158297739923,exact_off_grid_k;regret_denominator_zero
D5,4,consensus,0,0,0,0.992230842529367,0.992230842529367,0.0,1.0,1.0,1.0,D5:consensus,True,False,0.05088337499182671,regret_denominator_zero
D5,5,elbow,2,0,0,0.9991250949876002,0.9962681582808715,nan,0.0,1.0,0.0,D5:elbow,False,False,0.00011716596782207489,regret_denominator_zero
D5,5,penalized/bic,1,0,0,0.9980817216562812,0.9962681582808715,nan,0.0,1.0,0.0,D5:penalized/bic,False,False,0.00039962492883205414,regret_denominator_zero
D5,5,evaluate/time_holdout/best,60,0,0,1.0143972277310886,0.9962681582808715,nan,0.0,1.0,0.0,D5:evaluate/time_holdout/best,False,False,0.018706707982346416,synthetic_time_holdout;regret_denominator_zero
D5,5,evaluate/one_se,6,0,0,1.003764006572811,0.9962681582808715,nan,0.0,1.0,0.0,D5:evaluate/one_se,False,False,0.08170704205986112,synthetic_group_cv;regret_denominator_zero
D5,5,fixed_k=50,50,0,0,1.0120223119735814,0.9962681582808715,nan,0.0,1.0,0.0,D5:fixed_k=50,False,False,1.9170111045241356e-06,regret_denominator_zero
D5,5,oracle,0,0,0,0.9962681582808715,0.9962681582808715,0.0,1.0,1.0,1.0,D5:oracle,True,False,0.0,regret_denominator_zero
D5,5,penalized/ebic,0,0,0,0.9962681582808715,0.9962681582808715,0.0,1.0,1.0,1.0,D5:penalized/ebic,True,False,0.00031937507446855307,regret_denominator_zero
D5,5,penalized/ric,0,0,0,0.9962681582808715,0.9962681582808715,0.0,1.0,1.0,1.0,D5:penalized/ric,True,False,0.0002584579633548856,regret_denominator_zero
D5,5,chi2_stop,0,0,0,0.9962681582808715,0.9962681582808715,0.0,1.0,1.0,1.0,D5:chi2_stop,True,False,0.0004911249270662665,regret_denominator_zero
D5,5,forward_stop,0,0,0,0.9962681582808715,0.9962681582808715,0.0,1.0,1.0,1.0,D5:forward_stop,True,False,0.0004997079959139228,regret_denominator_zero
D5,5,perm_gap,0,0,0,0.9962681582808715,0.9962681582808715,0.0,1.0,1.0,1.0,D5:perm_gap,True,False,0.08143104205373675,regret_denominator_zero
D5,5,knockoff_path,0,0,0,0.9962681582808715,0.9962681582808715,0.0,1.0,1.0,1.0,D5:knockoff_path,True,False,0.07137233391404152,regret_denominator_zero
D5,5,xfit_objective,1,0,0,0.9980817216562812,0.9962681582808715,nan,0.0,1.0,0.0,D5:xfit_objective,False,False,0.056173874996602535,regret_denominator_zero
D5,5,gaussian_cv,1,0,0,0.9980817216562812,0.9962681582808715,nan,0.0,1.0,0.0,D5:gaussian_cv,False,False,0.05727591703180224,regret_denominator_zero
D5,5,k_posterior,0,0,0,0.9962681582808715,0.9962681582808715,0.0,1.0,1.0,1.0,D5:k_posterior,True,False,0.000516125001013279,regret_denominator_zero
D5,5,stability,1,0,0,0.9980817216562812,0.9962681582808715,nan,0.0,1.0,0.0,D5:stability,False,False,0.13349941605702043,regret_denominator_zero
D5,5,changepoint,57,0,0,1.0134690369569423,0.9962681582808715,nan,0.0,1.0,0.0,D5:changepoint,False,False,0.0007761659799143672,exact_off_grid_k;regret_denominator_zero
D5,5,consensus,0,0,0,0.9962681582808715,0.9962681582808715,0.0,1.0,1.0,1.0,D5:consensus,True,False,0.054862207965925336,regret_denominator_zero
D5,6,elbow,2,0,0,1.00355890178047,1.0006381245662186,nan,0.0,1.0,0.0,D5:elbow,False,False,0.00012387509923428297,regret_denominator_zero
D5,6,penalized/bic,1,0,0,1.0022475516680935,1.0006381245662186,nan,0.0,1.0,0.0,D5:penalized/bic,False,False,0.0003463750472292304,regret_denominator_zero
D5,6,evaluate/time_holdout/best,40,0,0,1.013826359787108,1.0006381245662186,nan,0.0,1.0,0.0,D5:evaluate/time_holdout/best,False,False,0.016098042018711567,synthetic_time_holdout;regret_denominator_zero
D5,6,evaluate/one_se,1,0,0,1.0022475516680935,1.0006381245662186,nan,0.0,1.0,0.0,D5:evaluate/one_se,False,False,0.07745104096829891,synthetic_group_cv;regret_denominator_zero
D5,6,fixed_k=50,50,0,0,1.015522349375887,1.0006381245662186,nan,0.0,1.0,0.0,D5:fixed_k=50,False,False,2.125045284628868e-06,regret_denominator_zero
D5,6,oracle,0,0,0,1.0006381245662186,1.0006381245662186,0.0,1.0,1.0,1.0,D5:oracle,True,False,0.0,regret_denominator_zero
D5,6,penalized/ebic,0,0,0,1.0006381245662186,1.0006381245662186,0.0,1.0,1.0,1.0,D5:penalized/ebic,True,False,0.00034420902375131845,regret_denominator_zero
D5,6,penalized/ric,0,0,0,1.0006381245662186,1.0006381245662186,0.0,1.0,1.0,1.0,D5:penalized/ric,True,False,0.00026354193687438965,regret_denominator_zero
D5,6,chi2_stop,0,0,0,1.0006381245662186,1.0006381245662186,0.0,1.0,1.0,1.0,D5:chi2_stop,True,False,0.0005245000356808305,regret_denominator_zero
D5,6,forward_stop,0,0,0,1.0006381245662186,1.0006381245662186,0.0,1.0,1.0,1.0,D5:forward_stop,True,False,0.0005125830648466945,regret_denominator_zero
D5,6,perm_gap,0,0,0,1.0006381245662186,1.0006381245662186,0.0,1.0,1.0,1.0,D5:perm_gap,True,False,0.07371029199566692,regret_denominator_zero
D5,6,knockoff_path,0,0,0,1.0006381245662186,1.0006381245662186,0.0,1.0,1.0,1.0,D5:knockoff_path,True,False,0.07132720900699496,regret_denominator_zero
D5,6,xfit_objective,1,0,0,1.0022475516680935,1.0006381245662186,nan,0.0,1.0,0.0,D5:xfit_objective,False,False,0.04155129101127386,regret_denominator_zero
D5,6,gaussian_cv,1,0,0,1.0022475516680935,1.0006381245662186,nan,0.0,1.0,0.0,D5:gaussian_cv,False,False,0.051646500010974705,regret_denominator_zero
D5,6,k_posterior,0,0,0,1.0006381245662186,1.0006381245662186,0.0,1.0,1.0,1.0,D5:k_posterior,True,False,0.0003881249576807022,regret_denominator_zero
D5,6,stability,1,0,0,1.0022475516680935,1.0006381245662186,nan,0.0,1.0,0.0,D5:stability,False,False,0.13261245796456933,regret_denominator_zero
D5,6,changepoint,74,0,0,1.0186253859057834,1.0006381245662186,nan,0.0,1.0,0.0,D5:changepoint,False,False,0.0007630420150235295,exact_off_grid_k;regret_denominator_zero
D5,6,consensus,0,0,0,1.0006381245662186,1.0006381245662186,0.0,1.0,1.0,1.0,D5:consensus,True,False,0.05374574998859316,regret_denominator_zero
D5,7,elbow,2,0,0,1.0022041538892015,0.9991125385100124,nan,0.0,1.0,0.0,D5:elbow,False,False,0.00011216592974960804,regret_denominator_zero
D5,7,penalized/bic,1,0,0,1.0011221381714548,0.9991125385100124,nan,0.0,1.0,0.0,D5:penalized/bic,False,False,0.00034979102201759815,regret_denominator_zero
D5,7,evaluate/time_holdout/best,6,0,0,1.0049519202952388,0.9991125385100124,nan,0.0,1.0,0.0,D5:evaluate/time_holdout/best,False,False,0.015176667016930878,synthetic_time_holdout;regret_denominator_zero
D5,7,evaluate/one_se,1,0,0,1.0011221381714548,0.9991125385100124,nan,0.0,1.0,0.0,D5:evaluate/one_se,False,False,0.07235570799093693,synthetic_group_cv;regret_denominator_zero
D5,7,fixed_k=50,50,0,0,1.0128369120197631,0.9991125385100124,nan,0.0,1.0,0.0,D5:fixed_k=50,False,False,2.0420411601662636e-06,regret_denominator_zero
D5,7,oracle,0,0,0,0.9991125385100124,0.9991125385100124,0.0,1.0,1.0,1.0,D5:oracle,True,False,0.0,regret_denominator_zero
D5,7,penalized/ebic,0,0,0,0.9991125385100124,0.9991125385100124,0.0,1.0,1.0,1.0,D5:penalized/ebic,True,False,0.00032129103783518076,regret_denominator_zero
D5,7,penalized/ric,0,0,0,0.9991125385100124,0.9991125385100124,0.0,1.0,1.0,1.0,D5:penalized/ric,True,False,0.00025037501472979784,regret_denominator_zero
D5,7,chi2_stop,0,0,0,0.9991125385100124,0.9991125385100124,0.0,1.0,1.0,1.0,D5:chi2_stop,True,False,0.0005253329873085022,regret_denominator_zero
D5,7,forward_stop,0,0,0,0.9991125385100124,0.9991125385100124,0.0,1.0,1.0,1.0,D5:forward_stop,True,False,0.0005743750371038914,regret_denominator_zero
D5,7,perm_gap,0,0,0,0.9991125385100124,0.9991125385100124,0.0,1.0,1.0,1.0,D5:perm_gap,True,False,0.08862566703464836,regret_denominator_zero
D5,7,knockoff_path,0,0,0,0.9991125385100124,0.9991125385100124,0.0,1.0,1.0,1.0,D5:knockoff_path,True,False,0.0708268330199644,regret_denominator_zero
D5,7,xfit_objective,1,0,0,1.0011221381714548,0.9991125385100124,nan,0.0,1.0,0.0,D5:xfit_objective,False,False,0.04774149996228516,regret_denominator_zero
D5,7,gaussian_cv,1,0,0,1.0011221381714548,0.9991125385100124,nan,0.0,1.0,0.0,D5:gaussian_cv,False,False,0.05065404193010181,regret_denominator_zero
D5,7,k_posterior,0,0,0,0.9991125385100124,0.9991125385100124,0.0,1.0,1.0,1.0,D5:k_posterior,True,False,0.00042349996510893106,regret_denominator_zero
D5,7,stability,1,0,0,1.0011221381714548,0.9991125385100124,nan,0.0,1.0,0.0,D5:stability,False,False,0.1303102079546079,regret_denominator_zero
D5,7,changepoint,57,0,0,1.0139986621863053,0.9991125385100124,nan,0.0,1.0,0.0,D5:changepoint,False,False,0.0007839580066502094,exact_off_grid_k;regret_denominator_zero
D5,7,consensus,0,0,0,0.9991125385100124,0.9991125385100124,0.0,1.0,1.0,1.0,D5:consensus,True,False,0.048181042075157166,regret_denominator_zero
D5,8,elbow,2,0,0,1.0094853557753207,1.0055153383495634,nan,0.0,1.0,0.0,D5:elbow,False,False,0.00011429202277213335,regret_denominator_zero
D5,8,penalized/bic,2,0,0,1.0094853557753207,1.0055153383495634,nan,0.0,1.0,0.0,D5:penalized/bic,False,False,0.0003498750738799572,regret_denominator_zero
D5,8,evaluate/time_holdout/best,40,0,0,1.0199505528984716,1.0055153383495634,nan,0.0,1.0,0.0,D5:evaluate/time_holdout/best,False,False,0.017172833089716733,synthetic_time_holdout;regret_denominator_zero
D5,8,evaluate/one_se,1,0,0,1.0081517284395745,1.0055153383495634,nan,0.0,1.0,0.0,D5:evaluate/one_se,False,False,0.07103829202242196,synthetic_group_cv;regret_denominator_zero
D5,8,fixed_k=50,50,0,0,1.021449751047809,1.0055153383495634,nan,0.0,1.0,0.0,D5:fixed_k=50,False,False,2.0830193534493446e-06,regret_denominator_zero
D5,8,oracle,0,0,0,1.0055153383495634,1.0055153383495634,0.0,1.0,1.0,1.0,D5:oracle,True,False,0.0,regret_denominator_zero
D5,8,penalized/ebic,1,0,0,1.0081517284395745,1.0055153383495634,nan,0.0,1.0,0.0,D5:penalized/ebic,False,False,0.0003192079020664096,regret_denominator_zero
D5,8,penalized/ric,1,0,0,1.0081517284395745,1.0055153383495634,nan,0.0,1.0,0.0,D5:penalized/ric,False,False,0.0002525410382077098,regret_denominator_zero
D5,8,chi2_stop,0,0,0,1.0055153383495634,1.0055153383495634,0.0,1.0,1.0,1.0,D5:chi2_stop,True,False,0.00047974998597055674,regret_denominator_zero
D5,8,forward_stop,0,0,0,1.0055153383495634,1.0055153383495634,0.0,1.0,1.0,1.0,D5:forward_stop,True,False,0.0004904590314254165,regret_denominator_zero
D5,8,perm_gap,0,0,0,1.0055153383495634,1.0055153383495634,0.0,1.0,1.0,1.0,D5:perm_gap,True,False,0.0852881669998169,regret_denominator_zero
D5,8,knockoff_path,0,0,0,1.0055153383495634,1.0055153383495634,0.0,1.0,1.0,1.0,D5:knockoff_path,True,False,0.06315629207529128,regret_denominator_zero
D5,8,xfit_objective,1,0,0,1.0081517284395745,1.0055153383495634,nan,0.0,1.0,0.0,D5:xfit_objective,False,False,0.04994716704823077,regret_denominator_zero
D5,8,gaussian_cv,1,0,0,1.0081517284395745,1.0055153383495634,nan,0.0,1.0,0.0,D5:gaussian_cv,False,False,0.05227637500502169,regret_denominator_zero
D5,8,k_posterior,1,0,0,1.0081517284395745,1.0055153383495634,nan,0.0,1.0,0.0,D5:k_posterior,False,False,0.00041387497913092375,regret_denominator_zero
D5,8,stability,1,0,0,1.0081517284395745,1.0055153383495634,nan,0.0,1.0,0.0,D5:stability,False,False,0.1312888750107959,regret_denominator_zero
D5,8,changepoint,75,0,0,1.0244194414993388,1.0055153383495634,nan,0.0,1.0,0.0,D5:changepoint,False,False,0.0007590829627588391,regret_denominator_zero
D5,8,consensus,1,0,0,1.0081517284395745,1.0055153383495634,nan,0.0,1.0,0.0,D5:consensus,False,False,0.05340195796452463,regret_denominator_zero
D5,9,elbow,2,0,0,1.0044836442404583,1.001031762820273,nan,0.0,1.0,0.0,D5:elbow,False,False,0.00010637508239597082,regret_denominator_zero
D5,9,penalized/bic,1,0,0,1.0026838768016482,1.001031762820273,nan,0.0,1.0,0.0,D5:penalized/bic,False,False,0.0003447500057518482,regret_denominator_zero
D5,9,evaluate/time_holdout/best,26,0,0,1.026767825675083,1.001031762820273,nan,0.0,1.0,0.0,D5:evaluate/time_holdout/best,False,False,0.015161625109612942,synthetic_time_holdout;regret_denominator_zero
D5,9,evaluate/one_se,6,0,0,1.0106960437028143,1.001031762820273,nan,0.0,1.0,0.0,D5:evaluate/one_se,False,False,0.08011466707102954,synthetic_group_cv;regret_denominator_zero
D5,9,fixed_k=50,50,0,0,1.0192046352453705,1.001031762820273,nan,0.0,1.0,0.0,D5:fixed_k=50,False,False,1.959037035703659e-06,regret_denominator_zero
D5,9,oracle,0,0,0,1.001031762820273,1.001031762820273,0.0,1.0,1.0,1.0,D5:oracle,True,False,0.0,regret_denominator_zero
D5,9,penalized/ebic,0,0,0,1.001031762820273,1.001031762820273,0.0,1.0,1.0,1.0,D5:penalized/ebic,True,False,0.00031525001395493746,regret_denominator_zero
D5,9,penalized/ric,0,0,0,1.001031762820273,1.001031762820273,0.0,1.0,1.0,1.0,D5:penalized/ric,True,False,0.00024399999529123306,regret_denominator_zero
D5,9,chi2_stop,0,0,0,1.001031762820273,1.001031762820273,0.0,1.0,1.0,1.0,D5:chi2_stop,True,False,0.00047845905646681786,regret_denominator_zero
D5,9,forward_stop,0,0,0,1.001031762820273,1.001031762820273,0.0,1.0,1.0,1.0,D5:forward_stop,True,False,0.0004867500392720103,regret_denominator_zero
D5,9,perm_gap,0,0,0,1.001031762820273,1.001031762820273,0.0,1.0,1.0,1.0,D5:perm_gap,True,False,0.08398533298168331,regret_denominator_zero
D5,9,knockoff_path,0,0,0,1.001031762820273,1.001031762820273,0.0,1.0,1.0,1.0,D5:knockoff_path,True,False,0.06922350008971989,regret_denominator_zero
D5,9,xfit_objective,1,0,0,1.0026838768016482,1.001031762820273,nan,0.0,1.0,0.0,D5:xfit_objective,False,False,0.04825379094108939,regret_denominator_zero
D5,9,gaussian_cv,1,0,0,1.0026838768016482,1.001031762820273,nan,0.0,1.0,0.0,D5:gaussian_cv,False,False,0.046529041952453554,regret_denominator_zero
D5,9,k_posterior,0,0,0,1.001031762820273,1.001031762820273,0.0,1.0,1.0,1.0,D5:k_posterior,True,False,0.00041070894803851843,regret_denominator_zero
D5,9,stability,1,0,0,1.0026838768016482,1.001031762820273,nan,0.0,1.0,0.0,D5:stability,False,False,0.13122295890934765,regret_denominator_zero
D5,9,changepoint,77,0,0,1.022835697963428,1.001031762820273,nan,0.0,1.0,0.0,D5:changepoint,False,False,0.000743541051633656,exact_off_grid_k;regret_denominator_zero
D5,9,consensus,0,0,0,1.001031762820273,1.001031762820273,0.0,1.0,1.0,1.0,D5:consensus,True,False,0.05998733302112669,regret_denominator_zero
D5,10,elbow,2,0,0,0.9996481693002183,0.9962601176076818,nan,0.0,1.0,0.0,D5:elbow,False,False,0.00011708308011293411,regret_denominator_zero
D5,10,penalized/bic,1,0,0,0.9982573293340904,0.9962601176076818,nan,0.0,1.0,0.0,D5:penalized/bic,False,False,0.0003566249506548047,regret_denominator_zero
D5,10,evaluate/time_holdout/best,40,0,0,1.0110053360108078,0.9962601176076818,nan,0.0,1.0,0.0,D5:evaluate/time_holdout/best,False,False,0.016168666072189808,synthetic_time_holdout;regret_denominator_zero
D5,10,evaluate/one_se,1,0,0,0.9982573293340904,0.9962601176076818,nan,0.0,1.0,0.0,D5:evaluate/one_se,False,False,0.07575329102110118,synthetic_group_cv;regret_denominator_zero
D5,10,fixed_k=50,50,0,0,1.0121825505748068,0.9962601176076818,nan,0.0,1.0,0.0,D5:fixed_k=50,False,False,1.7919810488820076e-06,regret_denominator_zero
D5,10,oracle,0,0,0,0.9962601176076818,0.9962601176076818,0.0,1.0,1.0,1.0,D5:oracle,True,False,0.0,regret_denominator_zero
D5,10,penalized/ebic,0,0,0,0.9962601176076818,0.9962601176076818,0.0,1.0,1.0,1.0,D5:penalized/ebic,True,False,0.0003540839534252882,regret_denominator_zero
D5,10,penalized/ric,0,0,0,0.9962601176076818,0.9962601176076818,0.0,1.0,1.0,1.0,D5:penalized/ric,True,False,0.0002773749874904752,regret_denominator_zero
D5,10,chi2_stop,0,0,0,0.9962601176076818,0.9962601176076818,0.0,1.0,1.0,1.0,D5:chi2_stop,True,False,0.0005333749577403069,regret_denominator_zero
D5,10,forward_stop,0,0,0,0.9962601176076818,0.9962601176076818,0.0,1.0,1.0,1.0,D5:forward_stop,True,False,0.0005205839406698942,regret_denominator_zero
D5,10,perm_gap,0,0,0,0.9962601176076818,0.9962601176076818,0.0,1.0,1.0,1.0,D5:perm_gap,True,False,0.08296099992003292,regret_denominator_zero
D5,10,knockoff_path,0,0,0,0.9962601176076818,0.9962601176076818,0.0,1.0,1.0,1.0,D5:knockoff_path,True,False,0.06957187503576279,regret_denominator_zero
D5,10,xfit_objective,1,0,0,0.9982573293340904,0.9962601176076818,nan,0.0,1.0,0.0,D5:xfit_objective,False,False,0.05120824999175966,regret_denominator_zero
D5,10,gaussian_cv,1,0,0,0.9982573293340904,0.9962601176076818,nan,0.0,1.0,0.0,D5:gaussian_cv,False,False,0.04945845901966095,regret_denominator_zero
D5,10,k_posterior,0,0,0,0.9962601176076818,0.9962601176076818,0.0,1.0,1.0,1.0,D5:k_posterior,True,False,0.00041404191870242357,regret_denominator_zero
D5,10,stability,1,0,0,0.9982573293340904,0.9962601176076818,nan,0.0,1.0,0.0,D5:stability,False,False,0.14020995795726776,regret_denominator_zero
D5,10,changepoint,74,0,0,1.0161411880185784,0.9962601176076818,nan,0.0,1.0,0.0,D5:changepoint,False,False,0.0007740829605609179,exact_off_grid_k;regret_denominator_zero
D5,10,consensus,0,0,0,0.9962601176076818,0.9962601176076818,0.0,1.0,1.0,1.0,D5:consensus,True,False,0.05324158410076052,regret_denominator_zero
D5,11,elbow,2,0,0,0.9963385469461644,0.9921527229467274,nan,0.0,1.0,0.0,D5:elbow,False,False,0.00011687492951750755,regret_denominator_zero
D5,11,penalized/bic,2,0,0,0.9963385469461644,0.9921527229467274,nan,0.0,1.0,0.0,D5:penalized/bic,False,False,0.0003594999434426427,regret_denominator_zero
D5,11,evaluate/time_holdout/best,21,0,0,1.012641961247434,0.9921527229467274,nan,0.0,1.0,0.0,D5:evaluate/time_holdout/best,False,False,0.016411500051617622,synthetic_time_holdout;regret_denominator_zero
D5,11,evaluate/one_se,11,0,0,1.0061335189399685,0.9921527229467274,nan,0.0,1.0,0.0,D5:evaluate/one_se,False,False,0.07666962500661612,synthetic_group_cv;regret_denominator_zero
D5,11,fixed_k=50,50,0,0,1.0090107794580812,0.9921527229467274,nan,0.0,1.0,0.0,D5:fixed_k=50,False,False,1.959037035703659e-06,regret_denominator_zero
D5,11,oracle,0,0,0,0.9921527229467274,0.9921527229467274,0.0,1.0,1.0,1.0,D5:oracle,True,False,0.0,regret_denominator_zero
D5,11,penalized/ebic,0,0,0,0.9921527229467274,0.9921527229467274,0.0,1.0,1.0,1.0,D5:penalized/ebic,True,False,0.00033245899248868227,regret_denominator_zero
D5,11,penalized/ric,0,0,0,0.9921527229467274,0.9921527229467274,0.0,1.0,1.0,1.0,D5:penalized/ric,True,False,0.00025862501934170723,regret_denominator_zero
D5,11,chi2_stop,0,0,0,0.9921527229467274,0.9921527229467274,0.0,1.0,1.0,1.0,D5:chi2_stop,True,False,0.0005141659639775753,regret_denominator_zero
D5,11,forward_stop,0,0,0,0.9921527229467274,0.9921527229467274,0.0,1.0,1.0,1.0,D5:forward_stop,True,False,0.0005563750164583325,regret_denominator_zero
D5,11,perm_gap,0,0,0,0.9921527229467274,0.9921527229467274,0.0,1.0,1.0,1.0,D5:perm_gap,True,False,0.07650129101239145,regret_denominator_zero
D5,11,knockoff_path,0,0,0,0.9921527229467274,0.9921527229467274,0.0,1.0,1.0,1.0,D5:knockoff_path,True,False,0.06327258399687707,regret_denominator_zero
D5,11,xfit_objective,1,0,0,0.9942261036869233,0.9921527229467274,nan,0.0,1.0,0.0,D5:xfit_objective,False,False,0.05302733392454684,regret_denominator_zero
D5,11,gaussian_cv,1,0,0,0.9942261036869233,0.9921527229467274,nan,0.0,1.0,0.0,D5:gaussian_cv,False,False,0.04663100000470877,regret_denominator_zero
D5,11,k_posterior,0,0,0,0.9921527229467274,0.9921527229467274,0.0,1.0,1.0,1.0,D5:k_posterior,True,False,0.0003974999999627471,regret_denominator_zero
D5,11,stability,1,0,0,0.9942261036869233,0.9921527229467274,nan,0.0,1.0,0.0,D5:stability,False,False,0.1332164170453325,regret_denominator_zero
D5,11,changepoint,65,0,0,1.0114672084296248,0.9921527229467274,nan,0.0,1.0,0.0,D5:changepoint,False,False,0.0007735409308224916,regret_denominator_zero
D5,11,consensus,0,0,0,0.9921527229467274,0.9921527229467274,0.0,1.0,1.0,1.0,D5:consensus,True,False,0.04845479200594127,regret_denominator_zero
D5,12,elbow,2,0,0,1.0077087430494382,1.003736477258154,nan,0.0,1.0,0.0,D5:elbow,False,False,0.00010966695845127106,regret_denominator_zero
D5,12,penalized/bic,2,0,0,1.0077087430494382,1.003736477258154,nan,0.0,1.0,0.0,D5:penalized/bic,False,False,0.0003834579838439822,regret_denominator_zero
D5,12,evaluate/time_holdout/best,50,0,0,1.0233853209272519,1.003736477258154,nan,0.0,1.0,0.0,D5:evaluate/time_holdout/best,False,False,0.014095332939177752,synthetic_time_holdout;regret_denominator_zero
D5,12,evaluate/one_se,1,0,0,1.006012676656378,1.003736477258154,nan,0.0,1.0,0.0,D5:evaluate/one_se,False,False,0.07152987504377961,synthetic_group_cv;regret_denominator_zero
D5,12,fixed_k=50,50,0,0,1.0233853209272519,1.003736477258154,nan,0.0,1.0,0.0,D5:fixed_k=50,False,False,1.8749851733446121e-06,regret_denominator_zero
D5,12,oracle,0,0,0,1.003736477258154,1.003736477258154,0.0,1.0,1.0,1.0,D5:oracle,True,False,0.0,regret_denominator_zero
D5,12,penalized/ebic,0,0,0,1.003736477258154,1.003736477258154,0.0,1.0,1.0,1.0,D5:penalized/ebic,True,False,0.00034320796839892864,regret_denominator_zero
D5,12,penalized/ric,0,0,0,1.003736477258154,1.003736477258154,0.0,1.0,1.0,1.0,D5:penalized/ric,True,False,0.00026166706811636686,regret_denominator_zero
D5,12,chi2_stop,0,0,0,1.003736477258154,1.003736477258154,0.0,1.0,1.0,1.0,D5:chi2_stop,True,False,0.0005076250527054071,regret_denominator_zero
D5,12,forward_stop,0,0,0,1.003736477258154,1.003736477258154,0.0,1.0,1.0,1.0,D5:forward_stop,True,False,0.0005037910304963589,regret_denominator_zero
D5,12,perm_gap,0,0,0,1.003736477258154,1.003736477258154,0.0,1.0,1.0,1.0,D5:perm_gap,True,False,0.08694241603370756,regret_denominator_zero
D5,12,knockoff_path,12,0,0,1.0194017879121409,1.003736477258154,nan,0.0,1.0,0.0,D5:knockoff_path,False,False,0.06463108398020267,regret_denominator_zero
D5,12,xfit_objective,39,0,0,1.021287284955505,1.003736477258154,nan,0.0,1.0,0.0,D5:xfit_objective,False,False,0.04575199994724244,exact_off_grid_k;regret_denominator_zero
D5,12,gaussian_cv,1,0,0,1.006012676656378,1.003736477258154,nan,0.0,1.0,0.0,D5:gaussian_cv,False,False,0.04641279100906104,regret_denominator_zero
D5,12,k_posterior,0,0,0,1.003736477258154,1.003736477258154,0.0,1.0,1.0,1.0,D5:k_posterior,True,False,0.0004063340602442622,regret_denominator_zero
D5,12,stability,1,0,0,1.006012676656378,1.003736477258154,nan,0.0,1.0,0.0,D5:stability,False,False,0.14048891596030444,regret_denominator_zero
D5,12,changepoint,76,0,0,1.0260614808169726,1.003736477258154,nan,0.0,1.0,0.0,D5:changepoint,False,False,0.0008093749638646841,exact_off_grid_k;regret_denominator_zero
D5,12,consensus,0,0,0,1.003736477258154,1.003736477258154,0.0,1.0,1.0,1.0,D5:consensus,True,False,0.0566205830546096,regret_denominator_zero
D5,13,elbow,2,0,0,0.9961103282061375,0.9929840411564868,nan,0.0,1.0,0.0,D5:elbow,False,False,0.00012133398558944464,regret_denominator_zero
D5,13,penalized/bic,1,0,0,0.9946263711552344,0.9929840411564868,nan,0.0,1.0,0.0,D5:penalized/bic,False,False,0.00036283291410654783,regret_denominator_zero
D5,13,evaluate/time_holdout/best,26,0,0,1.0185720900258688,0.9929840411564868,nan,0.0,1.0,0.0,D5:evaluate/time_holdout/best,False,False,0.015922749997116625,synthetic_time_holdout;regret_denominator_zero
D5,13,evaluate/one_se,6,0,0,1.0020602112173322,0.9929840411564868,nan,0.0,1.0,0.0,D5:evaluate/one_se,False,False,0.06816145800985396,synthetic_group_cv;regret_denominator_zero
D5,13,fixed_k=50,50,0,0,1.010454502114247,0.9929840411564868,nan,0.0,1.0,0.0,D5:fixed_k=50,False,False,1.9170111045241356e-06,regret_denominator_zero
D5,13,oracle,0,0,0,0.9929840411564868,0.9929840411564868,0.0,1.0,1.0,1.0,D5:oracle,True,False,0.0,regret_denominator_zero
D5,13,penalized/ebic,0,0,0,0.9929840411564868,0.9929840411564868,0.0,1.0,1.0,1.0,D5:penalized/ebic,True,False,0.0003208339912816882,regret_denominator_zero
D5,13,penalized/ric,0,0,0,0.9929840411564868,0.9929840411564868,0.0,1.0,1.0,1.0,D5:penalized/ric,True,False,0.00025295803789049387,regret_denominator_zero
D5,13,chi2_stop,0,0,0,0.9929840411564868,0.9929840411564868,0.0,1.0,1.0,1.0,D5:chi2_stop,True,False,0.0005003330297768116,regret_denominator_zero
D5,13,forward_stop,0,0,0,0.9929840411564868,0.9929840411564868,0.0,1.0,1.0,1.0,D5:forward_stop,True,False,0.0005743749206885695,regret_denominator_zero
D5,13,perm_gap,0,0,0,0.9929840411564868,0.9929840411564868,0.0,1.0,1.0,1.0,D5:perm_gap,True,False,0.08060724998358637,regret_denominator_zero
D5,13,knockoff_path,0,0,0,0.9929840411564868,0.9929840411564868,0.0,1.0,1.0,1.0,D5:knockoff_path,True,False,0.07097433297894895,regret_denominator_zero
D5,13,xfit_objective,69,0,0,1.0122836762615948,0.9929840411564868,nan,0.0,1.0,0.0,D5:xfit_objective,False,False,0.05788704194128513,exact_off_grid_k;regret_denominator_zero
D5,13,gaussian_cv,1,0,0,0.9946263711552344,0.9929840411564868,nan,0.0,1.0,0.0,D5:gaussian_cv,False,False,0.048640290973708034,regret_denominator_zero
D5,13,k_posterior,0,0,0,0.9929840411564868,0.9929840411564868,0.0,1.0,1.0,1.0,D5:k_posterior,True,False,0.0003992919810116291,regret_denominator_zero
D5,13,stability,1,0,0,0.9946263711552344,0.9929840411564868,nan,0.0,1.0,0.0,D5:stability,False,False,0.138636292074807,regret_denominator_zero
D5,13,changepoint,80,0,0,1.012762017464828,0.9929840411564868,nan,0.0,1.0,0.0,D5:changepoint,False,False,0.0007635829970240593,regret_denominator_zero
D5,13,consensus,0,0,0,0.9929840411564868,0.9929840411564868,0.0,1.0,1.0,1.0,D5:consensus,True,False,0.05553941603284329,regret_denominator_zero
D5,14,elbow,2,0,0,0.9941546683668961,0.9920055523689327,nan,0.0,1.0,0.0,D5:elbow,False,False,0.00012204202357679605,regret_denominator_zero
D5,14,penalized/bic,1,0,0,0.9930474465322808,0.9920055523689327,nan,0.0,1.0,0.0,D5:penalized/bic,False,False,0.0003626249963417649,regret_denominator_zero
D5,14,evaluate/time_holdout/best,21,0,0,1.001150848544303,0.9920055523689327,nan,0.0,1.0,0.0,D5:evaluate/time_holdout/best,False,False,0.01748016697820276,synthetic_time_holdout;regret_denominator_zero
D5,14,evaluate/one_se,6,0,0,0.9981288035883109,0.9920055523689327,nan,0.0,1.0,0.0,D5:evaluate/one_se,False,False,0.08165662502869964,synthetic_group_cv;regret_denominator_zero
D5,14,fixed_k=50,50,0,0,1.0060732225486706,0.9920055523689327,nan,0.0,1.0,0.0,D5:fixed_k=50,False,False,2.040993422269821e-06,regret_denominator_zero
D5,14,oracle,0,0,0,0.9920055523689327,0.9920055523689327,0.0,1.0,1.0,1.0,D5:oracle,True,False,0.0,regret_denominator_zero
D5,14,penalized/ebic,0,0,0,0.9920055523689327,0.9920055523689327,0.0,1.0,1.0,1.0,D5:penalized/ebic,True,False,0.00031599996145814657,regret_denominator_zero
D5,14,penalized/ric,0,0,0,0.9920055523689327,0.9920055523689327,0.0,1.0,1.0,1.0,D5:penalized/ric,True,False,0.0003379170084372163,regret_denominator_zero
D5,14,chi2_stop,0,0,0,0.9920055523689327,0.9920055523689327,0.0,1.0,1.0,1.0,D5:chi2_stop,True,False,0.0005746659589931369,regret_denominator_zero
D5,14,forward_stop,0,0,0,0.9920055523689327,0.9920055523689327,0.0,1.0,1.0,1.0,D5:forward_stop,True,False,0.0005172080127522349,regret_denominator_zero
D5,14,perm_gap,0,0,0,0.9920055523689327,0.9920055523689327,0.0,1.0,1.0,1.0,D5:perm_gap,True,False,0.09598329104483128,regret_denominator_zero
D5,14,knockoff_path,0,0,0,0.9920055523689327,0.9920055523689327,0.0,1.0,1.0,1.0,D5:knockoff_path,True,False,0.07254966592881829,regret_denominator_zero
D5,14,xfit_objective,1,0,0,0.9930474465322808,0.9920055523689327,nan,0.0,1.0,0.0,D5:xfit_objective,False,False,0.055244625080376863,regret_denominator_zero
D5,14,gaussian_cv,1,0,0,0.9930474465322808,0.9920055523689327,nan,0.0,1.0,0.0,D5:gaussian_cv,False,False,0.058200416970066726,regret_denominator_zero
D5,14,k_posterior,0,0,0,0.9920055523689327,0.9920055523689327,0.0,1.0,1.0,1.0,D5:k_posterior,True,False,0.00043687503784894943,regret_denominator_zero
D5,14,stability,1,0,0,0.9930474465322808,0.9920055523689327,nan,0.0,1.0,0.0,D5:stability,False,False,0.1364632920594886,regret_denominator_zero
D5,14,changepoint,57,0,0,1.0069052008126411,0.9920055523689327,nan,0.0,1.0,0.0,D5:changepoint,False,False,0.0007960420334711671,exact_off_grid_k;regret_denominator_zero
D5,14,consensus,0,0,0,0.9920055523689327,0.9920055523689327,0.0,1.0,1.0,1.0,D5:consensus,True,False,0.05025079194456339,regret_denominator_zero
D5,15,elbow,2,0,0,0.9991084826240861,0.9964949610819809,nan,0.0,1.0,0.0,D5:elbow,False,False,0.00010462501086294651,regret_denominator_zero
D5,15,penalized/bic,1,0,0,0.9979554116845966,0.9964949610819809,nan,0.0,1.0,0.0,D5:penalized/bic,False,False,0.0003418329870328307,regret_denominator_zero
D5,15,evaluate/time_holdout/best,11,0,0,1.0070762521683403,0.9964949610819809,nan,0.0,1.0,0.0,D5:evaluate/time_holdout/best,False,False,0.018763290951028466,synthetic_time_holdout;regret_denominator_zero
D5,15,evaluate/one_se,1,0,0,0.9979554116845966,0.9964949610819809,nan,0.0,1.0,0.0,D5:evaluate/one_se,False,False,0.07387362502049655,synthetic_group_cv;regret_denominator_zero
D5,15,fixed_k=50,50,0,0,1.012769792258816,0.9964949610819809,nan,0.0,1.0,0.0,D5:fixed_k=50,False,False,2.040993422269821e-06,regret_denominator_zero
D5,15,oracle,0,0,0,0.9964949610819809,0.9964949610819809,0.0,1.0,1.0,1.0,D5:oracle,True,False,0.0,regret_denominator_zero
D5,15,penalized/ebic,0,0,0,0.9964949610819809,0.9964949610819809,0.0,1.0,1.0,1.0,D5:penalized/ebic,True,False,0.0003514159470796585,regret_denominator_zero
D5,15,penalized/ric,0,0,0,0.9964949610819809,0.9964949610819809,0.0,1.0,1.0,1.0,D5:penalized/ric,True,False,0.0002948329783976078,regret_denominator_zero
D5,15,chi2_stop,0,0,0,0.9964949610819809,0.9964949610819809,0.0,1.0,1.0,1.0,D5:chi2_stop,True,False,0.0005360419163480401,regret_denominator_zero
D5,15,forward_stop,0,0,0,0.9964949610819809,0.9964949610819809,0.0,1.0,1.0,1.0,D5:forward_stop,True,False,0.0006734589114785194,regret_denominator_zero
D5,15,perm_gap,0,0,0,0.9964949610819809,0.9964949610819809,0.0,1.0,1.0,1.0,D5:perm_gap,True,False,0.07959537499118596,regret_denominator_zero
D5,15,knockoff_path,0,0,0,0.9964949610819809,0.9964949610819809,0.0,1.0,1.0,1.0,D5:knockoff_path,True,False,0.06882416701409966,regret_denominator_zero
D5,15,xfit_objective,1,0,0,0.9979554116845966,0.9964949610819809,nan,0.0,1.0,0.0,D5:xfit_objective,False,False,0.04621850000694394,regret_denominator_zero
D5,15,gaussian_cv,1,0,0,0.9979554116845966,0.9964949610819809,nan,0.0,1.0,0.0,D5:gaussian_cv,False,False,0.05753629200626165,regret_denominator_zero
D5,15,k_posterior,0,0,0,0.9964949610819809,0.9964949610819809,0.0,1.0,1.0,1.0,D5:k_posterior,True,False,0.00039908301550894976,regret_denominator_zero
D5,15,stability,1,0,0,0.9979554116845966,0.9964949610819809,nan,0.0,1.0,0.0,D5:stability,False,False,0.1406346659641713,regret_denominator_zero
D5,15,changepoint,74,0,0,1.0150803014629246,0.9964949610819809,nan,0.0,1.0,0.0,D5:changepoint,False,False,0.0007766670314595103,exact_off_grid_k;regret_denominator_zero
D5,15,consensus,0,0,0,0.9964949610819809,0.9964949610819809,0.0,1.0,1.0,1.0,D5:consensus,True,False,0.0538108340697363,regret_denominator_zero
D5,16,elbow,2,0,0,0.9964211811858472,0.9931228759874531,nan,0.0,1.0,0.0,D5:elbow,False,False,0.00011504092253744602,regret_denominator_zero
D5,16,penalized/bic,1,0,0,0.9946641265337101,0.9931228759874531,nan,0.0,1.0,0.0,D5:penalized/bic,False,False,0.0003967919619753957,regret_denominator_zero
D5,16,evaluate/time_holdout/best,26,0,0,1.0032290799327743,0.9931228759874531,nan,0.0,1.0,0.0,D5:evaluate/time_holdout/best,False,False,0.017650707974098623,synthetic_time_holdout;regret_denominator_zero
D5,16,evaluate/one_se,11,0,0,1.0054794040877044,0.9931228759874531,nan,0.0,1.0,0.0,D5:evaluate/one_se,False,False,0.07686150004155934,synthetic_group_cv;regret_denominator_zero
D5,16,fixed_k=50,50,0,0,1.0103457358767065,0.9931228759874531,nan,0.0,1.0,0.0,D5:fixed_k=50,False,False,1.7080456018447876e-06,regret_denominator_zero
D5,16,oracle,0,0,0,0.9931228759874531,0.9931228759874531,0.0,1.0,1.0,1.0,D5:oracle,True,False,0.0,regret_denominator_zero
D5,16,penalized/ebic,0,0,0,0.9931228759874531,0.9931228759874531,0.0,1.0,1.0,1.0,D5:penalized/ebic,True,False,0.0003107909578830004,regret_denominator_zero
D5,16,penalized/ric,0,0,0,0.9931228759874531,0.9931228759874531,0.0,1.0,1.0,1.0,D5:penalized/ric,True,False,0.0002468329621478915,regret_denominator_zero
D5,16,chi2_stop,0,0,0,0.9931228759874531,0.9931228759874531,0.0,1.0,1.0,1.0,D5:chi2_stop,True,False,0.0004866250092163682,regret_denominator_zero
D5,16,forward_stop,0,0,0,0.9931228759874531,0.9931228759874531,0.0,1.0,1.0,1.0,D5:forward_stop,True,False,0.0004922080552205443,regret_denominator_zero
D5,16,perm_gap,0,0,0,0.9931228759874531,0.9931228759874531,0.0,1.0,1.0,1.0,D5:perm_gap,True,False,0.08032345899846405,regret_denominator_zero
D5,16,knockoff_path,0,0,0,0.9931228759874531,0.9931228759874531,0.0,1.0,1.0,1.0,D5:knockoff_path,True,False,0.06427474995143712,regret_denominator_zero
D5,16,xfit_objective,1,0,0,0.9946641265337101,0.9931228759874531,nan,0.0,1.0,0.0,D5:xfit_objective,False,False,0.04238570900633931,regret_denominator_zero
D5,16,gaussian_cv,1,0,0,0.9946641265337101,0.9931228759874531,nan,0.0,1.0,0.0,D5:gaussian_cv,False,False,0.055744208046235144,regret_denominator_zero
D5,16,k_posterior,0,0,0,0.9931228759874531,0.9931228759874531,0.0,1.0,1.0,1.0,D5:k_posterior,True,False,0.00041020906064659357,regret_denominator_zero
D5,16,stability,1,0,0,0.9946641265337101,0.9931228759874531,nan,0.0,1.0,0.0,D5:stability,False,False,0.14423808304127306,regret_denominator_zero
D5,16,changepoint,80,0,0,1.0135891555643124,0.9931228759874531,nan,0.0,1.0,0.0,D5:changepoint,False,False,0.0007464169757440686,regret_denominator_zero
D5,16,consensus,0,0,0,0.9931228759874531,0.9931228759874531,0.0,1.0,1.0,1.0,D5:consensus,True,False,0.05124508310109377,regret_denominator_zero
D5,17,elbow,2,0,0,1.0038073044424907,1.0006838484996805,nan,0.0,1.0,0.0,D5:elbow,False,False,0.00011300004553049803,regret_denominator_zero
D5,17,penalized/bic,1,0,0,1.0026302195001626,1.0006838484996805,nan,0.0,1.0,0.0,D5:penalized/bic,False,False,0.00035624997690320015,regret_denominator_zero
D5,17,evaluate/time_holdout/best,60,0,0,1.018125657806356,1.0006838484996805,nan,0.0,1.0,0.0,D5:evaluate/time_holdout/best,False,False,0.014790707966312766,synthetic_time_holdout;regret_denominator_zero
D5,17,evaluate/one_se,6,0,0,1.0063982501147095,1.0006838484996805,nan,0.0,1.0,0.0,D5:evaluate/one_se,False,False,0.07157304196152836,synthetic_group_cv;regret_denominator_zero
D5,17,fixed_k=50,50,0,0,1.0165658385220362,1.0006838484996805,nan,0.0,1.0,0.0,D5:fixed_k=50,False,False,1.9170111045241356e-06,regret_denominator_zero
D5,17,oracle,0,0,0,1.0006838484996805,1.0006838484996805,0.0,1.0,1.0,1.0,D5:oracle,True,False,0.0,regret_denominator_zero
D5,17,penalized/ebic,0,0,0,1.0006838484996805,1.0006838484996805,0.0,1.0,1.0,1.0,D5:penalized/ebic,True,False,0.0003052500542253256,regret_denominator_zero
D5,17,penalized/ric,0,0,0,1.0006838484996805,1.0006838484996805,0.0,1.0,1.0,1.0,D5:penalized/ric,True,False,0.0004051250871270895,regret_denominator_zero
D5,17,chi2_stop,0,0,0,1.0006838484996805,1.0006838484996805,0.0,1.0,1.0,1.0,D5:chi2_stop,True,False,0.0006440830184146762,regret_denominator_zero
D5,17,forward_stop,0,0,0,1.0006838484996805,1.0006838484996805,0.0,1.0,1.0,1.0,D5:forward_stop,True,False,0.0006198330083861947,regret_denominator_zero
D5,17,perm_gap,0,0,0,1.0006838484996805,1.0006838484996805,0.0,1.0,1.0,1.0,D5:perm_gap,True,False,0.0753994999686256,regret_denominator_zero
D5,17,knockoff_path,0,0,0,1.0006838484996805,1.0006838484996805,0.0,1.0,1.0,1.0,D5:knockoff_path,True,False,0.06887066701892763,regret_denominator_zero
D5,17,xfit_objective,1,0,0,1.0026302195001626,1.0006838484996805,nan,0.0,1.0,0.0,D5:xfit_objective,False,False,0.05545720807276666,regret_denominator_zero
D5,17,gaussian_cv,1,0,0,1.0026302195001626,1.0006838484996805,nan,0.0,1.0,0.0,D5:gaussian_cv,False,False,0.050190500100143254,regret_denominator_zero
D5,17,k_posterior,0,0,0,1.0006838484996805,1.0006838484996805,0.0,1.0,1.0,1.0,D5:k_posterior,True,False,0.0004013329744338989,regret_denominator_zero
D5,17,stability,1,0,0,1.0026302195001626,1.0006838484996805,nan,0.0,1.0,0.0,D5:stability,False,False,0.13305562501773238,regret_denominator_zero
D5,17,changepoint,75,0,0,1.019982352107726,1.0006838484996805,nan,0.0,1.0,0.0,D5:changepoint,False,False,0.0008090829942375422,regret_denominator_zero
D5,17,consensus,0,0,0,1.0006838484996805,1.0006838484996805,0.0,1.0,1.0,1.0,D5:consensus,True,False,0.05898508301470429,regret_denominator_zero
D5,18,elbow,2,0,0,1.0000948563604355,0.9967064770235584,nan,0.0,1.0,0.0,D5:elbow,False,False,0.00011575000826269388,regret_denominator_zero
D5,18,penalized/bic,4,0,0,1.0035588614672777,0.9967064770235584,nan,0.0,1.0,0.0,D5:penalized/bic,False,False,0.00034745794255286455,regret_denominator_zero
D5,18,evaluate/time_holdout/best,50,0,0,1.0169110663961454,0.9967064770235584,nan,0.0,1.0,0.0,D5:evaluate/time_holdout/best,False,False,0.01748233404941857,synthetic_time_holdout;regret_denominator_zero
D5,18,evaluate/one_se,6,0,0,1.0064567753337383,0.9967064770235584,nan,0.0,1.0,0.0,D5:evaluate/one_se,False,False,0.07433404203038663,synthetic_group_cv;regret_denominator_zero
D5,18,fixed_k=50,50,0,0,1.0169110663961454,0.9967064770235584,nan,0.0,1.0,0.0,D5:fixed_k=50,False,False,2.125045284628868e-06,regret_denominator_zero
D5,18,oracle,0,0,0,0.9967064770235584,0.9967064770235584,0.0,1.0,1.0,1.0,D5:oracle,True,False,0.0,regret_denominator_zero
D5,18,penalized/ebic,0,0,0,0.9967064770235584,0.9967064770235584,0.0,1.0,1.0,1.0,D5:penalized/ebic,True,False,0.00030916708055883646,regret_denominator_zero
D5,18,penalized/ric,0,0,0,0.9967064770235584,0.9967064770235584,0.0,1.0,1.0,1.0,D5:penalized/ric,True,False,0.0002485410077497363,regret_denominator_zero
D5,18,chi2_stop,0,0,0,0.9967064770235584,0.9967064770235584,0.0,1.0,1.0,1.0,D5:chi2_stop,True,False,0.0004922080552205443,regret_denominator_zero
D5,18,forward_stop,0,0,0,0.9967064770235584,0.9967064770235584,0.0,1.0,1.0,1.0,D5:forward_stop,True,False,0.0004986659623682499,regret_denominator_zero
D5,18,perm_gap,0,0,0,0.9967064770235584,0.9967064770235584,0.0,1.0,1.0,1.0,D5:perm_gap,True,False,0.07889554090797901,regret_denominator_zero
D5,18,knockoff_path,0,0,0,0.9967064770235584,0.9967064770235584,0.0,1.0,1.0,1.0,D5:knockoff_path,True,False,0.0726397919934243,regret_denominator_zero
D5,18,xfit_objective,22,0,0,1.0212115051046264,0.9967064770235584,nan,0.0,1.0,0.0,D5:xfit_objective,False,False,0.05794087506365031,regret_denominator_zero
D5,18,gaussian_cv,1,0,0,0.9985320762105512,0.9967064770235584,nan,0.0,1.0,0.0,D5:gaussian_cv,False,False,0.047102791955694556,regret_denominator_zero
D5,18,k_posterior,0,0,0,0.9967064770235584,0.9967064770235584,0.0,1.0,1.0,1.0,D5:k_posterior,True,False,0.00039245898369699717,regret_denominator_zero
D5,18,stability,1,0,0,0.9985320762105512,0.9967064770235584,nan,0.0,1.0,0.0,D5:stability,False,False,0.1355503749800846,regret_denominator_zero
D5,18,changepoint,75,0,0,1.0206817549410008,0.9967064770235584,nan,0.0,1.0,0.0,D5:changepoint,False,False,0.000799124944023788,regret_denominator_zero
D5,18,consensus,0,0,0,0.9967064770235584,0.9967064770235584,0.0,1.0,1.0,1.0,D5:consensus,True,False,0.0484582498902455,regret_denominator_zero
D5,19,elbow,2,0,0,0.9951743663614946,0.9922490059078681,nan,0.0,1.0,0.0,D5:elbow,False,False,0.00010966591071337461,regret_denominator_zero
D5,19,penalized/bic,1,0,0,0.9939214096858585,0.9922490059078681,nan,0.0,1.0,0.0,D5:penalized/bic,False,False,0.0003507910296320915,regret_denominator_zero
D5,19,evaluate/time_holdout/best,60,0,0,1.0072668783642313,0.9922490059078681,nan,0.0,1.0,0.0,D5:evaluate/time_holdout/best,False,False,0.017453958047553897,synthetic_time_holdout;regret_denominator_zero
D5,19,evaluate/one_se,1,0,0,0.9939214096858585,0.9922490059078681,nan,0.0,1.0,0.0,D5:evaluate/one_se,False,False,0.067211874993518,synthetic_group_cv;regret_denominator_zero
D5,19,fixed_k=50,50,0,0,1.0062844860364804,0.9922490059078681,nan,0.0,1.0,0.0,D5:fixed_k=50,False,False,2.0830193534493446e-06,regret_denominator_zero
D5,19,oracle,0,0,0,0.9922490059078681,0.9922490059078681,0.0,1.0,1.0,1.0,D5:oracle,True,False,0.0,regret_denominator_zero
D5,19,penalized/ebic,0,0,0,0.9922490059078681,0.9922490059078681,0.0,1.0,1.0,1.0,D5:penalized/ebic,True,False,0.0003261669771745801,regret_denominator_zero
D5,19,penalized/ric,0,0,0,0.9922490059078681,0.9922490059078681,0.0,1.0,1.0,1.0,D5:penalized/ric,True,False,0.00028683291748166084,regret_denominator_zero
D5,19,chi2_stop,0,0,0,0.9922490059078681,0.9922490059078681,0.0,1.0,1.0,1.0,D5:chi2_stop,True,False,0.0004931250587105751,regret_denominator_zero
D5,19,forward_stop,0,0,0,0.9922490059078681,0.9922490059078681,0.0,1.0,1.0,1.0,D5:forward_stop,True,False,0.0004937500925734639,regret_denominator_zero
D5,19,perm_gap,0,0,0,0.9922490059078681,0.9922490059078681,0.0,1.0,1.0,1.0,D5:perm_gap,True,False,0.08004749997053295,regret_denominator_zero
D5,19,knockoff_path,0,0,0,0.9922490059078681,0.9922490059078681,0.0,1.0,1.0,1.0,D5:knockoff_path,True,False,0.06868004193529487,regret_denominator_zero
D5,19,xfit_objective,1,0,0,0.9939214096858585,0.9922490059078681,nan,0.0,1.0,0.0,D5:xfit_objective,False,False,0.05257087491918355,regret_denominator_zero
D5,19,gaussian_cv,1,0,0,0.9939214096858585,0.9922490059078681,nan,0.0,1.0,0.0,D5:gaussian_cv,False,False,0.06285262503661215,regret_denominator_zero
D5,19,k_posterior,0,0,0,0.9922490059078681,0.9922490059078681,0.0,1.0,1.0,1.0,D5:k_posterior,True,False,0.0004440000047907233,regret_denominator_zero
D5,19,stability,1,0,0,0.9939214096858585,0.9922490059078681,nan,0.0,1.0,0.0,D5:stability,False,False,0.1347932079806924,regret_denominator_zero
D5,19,changepoint,78,0,0,1.0083989583049333,0.9922490059078681,nan,0.0,1.0,0.0,D5:changepoint,False,False,0.0008495840011164546,exact_off_grid_k;regret_denominator_zero
D5,19,consensus,0,0,0,0.9922490059078681,0.9922490059078681,0.0,1.0,1.0,1.0,D5:consensus,True,False,0.05217212496791035,regret_denominator_zero
D5,20,elbow,2,0,0,1.0014285475744364,0.9994343321922402,nan,0.0,1.0,0.0,D5:elbow,False,False,0.00010675005614757538,regret_denominator_zero
D5,20,penalized/bic,1,0,0,1.000208473581102,0.9994343321922402,nan,0.0,1.0,0.0,D5:penalized/bic,False,False,0.00035829097032546997,regret_denominator_zero
D5,20,evaluate/time_holdout/best,100,0,0,1.0196740740537744,0.9994343321922402,nan,0.0,1.0,0.0,D5:evaluate/time_holdout/best,False,True,0.014574207947589457,synthetic_time_holdout;regret_denominator_zero
D5,20,evaluate/one_se,1,0,0,1.000208473581102,0.9994343321922402,nan,0.0,1.0,0.0,D5:evaluate/one_se,False,False,0.07534133398439735,synthetic_group_cv;regret_denominator_zero
D5,20,fixed_k=50,50,0,0,1.0141240299046772,0.9994343321922402,nan,0.0,1.0,0.0,D5:fixed_k=50,False,False,1.834006980061531e-06,regret_denominator_zero
D5,20,oracle,0,0,0,0.9994343321922402,0.9994343321922402,0.0,1.0,1.0,1.0,D5:oracle,True,False,0.0,regret_denominator_zero
D5,20,penalized/ebic,0,0,0,0.9994343321922402,0.9994343321922402,0.0,1.0,1.0,1.0,D5:penalized/ebic,True,False,0.0003155000740662217,regret_denominator_zero
D5,20,penalized/ric,0,0,0,0.9994343321922402,0.9994343321922402,0.0,1.0,1.0,1.0,D5:penalized/ric,True,False,0.00025100004859268665,regret_denominator_zero
D5,20,chi2_stop,0,0,0,0.9994343321922402,0.9994343321922402,0.0,1.0,1.0,1.0,D5:chi2_stop,True,False,0.0004986660787835717,regret_denominator_zero
D5,20,forward_stop,0,0,0,0.9994343321922402,0.9994343321922402,0.0,1.0,1.0,1.0,D5:forward_stop,True,False,0.0004946249537169933,regret_denominator_zero
D5,20,perm_gap,0,0,0,0.9994343321922402,0.9994343321922402,0.0,1.0,1.0,1.0,D5:perm_gap,True,False,0.07668512500822544,regret_denominator_zero
D5,20,knockoff_path,0,0,0,0.9994343321922402,0.9994343321922402,0.0,1.0,1.0,1.0,D5:knockoff_path,True,False,0.06728533399291337,regret_denominator_zero
D5,20,xfit_objective,1,0,0,1.000208473581102,0.9994343321922402,nan,0.0,1.0,0.0,D5:xfit_objective,False,False,0.05331637500785291,regret_denominator_zero
D5,20,gaussian_cv,1,0,0,1.000208473581102,0.9994343321922402,nan,0.0,1.0,0.0,D5:gaussian_cv,False,False,0.060765250003896654,regret_denominator_zero
D5,20,k_posterior,0,0,0,0.9994343321922402,0.9994343321922402,0.0,1.0,1.0,1.0,D5:k_posterior,True,False,0.00040854106191545725,regret_denominator_zero
D5,20,stability,1,0,0,1.000208473581102,0.9994343321922402,nan,0.0,1.0,0.0,D5:stability,False,False,0.1335303750820458,regret_denominator_zero
D5,20,changepoint,76,0,0,1.0178880209466799,0.9994343321922402,nan,0.0,1.0,0.0,D5:changepoint,False,False,0.0007695420645177364,exact_off_grid_k;regret_denominator_zero
D5,20,consensus,0,0,0,0.9994343321922402,0.9994343321922402,0.0,1.0,1.0,1.0,D5:consensus,True,False,0.06107504200190306,regret_denominator_zero
D5,21,elbow,2,0,0,1.0040005240829468,1.0001720394802693,nan,0.0,1.0,0.0,D5:elbow,False,False,0.00013699999544769526,regret_denominator_zero
D5,21,penalized/bic,1,0,0,1.00308643281408,1.0001720394802693,nan,0.0,1.0,0.0,D5:penalized/bic,False,False,0.0003710829187184572,regret_denominator_zero
D5,21,evaluate/time_holdout/best,60,0,0,1.0179637798496814,1.0001720394802693,nan,0.0,1.0,0.0,D5:evaluate/time_holdout/best,False,False,0.01677966699935496,synthetic_time_holdout;regret_denominator_zero
D5,21,evaluate/one_se,1,0,0,1.00308643281408,1.0001720394802693,nan,0.0,1.0,0.0,D5:evaluate/one_se,False,False,0.07777350000105798,synthetic_group_cv;regret_denominator_zero
D5,21,fixed_k=50,50,0,0,1.0163368150432228,1.0001720394802693,nan,0.0,1.0,0.0,D5:fixed_k=50,False,False,1.750071533024311e-06,regret_denominator_zero
D5,21,oracle,0,0,0,1.0001720394802693,1.0001720394802693,0.0,1.0,1.0,1.0,D5:oracle,True,False,0.0,regret_denominator_zero
D5,21,penalized/ebic,1,0,0,1.00308643281408,1.0001720394802693,nan,0.0,1.0,0.0,D5:penalized/ebic,False,False,0.00031816703267395496,regret_denominator_zero
D5,21,penalized/ric,1,0,0,1.00308643281408,1.0001720394802693,nan,0.0,1.0,0.0,D5:penalized/ric,False,False,0.00025145907420665026,regret_denominator_zero
D5,21,chi2_stop,1,0,0,1.00308643281408,1.0001720394802693,nan,0.0,1.0,0.0,D5:chi2_stop,False,False,0.0004924170207232237,regret_denominator_zero
D5,21,forward_stop,1,0,0,1.00308643281408,1.0001720394802693,nan,0.0,1.0,0.0,D5:forward_stop,False,False,0.0005088750040158629,regret_denominator_zero
D5,21,perm_gap,1,0,0,1.00308643281408,1.0001720394802693,nan,0.0,1.0,0.0,D5:perm_gap,False,False,0.07458341703750193,regret_denominator_zero
D5,21,knockoff_path,0,0,0,1.0001720394802693,1.0001720394802693,0.0,1.0,1.0,1.0,D5:knockoff_path,True,False,0.06693058297969401,regret_denominator_zero
D5,21,xfit_objective,42,0,0,1.0154858116385304,1.0001720394802693,nan,0.0,1.0,0.0,D5:xfit_objective,False,False,0.04314904194325209,exact_off_grid_k;regret_denominator_zero
D5,21,gaussian_cv,1,0,0,1.00308643281408,1.0001720394802693,nan,0.0,1.0,0.0,D5:gaussian_cv,False,False,0.05215566698461771,regret_denominator_zero
D5,21,k_posterior,1,0,0,1.00308643281408,1.0001720394802693,nan,0.0,1.0,0.0,D5:k_posterior,False,False,0.000427916063927114,regret_denominator_zero
D5,21,stability,1,0,0,1.00308643281408,1.0001720394802693,nan,0.0,1.0,0.0,D5:stability,False,False,0.1326424579601735,regret_denominator_zero
D5,21,changepoint,80,0,0,1.0198849415811149,1.0001720394802693,nan,0.0,1.0,0.0,D5:changepoint,False,False,0.0007766670314595103,regret_denominator_zero
D5,21,consensus,1,0,0,1.00308643281408,1.0001720394802693,nan,0.0,1.0,0.0,D5:consensus,False,False,0.057582707959227264,regret_denominator_zero
D5,22,elbow,2,0,0,1.010168253190608,1.0073983004250326,nan,0.0,1.0,0.0,D5:elbow,False,False,0.0001229170011356473,regret_denominator_zero
D5,22,penalized/bic,2,0,0,1.010168253190608,1.0073983004250326,nan,0.0,1.0,0.0,D5:penalized/bic,False,False,0.0003748750314116478,regret_denominator_zero
D5,22,evaluate/time_holdout/best,75,0,0,1.0275812180927761,1.0073983004250326,nan,0.0,1.0,0.0,D5:evaluate/time_holdout/best,False,False,0.015157042071223259,synthetic_time_holdout;regret_denominator_zero
D5,22,evaluate/one_se,1,0,0,1.0088475173296874,1.0073983004250326,nan,0.0,1.0,0.0,D5:evaluate/one_se,False,False,0.07277391699608415,synthetic_group_cv;regret_denominator_zero
D5,22,fixed_k=50,50,0,0,1.023961128517644,1.0073983004250326,nan,0.0,1.0,0.0,D5:fixed_k=50,False,False,1.7919810488820076e-06,regret_denominator_zero
D5,22,oracle,0,0,0,1.0073983004250326,1.0073983004250326,0.0,1.0,1.0,1.0,D5:oracle,True,False,0.0,regret_denominator_zero
D5,22,penalized/ebic,0,0,0,1.0073983004250326,1.0073983004250326,0.0,1.0,1.0,1.0,D5:penalized/ebic,True,False,0.00033125001937150955,regret_denominator_zero
D5,22,penalized/ric,0,0,0,1.0073983004250326,1.0073983004250326,0.0,1.0,1.0,1.0,D5:penalized/ric,True,False,0.0002615000121295452,regret_denominator_zero
D5,22,chi2_stop,0,0,0,1.0073983004250326,1.0073983004250326,0.0,1.0,1.0,1.0,D5:chi2_stop,True,False,0.0004920000210404396,regret_denominator_zero
D5,22,forward_stop,0,0,0,1.0073983004250326,1.0073983004250326,0.0,1.0,1.0,1.0,D5:forward_stop,True,False,0.0005156249972060323,regret_denominator_zero
D5,22,perm_gap,0,0,0,1.0073983004250326,1.0073983004250326,0.0,1.0,1.0,1.0,D5:perm_gap,True,False,0.08253316697664559,regret_denominator_zero
D5,22,knockoff_path,0,0,0,1.0073983004250326,1.0073983004250326,0.0,1.0,1.0,1.0,D5:knockoff_path,True,False,0.06014087493531406,regret_denominator_zero
D5,22,xfit_objective,1,0,0,1.0088475173296874,1.0073983004250326,nan,0.0,1.0,0.0,D5:xfit_objective,False,False,0.05170049995649606,regret_denominator_zero
D5,22,gaussian_cv,1,0,0,1.0088475173296874,1.0073983004250326,nan,0.0,1.0,0.0,D5:gaussian_cv,False,False,0.04865895910188556,regret_denominator_zero
D5,22,k_posterior,0,0,0,1.0073983004250326,1.0073983004250326,0.0,1.0,1.0,1.0,D5:k_posterior,True,False,0.0004136250354349613,regret_denominator_zero
D5,22,stability,1,0,0,1.0088475173296874,1.0073983004250326,nan,0.0,1.0,0.0,D5:stability,False,False,0.1396717909956351,regret_denominator_zero
D5,22,changepoint,73,0,0,1.027410965581133,1.0073983004250326,nan,0.0,1.0,0.0,D5:changepoint,False,False,0.0007443330250680447,exact_off_grid_k;regret_denominator_zero
D5,22,consensus,0,0,0,1.0073983004250326,1.0073983004250326,0.0,1.0,1.0,1.0,D5:consensus,True,False,0.061203042045235634,regret_denominator_zero
D5,23,elbow,2,0,0,1.005168723192285,1.0021698744986915,nan,0.0,1.0,0.0,D5:elbow,False,False,0.00011449994053691626,regret_denominator_zero
D5,23,penalized/bic,1,0,0,1.0033488981989447,1.0021698744986915,nan,0.0,1.0,0.0,D5:penalized/bic,False,False,0.00035491702146828175,regret_denominator_zero
D5,23,evaluate/time_holdout/best,75,0,0,1.0231022337839624,1.0021698744986915,nan,0.0,1.0,0.0,D5:evaluate/time_holdout/best,False,False,0.01720150001347065,synthetic_time_holdout;regret_denominator_zero
D5,23,evaluate/one_se,1,0,0,1.0033488981989447,1.0021698744986915,nan,0.0,1.0,0.0,D5:evaluate/one_se,False,False,0.07467408396769315,synthetic_group_cv;regret_denominator_zero
D5,23,fixed_k=50,50,0,0,1.0187852060023157,1.0021698744986915,nan,0.0,1.0,0.0,D5:fixed_k=50,False,False,1.834006980061531e-06,regret_denominator_zero
D5,23,oracle,0,0,0,1.0021698744986915,1.0021698744986915,0.0,1.0,1.0,1.0,D5:oracle,True,False,0.0,regret_denominator_zero
D5,23,penalized/ebic,0,0,0,1.0021698744986915,1.0021698744986915,0.0,1.0,1.0,1.0,D5:penalized/ebic,True,False,0.0003058750880882144,regret_denominator_zero
D5,23,penalized/ric,0,0,0,1.0021698744986915,1.0021698744986915,0.0,1.0,1.0,1.0,D5:penalized/ric,True,False,0.0002570840297266841,regret_denominator_zero
D5,23,chi2_stop,0,0,0,1.0021698744986915,1.0021698744986915,0.0,1.0,1.0,1.0,D5:chi2_stop,True,False,0.0004975829506292939,regret_denominator_zero
D5,23,forward_stop,0,0,0,1.0021698744986915,1.0021698744986915,0.0,1.0,1.0,1.0,D5:forward_stop,True,False,0.0005142500158399343,regret_denominator_zero
D5,23,perm_gap,0,0,0,1.0021698744986915,1.0021698744986915,0.0,1.0,1.0,1.0,D5:perm_gap,True,False,0.0755845409585163,regret_denominator_zero
D5,23,knockoff_path,0,0,0,1.0021698744986915,1.0021698744986915,0.0,1.0,1.0,1.0,D5:knockoff_path,True,False,0.06343599990941584,regret_denominator_zero
D5,23,xfit_objective,1,0,0,1.0033488981989447,1.0021698744986915,nan,0.0,1.0,0.0,D5:xfit_objective,False,False,0.046664832974784076,regret_denominator_zero
D5,23,gaussian_cv,1,0,0,1.0033488981989447,1.0021698744986915,nan,0.0,1.0,0.0,D5:gaussian_cv,False,False,0.05386941705364734,regret_denominator_zero
D5,23,k_posterior,0,0,0,1.0021698744986915,1.0021698744986915,0.0,1.0,1.0,1.0,D5:k_posterior,True,False,0.00044508290011435747,regret_denominator_zero
D5,23,stability,1,0,0,1.0033488981989447,1.0021698744986915,nan,0.0,1.0,0.0,D5:stability,False,False,0.14446116599719971,regret_denominator_zero
D5,23,changepoint,79,0,0,1.0230936138336408,1.0021698744986915,nan,0.0,1.0,0.0,D5:changepoint,False,False,0.0008166669867932796,exact_off_grid_k;regret_denominator_zero
D5,23,consensus,0,0,0,1.0021698744986915,1.0021698744986915,0.0,1.0,1.0,1.0,D5:consensus,True,False,0.05167704191990197,regret_denominator_zero
D5,24,elbow,2,0,0,1.0041142153776432,1.002321028457188,nan,0.0,1.0,0.0,D5:elbow,False,False,0.00012912496458739042,regret_denominator_zero
D5,24,penalized/bic,1,0,0,1.003482118981889,1.002321028457188,nan,0.0,1.0,0.0,D5:penalized/bic,False,False,0.0003545840736478567,regret_denominator_zero
D5,24,evaluate/time_holdout/best,60,0,0,1.020643921357275,1.002321028457188,nan,0.0,1.0,0.0,D5:evaluate/time_holdout/best,False,False,0.015600041951984167,synthetic_time_holdout;regret_denominator_zero
D5,24,evaluate/one_se,11,0,0,1.013769318563318,1.002321028457188,nan,0.0,1.0,0.0,D5:evaluate/one_se,False,False,0.09879474993795156,synthetic_group_cv;regret_denominator_zero
D5,24,fixed_k=50,50,0,0,1.0192079168602066,1.002321028457188,nan,0.0,1.0,0.0,D5:fixed_k=50,False,False,1.9170111045241356e-06,regret_denominator_zero
D5,24,oracle,0,0,0,1.002321028457188,1.002321028457188,0.0,1.0,1.0,1.0,D5:oracle,True,False,0.0,regret_denominator_zero
D5,24,penalized/ebic,0,0,0,1.002321028457188,1.002321028457188,0.0,1.0,1.0,1.0,D5:penalized/ebic,True,False,0.000321374973282218,regret_denominator_zero
D5,24,penalized/ric,0,0,0,1.002321028457188,1.002321028457188,0.0,1.0,1.0,1.0,D5:penalized/ric,True,False,0.00025345792528241873,regret_denominator_zero
D5,24,chi2_stop,0,0,0,1.002321028457188,1.002321028457188,0.0,1.0,1.0,1.0,D5:chi2_stop,True,False,0.0005088748876005411,regret_denominator_zero
D5,24,forward_stop,0,0,0,1.002321028457188,1.002321028457188,0.0,1.0,1.0,1.0,D5:forward_stop,True,False,0.0006593330763280392,regret_denominator_zero
D5,24,perm_gap,0,0,0,1.002321028457188,1.002321028457188,0.0,1.0,1.0,1.0,D5:perm_gap,True,False,0.08035120798740536,regret_denominator_zero
D5,24,knockoff_path,0,0,0,1.002321028457188,1.002321028457188,0.0,1.0,1.0,1.0,D5:knockoff_path,True,False,0.07723666599486023,regret_denominator_zero
D5,24,xfit_objective,1,0,0,1.003482118981889,1.002321028457188,nan,0.0,1.0,0.0,D5:xfit_objective,False,False,0.041240957914851606,regret_denominator_zero
D5,24,gaussian_cv,1,0,0,1.003482118981889,1.002321028457188,nan,0.0,1.0,0.0,D5:gaussian_cv,False,False,0.05954412498977035,regret_denominator_zero
D5,24,k_posterior,0,0,0,1.002321028457188,1.002321028457188,0.0,1.0,1.0,1.0,D5:k_posterior,True,False,0.0004194589564576745,regret_denominator_zero
D5,24,stability,1,0,0,1.003482118981889,1.002321028457188,nan,0.0,1.0,0.0,D5:stability,False,False,0.133868916076608,regret_denominator_zero
D5,24,changepoint,75,0,0,1.022944240062601,1.002321028457188,nan,0.0,1.0,0.0,D5:changepoint,False,False,0.0008507500169798732,regret_denominator_zero
D5,24,consensus,0,0,0,1.002321028457188,1.002321028457188,0.0,1.0,1.0,1.0,D5:consensus,True,False,0.05088008299935609,regret_denominator_zero
D5,25,elbow,2,0,0,1.0036206009893387,1.0009188152879078,nan,0.0,1.0,0.0,D5:elbow,False,False,0.00013158295769244432,regret_denominator_zero
D5,25,penalized/bic,2,0,0,1.0036206009893387,1.0009188152879078,nan,0.0,1.0,0.0,D5:penalized/bic,False,False,0.0003706669667735696,regret_denominator_zero
D5,25,evaluate/time_holdout/best,26,0,0,1.0131020527403827,1.0009188152879078,nan,0.0,1.0,0.0,D5:evaluate/time_holdout/best,False,False,0.019085124949924648,synthetic_time_holdout;regret_denominator_zero
D5,25,evaluate/one_se,6,0,0,1.0081952843254698,1.0009188152879078,nan,0.0,1.0,0.0,D5:evaluate/one_se,False,False,0.074068957939744,synthetic_group_cv;regret_denominator_zero
D5,25,fixed_k=50,50,0,0,1.0178354211708935,1.0009188152879078,nan,0.0,1.0,0.0,D5:fixed_k=50,False,False,1.9579892978072166e-06,regret_denominator_zero
D5,25,oracle,0,0,0,1.0009188152879078,1.0009188152879078,0.0,1.0,1.0,1.0,D5:oracle,True,False,0.0,regret_denominator_zero
D5,25,penalized/ebic,0,0,0,1.0009188152879078,1.0009188152879078,0.0,1.0,1.0,1.0,D5:penalized/ebic,True,False,0.00030858302488923073,regret_denominator_zero
D5,25,penalized/ric,0,0,0,1.0009188152879078,1.0009188152879078,0.0,1.0,1.0,1.0,D5:penalized/ric,True,False,0.00025283300783485174,regret_denominator_zero
D5,25,chi2_stop,0,0,0,1.0009188152879078,1.0009188152879078,0.0,1.0,1.0,1.0,D5:chi2_stop,True,False,0.0004942499799653888,regret_denominator_zero
D5,25,forward_stop,0,0,0,1.0009188152879078,1.0009188152879078,0.0,1.0,1.0,1.0,D5:forward_stop,True,False,0.0005053749773651361,regret_denominator_zero
D5,25,perm_gap,0,0,0,1.0009188152879078,1.0009188152879078,0.0,1.0,1.0,1.0,D5:perm_gap,True,False,0.08539183298125863,regret_denominator_zero
D5,25,knockoff_path,0,0,0,1.0009188152879078,1.0009188152879078,0.0,1.0,1.0,1.0,D5:knockoff_path,True,False,0.08419729198794812,regret_denominator_zero
D5,25,xfit_objective,1,0,0,1.0014643502758451,1.0009188152879078,nan,0.0,1.0,0.0,D5:xfit_objective,False,False,0.0554256250616163,regret_denominator_zero
D5,25,gaussian_cv,1,0,0,1.0014643502758451,1.0009188152879078,nan,0.0,1.0,0.0,D5:gaussian_cv,False,False,0.05997158295940608,regret_denominator_zero
D5,25,k_posterior,0,0,0,1.0009188152879078,1.0009188152879078,0.0,1.0,1.0,1.0,D5:k_posterior,True,False,0.0004522500094026327,regret_denominator_zero
D5,25,stability,1,0,0,1.0014643502758451,1.0009188152879078,nan,0.0,1.0,0.0,D5:stability,False,False,0.14440045808441937,regret_denominator_zero
D5,25,changepoint,70,0,0,1.0203438685182458,1.0009188152879078,nan,0.0,1.0,0.0,D5:changepoint,False,False,0.0007902919314801693,regret_denominator_zero
D5,25,consensus,0,0,0,1.0009188152879078,1.0009188152879078,0.0,1.0,1.0,1.0,D5:consensus,True,False,0.05036450002808124,regret_denominator_zero
D5,26,elbow,2,0,0,0.9991466754202295,0.9961992683171144,nan,0.0,1.0,0.0,D5:elbow,False,False,0.0001332910032942891,regret_denominator_zero
D5,26,penalized/bic,1,0,0,0.9976235513014176,0.9961992683171144,nan,0.0,1.0,0.0,D5:penalized/bic,False,False,0.0003548329696059227,regret_denominator_zero
D5,26,evaluate/time_holdout/best,21,0,0,1.0154954986166733,0.9961992683171144,nan,0.0,1.0,0.0,D5:evaluate/time_holdout/best,False,False,0.016151041956618428,synthetic_time_holdout;regret_denominator_zero
D5,26,evaluate/one_se,6,0,0,1.0036774347585649,0.9961992683171144,nan,0.0,1.0,0.0,D5:evaluate/one_se,False,False,0.07042804197408259,synthetic_group_cv;regret_denominator_zero
D5,26,fixed_k=50,50,0,0,1.0141365749378712,0.9961992683171144,nan,0.0,1.0,0.0,D5:fixed_k=50,False,False,1.9579892978072166e-06,regret_denominator_zero
D5,26,oracle,0,0,0,0.9961992683171144,0.9961992683171144,0.0,1.0,1.0,1.0,D5:oracle,True,False,0.0,regret_denominator_zero
D5,26,penalized/ebic,0,0,0,0.9961992683171144,0.9961992683171144,0.0,1.0,1.0,1.0,D5:penalized/ebic,True,False,0.00030983297619968653,regret_denominator_zero
D5,26,penalized/ric,0,0,0,0.9961992683171144,0.9961992683171144,0.0,1.0,1.0,1.0,D5:penalized/ric,True,False,0.0002544999588280916,regret_denominator_zero
D5,26,chi2_stop,0,0,0,0.9961992683171144,0.9961992683171144,0.0,1.0,1.0,1.0,D5:chi2_stop,True,False,0.0004994169576093554,regret_denominator_zero
D5,26,forward_stop,0,0,0,0.9961992683171144,0.9961992683171144,0.0,1.0,1.0,1.0,D5:forward_stop,True,False,0.0005098340334370732,regret_denominator_zero
D5,26,perm_gap,0,0,0,0.9961992683171144,0.9961992683171144,0.0,1.0,1.0,1.0,D5:perm_gap,True,False,0.0789172500371933,regret_denominator_zero
D5,26,knockoff_path,0,0,0,0.9961992683171144,0.9961992683171144,0.0,1.0,1.0,1.0,D5:knockoff_path,True,False,0.06461183296050876,regret_denominator_zero
D5,26,xfit_objective,1,0,0,0.9976235513014176,0.9961992683171144,nan,0.0,1.0,0.0,D5:xfit_objective,False,False,0.05615083291195333,regret_denominator_zero
D5,26,gaussian_cv,1,0,0,0.9976235513014176,0.9961992683171144,nan,0.0,1.0,0.0,D5:gaussian_cv,False,False,0.06143000000156462,regret_denominator_zero
D5,26,k_posterior,0,0,0,0.9961992683171144,0.9961992683171144,0.0,1.0,1.0,1.0,D5:k_posterior,True,False,0.00042220798786729574,regret_denominator_zero
D5,26,stability,1,0,0,0.9976235513014176,0.9961992683171144,nan,0.0,1.0,0.0,D5:stability,False,False,0.1292027090676129,regret_denominator_zero
D5,26,changepoint,73,0,0,1.0173283604158965,0.9961992683171144,nan,0.0,1.0,0.0,D5:changepoint,False,False,0.0007774160476401448,exact_off_grid_k;regret_denominator_zero
D5,26,consensus,0,0,0,0.9961992683171144,0.9961992683171144,0.0,1.0,1.0,1.0,D5:consensus,True,False,0.05565820797346532,regret_denominator_zero
D5,27,elbow,2,0,0,1.0042563130275706,1.0002387937557935,nan,0.0,1.0,0.0,D5:elbow,False,False,0.00012354098726063967,regret_denominator_zero
D5,27,penalized/bic,1,0,0,1.0026377140975047,1.0002387937557935,nan,0.0,1.0,0.0,D5:penalized/bic,False,False,0.00035862496588379145,regret_denominator_zero
D5,27,evaluate/time_holdout/best,40,0,0,1.0160431614683871,1.0002387937557935,nan,0.0,1.0,0.0,D5:evaluate/time_holdout/best,False,False,0.017587624955922365,synthetic_time_holdout;regret_denominator_zero
D5,27,evaluate/one_se,11,0,0,1.0154900057489333,1.0002387937557935,nan,0.0,1.0,0.0,D5:evaluate/one_se,False,False,0.07707050000317395,synthetic_group_cv;regret_denominator_zero
D5,27,fixed_k=50,50,0,0,1.0174470464308438,1.0002387937557935,nan,0.0,1.0,0.0,D5:fixed_k=50,False,False,2.249958924949169e-06,regret_denominator_zero
D5,27,oracle,0,0,0,1.0002387937557935,1.0002387937557935,0.0,1.0,1.0,1.0,D5:oracle,True,False,0.0,regret_denominator_zero
D5,27,penalized/ebic,0,0,0,1.0002387937557935,1.0002387937557935,0.0,1.0,1.0,1.0,D5:penalized/ebic,True,False,0.00033362500835210085,regret_denominator_zero
D5,27,penalized/ric,0,0,0,1.0002387937557935,1.0002387937557935,0.0,1.0,1.0,1.0,D5:penalized/ric,True,False,0.000260166940279305,regret_denominator_zero
D5,27,chi2_stop,0,0,0,1.0002387937557935,1.0002387937557935,0.0,1.0,1.0,1.0,D5:chi2_stop,True,False,0.0005192500539124012,regret_denominator_zero
D5,27,forward_stop,0,0,0,1.0002387937557935,1.0002387937557935,0.0,1.0,1.0,1.0,D5:forward_stop,True,False,0.0005448749288916588,regret_denominator_zero
D5,27,perm_gap,0,0,0,1.0002387937557935,1.0002387937557935,0.0,1.0,1.0,1.0,D5:perm_gap,True,False,0.07627491699531674,regret_denominator_zero
D5,27,knockoff_path,0,0,0,1.0002387937557935,1.0002387937557935,0.0,1.0,1.0,1.0,D5:knockoff_path,True,False,0.07122404198162258,regret_denominator_zero
D5,27,xfit_objective,1,0,0,1.0026377140975047,1.0002387937557935,nan,0.0,1.0,0.0,D5:xfit_objective,False,False,0.04717708402313292,regret_denominator_zero
D5,27,gaussian_cv,1,0,0,1.0026377140975047,1.0002387937557935,nan,0.0,1.0,0.0,D5:gaussian_cv,False,False,0.05008154094684869,regret_denominator_zero
D5,27,k_posterior,0,0,0,1.0002387937557935,1.0002387937557935,0.0,1.0,1.0,1.0,D5:k_posterior,True,False,0.0003810829948633909,regret_denominator_zero
D5,27,stability,1,0,0,1.0026377140975047,1.0002387937557935,nan,0.0,1.0,0.0,D5:stability,False,False,0.13820916693657637,regret_denominator_zero
D5,27,changepoint,61,0,0,1.0186100287225353,1.0002387937557935,nan,0.0,1.0,0.0,D5:changepoint,False,False,0.0008832499152049422,exact_off_grid_k;regret_denominator_zero
D5,27,consensus,0,0,0,1.0002387937557935,1.0002387937557935,0.0,1.0,1.0,1.0,D5:consensus,True,False,0.06087220902554691,regret_denominator_zero
D5,28,elbow,2,0,0,0.9954964450047005,0.9920591431287161,nan,0.0,1.0,0.0,D5:elbow,False,False,0.0001154160127043724,regret_denominator_zero
D5,28,penalized/bic,2,0,0,0.9954964450047005,0.9920591431287161,nan,0.0,1.0,0.0,D5:penalized/bic,False,False,0.0003473750548437238,regret_denominator_zero
D5,28,evaluate/time_holdout/best,40,0,0,1.00735329169879,0.9920591431287161,nan,0.0,1.0,0.0,D5:evaluate/time_holdout/best,False,False,0.014172333059832454,synthetic_time_holdout;regret_denominator_zero
D5,28,evaluate/one_se,6,0,0,1.0006647461684348,0.9920591431287161,nan,0.0,1.0,0.0,D5:evaluate/one_se,False,False,0.07516850007232279,synthetic_group_cv;regret_denominator_zero
D5,28,fixed_k=50,50,0,0,1.0093278479800594,0.9920591431287161,nan,0.0,1.0,0.0,D5:fixed_k=50,False,False,2.4579931050539017e-06,regret_denominator_zero
D5,28,oracle,0,0,0,0.9920591431287161,0.9920591431287161,0.0,1.0,1.0,1.0,D5:oracle,True,False,0.0,regret_denominator_zero
D5,28,penalized/ebic,0,0,0,0.9920591431287161,0.9920591431287161,0.0,1.0,1.0,1.0,D5:penalized/ebic,True,False,0.0004975829506292939,regret_denominator_zero
D5,28,penalized/ric,0,0,0,0.9920591431287161,0.9920591431287161,0.0,1.0,1.0,1.0,D5:penalized/ric,True,False,0.0002845000708475709,regret_denominator_zero
D5,28,chi2_stop,0,0,0,0.9920591431287161,0.9920591431287161,0.0,1.0,1.0,1.0,D5:chi2_stop,True,False,0.0005870840977877378,regret_denominator_zero
D5,28,forward_stop,0,0,0,0.9920591431287161,0.9920591431287161,0.0,1.0,1.0,1.0,D5:forward_stop,True,False,0.0007389580132439733,regret_denominator_zero
D5,28,perm_gap,0,0,0,0.9920591431287161,0.9920591431287161,0.0,1.0,1.0,1.0,D5:perm_gap,True,False,0.0832466670544818,regret_denominator_zero
D5,28,knockoff_path,0,0,0,0.9920591431287161,0.9920591431287161,0.0,1.0,1.0,1.0,D5:knockoff_path,True,False,0.07893420802429318,regret_denominator_zero
D5,28,xfit_objective,1,0,0,0.9938587217974466,0.9920591431287161,nan,0.0,1.0,0.0,D5:xfit_objective,False,False,0.04809529194608331,regret_denominator_zero
D5,28,gaussian_cv,1,0,0,0.9938587217974466,0.9920591431287161,nan,0.0,1.0,0.0,D5:gaussian_cv,False,False,0.052212333073839545,regret_denominator_zero
D5,28,k_posterior,0,0,0,0.9920591431287161,0.9920591431287161,0.0,1.0,1.0,1.0,D5:k_posterior,True,False,0.00047633307985961437,regret_denominator_zero
D5,28,stability,1,0,0,0.9938587217974466,0.9920591431287161,nan,0.0,1.0,0.0,D5:stability,False,False,0.14029516698792577,regret_denominator_zero
D5,28,changepoint,78,0,0,1.011866214625583,0.9920591431287161,nan,0.0,1.0,0.0,D5:changepoint,False,False,0.0007718330016359687,exact_off_grid_k;regret_denominator_zero
D5,28,consensus,0,0,0,0.9920591431287161,0.9920591431287161,0.0,1.0,1.0,1.0,D5:consensus,True,False,0.0595491660060361,regret_denominator_zero
D5,29,elbow,2,0,0,1.011114273007791,1.0069495511676405,nan,0.0,1.0,0.0,D5:elbow,False,False,0.00011370808351784945,regret_denominator_zero
D5,29,penalized/bic,2,0,0,1.011114273007791,1.0069495511676405,nan,0.0,1.0,0.0,D5:penalized/bic,False,False,0.00035729201044887304,regret_denominator_zero
D5,29,evaluate/time_holdout/best,50,0,0,1.0252762887900722,1.0069495511676405,nan,0.0,1.0,0.0,D5:evaluate/time_holdout/best,False,False,0.015100833959877491,synthetic_time_holdout;regret_denominator_zero
D5,29,evaluate/one_se,6,0,0,1.0166368774918502,1.0069495511676405,nan,0.0,1.0,0.0,D5:evaluate/one_se,False,False,0.06895570806227624,synthetic_group_cv;regret_denominator_zero
D5,29,fixed_k=50,50,0,0,1.0252762887900722,1.0069495511676405,nan,0.0,1.0,0.0,D5:fixed_k=50,False,False,2.0419247448444366e-06,regret_denominator_zero
D5,29,oracle,0,0,0,1.0069495511676405,1.0069495511676405,0.0,1.0,1.0,1.0,D5:oracle,True,False,0.0,regret_denominator_zero
D5,29,penalized/ebic,0,0,0,1.0069495511676405,1.0069495511676405,0.0,1.0,1.0,1.0,D5:penalized/ebic,True,False,0.0003130000550299883,regret_denominator_zero
D5,29,penalized/ric,0,0,0,1.0069495511676405,1.0069495511676405,0.0,1.0,1.0,1.0,D5:penalized/ric,True,False,0.0002451670588925481,regret_denominator_zero
D5,29,chi2_stop,0,0,0,1.0069495511676405,1.0069495511676405,0.0,1.0,1.0,1.0,D5:chi2_stop,True,False,0.0004868329269811511,regret_denominator_zero
D5,29,forward_stop,0,0,0,1.0069495511676405,1.0069495511676405,0.0,1.0,1.0,1.0,D5:forward_stop,True,False,0.000497667002491653,regret_denominator_zero
D5,29,perm_gap,0,0,0,1.0069495511676405,1.0069495511676405,0.0,1.0,1.0,1.0,D5:perm_gap,True,False,0.08471000008285046,regret_denominator_zero
D5,29,knockoff_path,0,0,0,1.0069495511676405,1.0069495511676405,0.0,1.0,1.0,1.0,D5:knockoff_path,True,False,0.06310670799575746,regret_denominator_zero
D5,29,xfit_objective,1,0,0,1.0096797259154988,1.0069495511676405,nan,0.0,1.0,0.0,D5:xfit_objective,False,False,0.04420829191803932,regret_denominator_zero
D5,29,gaussian_cv,1,0,0,1.0096797259154988,1.0069495511676405,nan,0.0,1.0,0.0,D5:gaussian_cv,False,False,0.05243933293968439,regret_denominator_zero
D5,29,k_posterior,0,0,0,1.0069495511676405,1.0069495511676405,0.0,1.0,1.0,1.0,D5:k_posterior,True,False,0.00041383400093764067,regret_denominator_zero
D5,29,stability,1,0,0,1.0096797259154988,1.0069495511676405,nan,0.0,1.0,0.0,D5:stability,False,False,0.13408879097551107,regret_denominator_zero
D5,29,changepoint,64,0,0,1.0274835828698832,1.0069495511676405,nan,0.0,1.0,0.0,D5:changepoint,False,False,0.000784417032264173,exact_off_grid_k;regret_denominator_zero
D5,29,consensus,0,0,0,1.0069495511676405,1.0069495511676405,0.0,1.0,1.0,1.0,D5:consensus,True,False,0.05061979207675904,regret_denominator_zero
D6,0,elbow,11,10,10,1.9972972689385147,1.9962203415518327,0.0007460682203409064,0.9090909090909091,1.0,0.9523809523809523,D6:elbow,False,False,0.00010591698810458183,
D6,0,penalized/bic,12,10,10,2.001414781135572,1.9962203415518327,0.003598577159272348,0.8333333333333334,1.0,0.9090909090909091,D6:penalized/bic,False,False,0.0003542499616742134,
D6,0,evaluate/time_holdout/best,26,10,10,2.0306484655756747,1.9962203415518327,0.023850938826323234,0.38461538461538464,1.0,0.5555555555555556,D6:evaluate/time_holdout/best,False,False,0.01811854203697294,synthetic_time_holdout
D6,0,evaluate/one_se,11,10,10,1.9972972689385147,1.9962203415518327,0.0007460682203409064,0.9090909090909091,1.0,0.9523809523809523,D6:evaluate/one_se,False,False,0.07189329201355577,synthetic_group_cv
D6,0,fixed_k=50,50,10,10,2.0396341789944343,1.9962203415518327,0.03007601518869749,0.2,1.0,0.33333333333333337,D6:fixed_k=50,False,False,2.3329630494117737e-06,
D6,0,oracle,10,10,10,1.9962203415518327,1.9962203415518327,0.0,1.0,1.0,1.0,D6:oracle,False,False,0.0,
D6,0,penalized/ebic,11,10,10,1.9972972689385147,1.9962203415518327,0.0007460682203409064,0.9090909090909091,1.0,0.9523809523809523,D6:penalized/ebic,False,False,0.00032637501135468483,
D6,0,penalized/ric,11,10,10,1.9972972689385147,1.9962203415518327,0.0007460682203409064,0.9090909090909091,1.0,0.9523809523809523,D6:penalized/ric,False,False,0.0002572080120444298,
D6,0,chi2_stop,10,10,10,1.9962203415518327,1.9962203415518327,0.0,1.0,1.0,1.0,D6:chi2_stop,False,False,0.0005191669333726168,
D6,0,forward_stop,11,10,10,1.9972972689385147,1.9962203415518327,0.0007460682203409064,0.9090909090909091,1.0,0.9523809523809523,D6:forward_stop,False,False,0.0005270419642329216,
D6,0,perm_gap,11,10,10,1.9972972689385147,1.9962203415518327,0.0007460682203409064,0.9090909090909091,1.0,0.9523809523809523,D6:perm_gap,False,False,0.07851408398710191,
D6,0,knockoff_path,13,10,10,2.0028444145940805,1.9962203415518327,0.004588991279406851,0.7692307692307693,1.0,0.8695652173913044,D6:knockoff_path,False,False,0.06976841599680483,
D6,0,xfit_objective,10,10,10,1.9962203415518327,1.9962203415518327,0.0,1.0,1.0,1.0,D6:xfit_objective,False,False,0.04212379199452698,
D6,0,gaussian_cv,10,10,10,1.9962203415518327,1.9962203415518327,0.0,1.0,1.0,1.0,D6:gaussian_cv,False,False,0.044301124988123775,
D6,0,k_posterior,11,10,10,1.9972972689385147,1.9962203415518327,0.0007460682203409064,0.9090909090909091,1.0,0.9523809523809523,D6:k_posterior,False,False,0.00040129199624061584,
D6,0,stability,10,10,10,1.9962203415518327,1.9962203415518327,0.0,1.0,1.0,1.0,D6:stability,False,False,0.14067937491927296,
D6,0,changepoint,80,10,10,2.0560991786009426,1.9962203415518327,0.04148255299826011,0.125,1.0,0.2222222222222222,D6:changepoint,False,False,0.0007677080575376749,
D6,0,consensus,10,10,10,1.9962203415518327,1.9962203415518327,0.0,1.0,1.0,1.0,D6:consensus,False,False,0.04814204096328467,
D6,1,elbow,11,10,10,1.9539769294237064,1.9502611681034223,0.0024394956495240074,0.9090909090909091,1.0,0.9523809523809523,D6:elbow,False,False,0.00010983389802277088,
D6,1,penalized/bic,10,10,10,1.9502611681034223,1.9502611681034223,0.0,1.0,1.0,1.0,D6:penalized/bic,False,False,0.0003559169126674533,
D6,1,evaluate/time_holdout/best,11,10,10,1.9539769294237064,1.9502611681034223,0.0024394956495240074,0.9090909090909091,1.0,0.9523809523809523,D6:evaluate/time_holdout/best,False,False,0.015341707970947027,synthetic_time_holdout
D6,1,evaluate/one_se,11,10,10,1.9539769294237064,1.9502611681034223,0.0024394956495240074,0.9090909090909091,1.0,0.9523809523809523,D6:evaluate/one_se,False,False,0.06954012508504093,synthetic_group_cv
D6,1,fixed_k=50,50,10,10,1.9806731544990128,1.9502611681034223,0.01996627396394629,0.2,1.0,0.33333333333333337,D6:fixed_k=50,False,False,2.374988980591297e-06,
D6,1,oracle,10,10,10,1.9502611681034223,1.9502611681034223,0.0,1.0,1.0,1.0,D6:oracle,False,False,0.0,
D6,1,penalized/ebic,10,10,10,1.9502611681034223,1.9502611681034223,0.0,1.0,1.0,1.0,D6:penalized/ebic,False,False,0.00034241704270243645,
D6,1,penalized/ric,10,10,10,1.9502611681034223,1.9502611681034223,0.0,1.0,1.0,1.0,D6:penalized/ric,False,False,0.00026000000070780516,
D6,1,chi2_stop,10,10,10,1.9502611681034223,1.9502611681034223,0.0,1.0,1.0,1.0,D6:chi2_stop,False,False,0.0005706659285351634,
D6,1,forward_stop,10,10,10,1.9502611681034223,1.9502611681034223,0.0,1.0,1.0,1.0,D6:forward_stop,False,False,0.0006350410403683782,
D6,1,perm_gap,10,10,10,1.9502611681034223,1.9502611681034223,0.0,1.0,1.0,1.0,D6:perm_gap,False,False,0.07798025000374764,
D6,1,knockoff_path,10,10,10,1.9502611681034223,1.9502611681034223,0.0,1.0,1.0,1.0,D6:knockoff_path,False,False,0.062273083021864295,
D6,1,xfit_objective,10,10,10,1.9502611681034223,1.9502611681034223,0.0,1.0,1.0,1.0,D6:xfit_objective,False,False,0.04785454098600894,
D6,1,gaussian_cv,10,10,10,1.9502611681034223,1.9502611681034223,0.0,1.0,1.0,1.0,D6:gaussian_cv,False,False,0.04727112501859665,
D6,1,k_posterior,10,10,10,1.9502611681034223,1.9502611681034223,0.0,1.0,1.0,1.0,D6:k_posterior,False,False,0.0004340409068390727,
D6,1,stability,10,10,10,1.9502611681034223,1.9502611681034223,0.0,1.0,1.0,1.0,D6:stability,False,False,0.1336080419132486,
D6,1,changepoint,77,10,10,1.991137382066195,1.9502611681034223,0.026836316312042734,0.12987012987012986,1.0,0.22988505747126434,D6:changepoint,False,False,0.0007620831020176411,exact_off_grid_k
D6,1,consensus,10,10,10,1.9502611681034223,1.9502611681034223,0.0,1.0,1.0,1.0,D6:consensus,False,False,0.04939912504050881,
D6,2,elbow,11,10,10,1.9164883839874964,1.9151537747628895,0.0008662644368993237,0.9090909090909091,1.0,0.9523809523809523,D6:elbow,False,False,0.00012608396355062723,
D6,2,penalized/bic,10,10,10,1.9151537747628895,1.9151537747628895,0.0,1.0,1.0,1.0,D6:penalized/bic,False,False,0.0003564580110833049,
D6,2,evaluate/time_holdout/best,11,10,10,1.9164883839874964,1.9151537747628895,0.0008662644368993237,0.9090909090909091,1.0,0.9523809523809523,D6:evaluate/time_holdout/best,False,False,0.01583916589152068,synthetic_time_holdout
D6,2,evaluate/one_se,11,10,10,1.9164883839874964,1.9151537747628895,0.0008662644368993237,0.9090909090909091,1.0,0.9523809523809523,D6:evaluate/one_se,False,False,0.07510237500537187,synthetic_group_cv
D6,2,fixed_k=50,50,10,10,1.9402264285008692,1.9151537747628895,0.01627408822855962,0.2,1.0,0.33333333333333337,D6:fixed_k=50,False,False,2.334010787308216e-06,
D6,2,oracle,10,10,10,1.9151537747628895,1.9151537747628895,0.0,1.0,1.0,1.0,D6:oracle,False,False,0.0,
D6,2,penalized/ebic,10,10,10,1.9151537747628895,1.9151537747628895,0.0,1.0,1.0,1.0,D6:penalized/ebic,False,False,0.00031925004441291094,
D6,2,penalized/ric,10,10,10,1.9151537747628895,1.9151537747628895,0.0,1.0,1.0,1.0,D6:penalized/ric,False,False,0.0002495000371709466,
D6,2,chi2_stop,10,10,10,1.9151537747628895,1.9151537747628895,0.0,1.0,1.0,1.0,D6:chi2_stop,False,False,0.0005693749990314245,
D6,2,forward_stop,10,10,10,1.9151537747628895,1.9151537747628895,0.0,1.0,1.0,1.0,D6:forward_stop,False,False,0.0006607921095564961,
D6,2,perm_gap,10,10,10,1.9151537747628895,1.9151537747628895,0.0,1.0,1.0,1.0,D6:perm_gap,False,False,0.08197475003544241,
D6,2,knockoff_path,11,10,10,1.915419701826254,1.9151537747628895,0.0001726071973386578,0.9090909090909091,1.0,0.9523809523809523,D6:knockoff_path,False,False,0.07286491605918854,
D6,2,xfit_objective,10,10,10,1.9151537747628895,1.9151537747628895,0.0,1.0,1.0,1.0,D6:xfit_objective,False,False,0.041324959020130336,
D6,2,gaussian_cv,10,10,10,1.9151537747628895,1.9151537747628895,0.0,1.0,1.0,1.0,D6:gaussian_cv,False,False,0.05029616609681398,
D6,2,k_posterior,10,10,10,1.9151537747628895,1.9151537747628895,0.0,1.0,1.0,1.0,D6:k_posterior,False,False,0.0004077499033883214,
D6,2,stability,10,10,10,1.9151537747628895,1.9151537747628895,0.0,1.0,1.0,1.0,D6:stability,False,False,0.13563616597093642,
D6,2,changepoint,71,10,10,1.9522964295067327,1.9151537747628895,0.02410845085092048,0.14084507042253522,1.0,0.2469135802469136,D6:changepoint,False,False,0.0007794580888003111,exact_off_grid_k
D6,2,consensus,10,10,10,1.9151537747628895,1.9151537747628895,0.0,1.0,1.0,1.0,D6:consensus,False,False,0.0523224170319736,
D6,3,elbow,11,7,10,2.4674794903031554,2.243282592122062,0.18229175893889302,0.9090909090909091,1.0,0.9523809523809523,D6:elbow,False,False,0.0001062500523403287,
D6,3,penalized/bic,11,7,10,2.4674794903031554,2.243282592122062,0.18229175893889302,0.9090909090909091,1.0,0.9523809523809523,D6:penalized/bic,False,False,0.0003593340516090393,
D6,3,evaluate/time_holdout/best,11,7,10,2.4674794903031554,2.243282592122062,0.18229175893889302,0.9090909090909091,1.0,0.9523809523809523,D6:evaluate/time_holdout/best,False,False,0.01773287495598197,synthetic_time_holdout
D6,3,evaluate/one_se,11,7,10,2.4674794903031554,2.243282592122062,0.18229175893889302,0.9090909090909091,1.0,0.9523809523809523,D6:evaluate/one_se,False,False,0.07451854203827679,synthetic_group_cv
D6,3,fixed_k=50,50,7,10,2.494247400877022,2.243282592122062,0.2040564200078775,0.2,1.0,0.33333333333333337,D6:fixed_k=50,False,False,2.00001522898674e-06,
D6,3,oracle,7,7,10,2.243282592122062,2.243282592122062,0.0,1.0,0.7,0.8235294117647058,D6:oracle,False,False,0.0,
D6,3,penalized/ebic,11,7,10,2.4674794903031554,2.243282592122062,0.18229175893889302,0.9090909090909091,1.0,0.9523809523809523,D6:penalized/ebic,False,False,0.00031195895280689,
D6,3,penalized/ric,10,7,10,2.466472017078791,2.243282592122062,0.18147259476827676,1.0,1.0,1.0,D6:penalized/ric,False,False,0.0002511669881641865,
D6,3,chi2_stop,10,7,10,2.466472017078791,2.243282592122062,0.18147259476827676,1.0,1.0,1.0,D6:chi2_stop,False,False,0.0004960830556228757,
D6,3,forward_stop,11,7,10,2.4674794903031554,2.243282592122062,0.18229175893889302,0.9090909090909091,1.0,0.9523809523809523,D6:forward_stop,False,False,0.0005211660172790289,
D6,3,perm_gap,10,7,10,2.466472017078791,2.243282592122062,0.18147259476827676,1.0,1.0,1.0,D6:perm_gap,False,False,0.08234408393036574,
D6,3,knockoff_path,11,7,10,2.4674794903031554,2.243282592122062,0.18229175893889302,0.9090909090909091,1.0,0.9523809523809523,D6:knockoff_path,False,False,0.0667318330379203,
D6,3,xfit_objective,10,7,10,2.466472017078791,2.243282592122062,0.18147259476827676,1.0,1.0,1.0,D6:xfit_objective,False,False,0.05681949993595481,
D6,3,gaussian_cv,10,7,10,2.466472017078791,2.243282592122062,0.18147259476827676,1.0,1.0,1.0,D6:gaussian_cv,False,False,0.052822416997514665,
D6,3,k_posterior,11,7,10,2.4674794903031554,2.243282592122062,0.18229175893889302,0.9090909090909091,1.0,0.9523809523809523,D6:k_posterior,False,False,0.00040600006468594074,
D6,3,stability,10,7,10,2.466472017078791,2.243282592122062,0.18147259476827676,1.0,1.0,1.0,D6:stability,False,False,0.12461491604335606,
D6,3,changepoint,59,7,10,2.496003888276264,2.243282592122062,0.20548459845351869,0.1694915254237288,1.0,0.2898550724637681,D6:changepoint,False,False,0.0007406669901683927,exact_off_grid_k
D6,3,consensus,10,7,10,2.466472017078791,2.243282592122062,0.18147259476827676,1.0,1.0,1.0,D6:consensus,False,False,0.04679783305618912,
D6,4,elbow,11,10,10,2.1629623865633563,2.159348485279766,0.0027609315287421684,0.9090909090909091,1.0,0.9523809523809523,D6:elbow,False,False,0.00010537495836615562,
D6,4,penalized/bic,13,10,10,2.1697961915734783,2.159348485279766,0.007981790161321842,0.7692307692307693,1.0,0.8695652173913044,D6:penalized/bic,False,False,0.0003453749231994152,
D6,4,evaluate/time_holdout/best,16,10,10,2.1708123482641257,2.159348485279766,0.008758108833359245,0.625,1.0,0.7692307692307693,D6:evaluate/time_holdout/best,False,False,0.015224458067677915,synthetic_time_holdout
D6,4,evaluate/one_se,11,10,10,2.1629623865633563,2.159348485279766,0.0027609315287421684,0.9090909090909091,1.0,0.9523809523809523,D6:evaluate/one_se,False,False,0.07096824992913753,synthetic_group_cv
D6,4,fixed_k=50,50,10,10,2.1837389169933346,2.159348485279766,0.01863368881253101,0.2,1.0,0.33333333333333337,D6:fixed_k=50,False,False,2.0830193534493446e-06,
D6,4,oracle,10,10,10,2.159348485279766,2.159348485279766,0.0,1.0,1.0,1.0,D6:oracle,False,False,0.0,
D6,4,penalized/ebic,13,10,10,2.1697961915734783,2.159348485279766,0.007981790161321842,0.7692307692307693,1.0,0.8695652173913044,D6:penalized/ebic,False,False,0.00032479199580848217,
D6,4,penalized/ric,11,10,10,2.1629623865633563,2.159348485279766,0.0027609315287421684,0.9090909090909091,1.0,0.9523809523809523,D6:penalized/ric,False,False,0.00025283393915742636,
D6,4,chi2_stop,11,10,10,2.1629623865633563,2.159348485279766,0.0027609315287421684,0.9090909090909091,1.0,0.9523809523809523,D6:chi2_stop,False,False,0.0004992920439690351,
D6,4,forward_stop,12,10,10,2.1635249844989675,2.159348485279766,0.003190742488296426,0.8333333333333334,1.0,0.9090909090909091,D6:forward_stop,False,False,0.0005043749697506428,
D6,4,perm_gap,11,10,10,2.1629623865633563,2.159348485279766,0.0027609315287421684,0.9090909090909091,1.0,0.9523809523809523,D6:perm_gap,False,False,0.0788052499992773,
D6,4,knockoff_path,25,10,10,2.180522289214245,2.159348485279766,0.016176264451815116,0.4,1.0,0.5714285714285715,D6:knockoff_path,False,False,0.07051250000949949,
D6,4,xfit_objective,10,10,10,2.159348485279766,2.159348485279766,0.0,1.0,1.0,1.0,D6:xfit_objective,False,False,0.052253250032663345,
D6,4,gaussian_cv,10,10,10,2.159348485279766,2.159348485279766,0.0,1.0,1.0,1.0,D6:gaussian_cv,False,False,0.05199345794972032,
D6,4,k_posterior,13,10,10,2.1697961915734783,2.159348485279766,0.007981790161321842,0.7692307692307693,1.0,0.8695652173913044,D6:k_posterior,False,False,0.0003856660332530737,
D6,4,stability,10,10,10,2.159348485279766,2.159348485279766,0.0,1.0,1.0,1.0,D6:stability,False,False,0.13409595901612192,
D6,4,changepoint,50,10,10,2.1837389169933346,2.159348485279766,0.01863368881253101,0.2,1.0,0.33333333333333337,D6:changepoint,False,False,0.0008211249951273203,
D6,4,consensus,11,10,10,2.1629623865633563,2.159348485279766,0.0027609315287421684,0.9090909090909091,1.0,0.9523809523809523,D6:consensus,False,False,0.05120795906987041,
D6,5,elbow,11,10,10,1.9143535301449521,1.9101602887004485,0.0027061131012915624,0.9090909090909091,1.0,0.9523809523809523,D6:elbow,False,False,0.00016799999866634607,
D6,5,penalized/bic,11,10,10,1.9143535301449521,1.9101602887004485,0.0027061131012915624,0.9090909090909091,1.0,0.9523809523809523,D6:penalized/bic,False,False,0.00038074993062764406,
D6,5,evaluate/time_holdout/best,21,10,10,1.9302889814314814,1.9101602887004485,0.01299007458364193,0.47619047619047616,1.0,0.6451612903225806,D6:evaluate/time_holdout/best,False,False,0.01580670801922679,synthetic_time_holdout
D6,5,evaluate/one_se,11,10,10,1.9143535301449521,1.9101602887004485,0.0027061131012915624,0.9090909090909091,1.0,0.9523809523809523,D6:evaluate/one_se,False,False,0.06962983298581094,synthetic_group_cv
D6,5,fixed_k=50,50,10,10,1.9484951177476983,1.9101602887004485,0.024739425213998235,0.2,1.0,0.33333333333333337,D6:fixed_k=50,False,False,1.9170111045241356e-06,
D6,5,oracle,10,10,10,1.9101602887004485,1.9101602887004485,0.0,1.0,1.0,1.0,D6:oracle,False,False,0.0,
D6,5,penalized/ebic,10,10,10,1.9101602887004485,1.9101602887004485,0.0,1.0,1.0,1.0,D6:penalized/ebic,False,False,0.00030758301727473736,
D6,5,penalized/ric,10,10,10,1.9101602887004485,1.9101602887004485,0.0,1.0,1.0,1.0,D6:penalized/ric,False,False,0.00025933398865163326,
D6,5,chi2_stop,10,10,10,1.9101602887004485,1.9101602887004485,0.0,1.0,1.0,1.0,D6:chi2_stop,False,False,0.0006379169644787908,
D6,5,forward_stop,10,10,10,1.9101602887004485,1.9101602887004485,0.0,1.0,1.0,1.0,D6:forward_stop,False,False,0.0005816670600324869,
D6,5,perm_gap,10,10,10,1.9101602887004485,1.9101602887004485,0.0,1.0,1.0,1.0,D6:perm_gap,False,False,0.07041895797010511,
D6,5,knockoff_path,21,10,10,1.9296915960763292,1.9101602887004485,0.012604551270116534,0.47619047619047616,1.0,0.6451612903225806,D6:knockoff_path,False,False,0.06379341706633568,
D6,5,xfit_objective,45,10,10,1.9446186170274076,1.9101602887004485,0.02223772109674656,0.2222222222222222,1.0,0.3636363636363636,D6:xfit_objective,False,False,0.045567458029836416,
D6,5,gaussian_cv,10,10,10,1.9101602887004485,1.9101602887004485,0.0,1.0,1.0,1.0,D6:gaussian_cv,False,False,0.044953875010833144,
D6,5,k_posterior,10,10,10,1.9101602887004485,1.9101602887004485,0.0,1.0,1.0,1.0,D6:k_posterior,False,False,0.000388749991543591,
D6,5,stability,10,10,10,1.9101602887004485,1.9101602887004485,0.0,1.0,1.0,1.0,D6:stability,False,False,0.1340522919781506,
D6,5,changepoint,61,10,10,1.9542933508581866,1.9101602887004485,0.02848132149931746,0.16393442622950818,1.0,0.28169014084507044,D6:changepoint,False,False,0.000795292085967958,exact_off_grid_k
D6,5,consensus,10,10,10,1.9101602887004485,1.9101602887004485,0.0,1.0,1.0,1.0,D6:consensus,False,False,0.05299745802767575,
D6,6,elbow,11,10,10,1.9790771518494743,1.978823178976739,0.00016938884988114454,0.9090909090909091,1.0,0.9523809523809523,D6:elbow,False,False,0.00011337501928210258,
D6,6,penalized/bic,12,10,10,1.979275732302993,1.978823178976739,0.0003018333675500398,0.8333333333333334,1.0,0.9090909090909091,D6:penalized/bic,False,False,0.0003570420667529106,
D6,6,evaluate/time_holdout/best,11,10,10,1.9790771518494743,1.978823178976739,0.00016938884988114454,0.9090909090909091,1.0,0.9523809523809523,D6:evaluate/time_holdout/best,False,False,0.018461083061993122,synthetic_time_holdout
D6,6,evaluate/one_se,11,10,10,1.9790771518494743,1.978823178976739,0.00016938884988114454,0.9090909090909091,1.0,0.9523809523809523,D6:evaluate/one_se,False,False,0.07857987494207919,synthetic_group_cv
D6,6,fixed_k=50,50,10,10,2.01115918021631,1.978823178976739,0.021566705139546477,0.2,1.0,0.33333333333333337,D6:fixed_k=50,False,False,2.166023477911949e-06,
D6,6,oracle,10,10,10,1.978823178976739,1.978823178976739,0.0,1.0,1.0,1.0,D6:oracle,False,False,0.0,
D6,6,penalized/ebic,10,10,10,1.978823178976739,1.978823178976739,0.0,1.0,1.0,1.0,D6:penalized/ebic,False,False,0.0003215830074623227,
D6,6,penalized/ric,10,10,10,1.978823178976739,1.978823178976739,0.0,1.0,1.0,1.0,D6:penalized/ric,False,False,0.0003125839866697788,
D6,6,chi2_stop,10,10,10,1.978823178976739,1.978823178976739,0.0,1.0,1.0,1.0,D6:chi2_stop,False,False,0.0005035840440541506,
D6,6,forward_stop,10,10,10,1.978823178976739,1.978823178976739,0.0,1.0,1.0,1.0,D6:forward_stop,False,False,0.0006287089781835675,
D6,6,perm_gap,10,10,10,1.978823178976739,1.978823178976739,0.0,1.0,1.0,1.0,D6:perm_gap,False,False,0.07528687489684671,
D6,6,knockoff_path,17,10,10,1.9893170799459605,1.978823178976739,0.006998975114147547,0.5882352941176471,1.0,0.7407407407407407,D6:knockoff_path,False,False,0.06450762506574392,
D6,6,xfit_objective,10,10,10,1.978823178976739,1.978823178976739,0.0,1.0,1.0,1.0,D6:xfit_objective,False,False,0.051368167041800916,
D6,6,gaussian_cv,10,10,10,1.978823178976739,1.978823178976739,0.0,1.0,1.0,1.0,D6:gaussian_cv,False,False,0.0559345840010792,
D6,6,k_posterior,10,10,10,1.978823178976739,1.978823178976739,0.0,1.0,1.0,1.0,D6:k_posterior,False,False,0.0003825000021606684,
D6,6,stability,10,10,10,1.978823178976739,1.978823178976739,0.0,1.0,1.0,1.0,D6:stability,False,False,0.150428207940422,
D6,6,changepoint,67,10,10,2.020442183365089,1.978823178976739,0.02775806412162737,0.14925373134328357,1.0,0.2597402597402597,D6:changepoint,False,False,0.001042374991811812,exact_off_grid_k
D6,6,consensus,10,10,10,1.978823178976739,1.978823178976739,0.0,1.0,1.0,1.0,D6:consensus,False,False,0.06855379091575742,
D6,7,elbow,11,10,10,2.2215372082932494,2.215882397575584,0.004613721883825959,0.9090909090909091,1.0,0.9523809523809523,D6:elbow,False,False,0.00010404200293123722,
D6,7,penalized/bic,11,10,10,2.2215372082932494,2.215882397575584,0.004613721883825959,0.9090909090909091,1.0,0.9523809523809523,D6:penalized/bic,False,False,0.00034370901994407177,
D6,7,evaluate/time_holdout/best,50,10,10,2.246891586258531,2.215882397575584,0.025300187675471545,0.2,1.0,0.33333333333333337,D6:evaluate/time_holdout/best,False,False,0.017955582938157022,synthetic_time_holdout
D6,7,evaluate/one_se,11,10,10,2.2215372082932494,2.215882397575584,0.004613721883825959,0.9090909090909091,1.0,0.9523809523809523,D6:evaluate/one_se,False,False,0.07586475007701665,synthetic_group_cv
D6,7,fixed_k=50,50,10,10,2.246891586258531,2.215882397575584,0.025300187675471545,0.2,1.0,0.33333333333333337,D6:fixed_k=50,False,False,2.415967173874378e-06,
D6,7,oracle,10,10,10,2.215882397575584,2.215882397575584,0.0,1.0,1.0,1.0,D6:oracle,False,False,0.0,
D6,7,penalized/ebic,10,10,10,2.215882397575584,2.215882397575584,0.0,1.0,1.0,1.0,D6:penalized/ebic,False,False,0.00032066600397229195,
D6,7,penalized/ric,10,10,10,2.215882397575584,2.215882397575584,0.0,1.0,1.0,1.0,D6:penalized/ric,False,False,0.0002473329659551382,
D6,7,chi2_stop,10,10,10,2.215882397575584,2.215882397575584,0.0,1.0,1.0,1.0,D6:chi2_stop,False,False,0.0005359579809010029,
D6,7,forward_stop,10,10,10,2.215882397575584,2.215882397575584,0.0,1.0,1.0,1.0,D6:forward_stop,False,False,0.0005083750002086163,
D6,7,perm_gap,10,10,10,2.215882397575584,2.215882397575584,0.0,1.0,1.0,1.0,D6:perm_gap,False,False,0.09521704202052206,
D6,7,knockoff_path,10,10,10,2.215882397575584,2.215882397575584,0.0,1.0,1.0,1.0,D6:knockoff_path,False,False,0.06866595894098282,
D6,7,xfit_objective,10,10,10,2.215882397575584,2.215882397575584,0.0,1.0,1.0,1.0,D6:xfit_objective,False,False,0.050817875075154006,
D6,7,gaussian_cv,10,10,10,2.215882397575584,2.215882397575584,0.0,1.0,1.0,1.0,D6:gaussian_cv,False,False,0.05109791690483689,
D6,7,k_posterior,10,10,10,2.215882397575584,2.215882397575584,0.0,1.0,1.0,1.0,D6:k_posterior,False,False,0.0003801670391112566,
D6,7,stability,10,10,10,2.215882397575584,2.215882397575584,0.0,1.0,1.0,1.0,D6:stability,False,False,0.13929870794527233,
D6,7,changepoint,67,10,10,2.2518201723464193,2.215882397575584,0.029321387787258787,0.14925373134328357,1.0,0.2597402597402597,D6:changepoint,False,False,0.0008147080661728978,exact_off_grid_k
D6,7,consensus,10,10,10,2.215882397575584,2.215882397575584,0.0,1.0,1.0,1.0,D6:consensus,False,False,0.06887362501583993,
D6,8,elbow,11,10,10,1.9102223416002382,1.908220959878012,0.0013067124486130126,0.9090909090909091,1.0,0.9523809523809523,D6:elbow,False,False,0.00010595796629786491,
D6,8,penalized/bic,11,10,10,1.9102223416002382,1.908220959878012,0.0013067124486130126,0.9090909090909091,1.0,0.9523809523809523,D6:penalized/bic,False,False,0.00033770804293453693,
D6,8,evaluate/time_holdout/best,40,10,10,1.9317869541240498,1.908220959878012,0.015386359185386786,0.25,1.0,0.4,D6:evaluate/time_holdout/best,False,False,0.017000207910314202,synthetic_time_holdout
D6,8,evaluate/one_se,11,10,10,1.9102223416002382,1.908220959878012,0.0013067124486130126,0.9090909090909091,1.0,0.9523809523809523,D6:evaluate/one_se,False,False,0.0710878330282867,synthetic_group_cv
D6,8,fixed_k=50,50,10,10,1.9408066885672473,1.908220959878012,0.021275390322834965,0.2,1.0,0.33333333333333337,D6:fixed_k=50,False,False,2.125045284628868e-06,
D6,8,oracle,10,10,10,1.908220959878012,1.908220959878012,0.0,1.0,1.0,1.0,D6:oracle,False,False,0.0,
D6,8,penalized/ebic,11,10,10,1.9102223416002382,1.908220959878012,0.0013067124486130126,0.9090909090909091,1.0,0.9523809523809523,D6:penalized/ebic,False,False,0.0003102499758824706,
D6,8,penalized/ric,10,10,10,1.908220959878012,1.908220959878012,0.0,1.0,1.0,1.0,D6:penalized/ric,False,False,0.00025116594042629004,
D6,8,chi2_stop,10,10,10,1.908220959878012,1.908220959878012,0.0,1.0,1.0,1.0,D6:chi2_stop,False,False,0.0004932500887662172,
D6,8,forward_stop,11,10,10,1.9102223416002382,1.908220959878012,0.0013067124486130126,0.9090909090909091,1.0,0.9523809523809523,D6:forward_stop,False,False,0.0005195830017328262,
D6,8,perm_gap,11,10,10,1.9102223416002382,1.908220959878012,0.0013067124486130126,0.9090909090909091,1.0,0.9523809523809523,D6:perm_gap,False,False,0.08189295895863324,
D6,8,knockoff_path,10,10,10,1.908220959878012,1.908220959878012,0.0,1.0,1.0,1.0,D6:knockoff_path,False,False,0.0651947499718517,
D6,8,xfit_objective,10,10,10,1.908220959878012,1.908220959878012,0.0,1.0,1.0,1.0,D6:xfit_objective,False,False,0.04291929199825972,
D6,8,gaussian_cv,10,10,10,1.908220959878012,1.908220959878012,0.0,1.0,1.0,1.0,D6:gaussian_cv,False,False,0.05668124998919666,
D6,8,k_posterior,11,10,10,1.9102223416002382,1.908220959878012,0.0013067124486130126,0.9090909090909091,1.0,0.9523809523809523,D6:k_posterior,False,False,0.0004047909751534462,
D6,8,stability,10,10,10,1.908220959878012,1.908220959878012,0.0,1.0,1.0,1.0,D6:stability,False,False,0.1373240000102669,
D6,8,changepoint,52,10,10,1.9410378480896688,1.908220959878012,0.02142631556723449,0.19230769230769232,1.0,0.32258064516129037,D6:changepoint,False,False,0.0008611669763922691,exact_off_grid_k
D6,8,consensus,10,10,10,1.908220959878012,1.908220959878012,0.0,1.0,1.0,1.0,D6:consensus,False,False,0.04810504196211696,
D6,9,elbow,11,10,10,2.111206478350611,2.10780907290478,0.00254601780981556,0.9090909090909091,1.0,0.9523809523809523,D6:elbow,False,False,0.00013358297292143106,
D6,9,penalized/bic,10,10,10,2.10780907290478,2.10780907290478,0.0,1.0,1.0,1.0,D6:penalized/bic,False,False,0.0003799159312620759,
D6,9,evaluate/time_holdout/best,26,10,10,2.124074914842486,2.10780907290478,0.012189632331303137,0.38461538461538464,1.0,0.5555555555555556,D6:evaluate/time_holdout/best,False,False,0.017851040931418538,synthetic_time_holdout
D6,9,evaluate/one_se,11,10,10,2.111206478350611,2.10780907290478,0.00254601780981556,0.9090909090909091,1.0,0.9523809523809523,D6:evaluate/one_se,False,False,0.07704454206395894,synthetic_group_cv
D6,9,fixed_k=50,50,10,10,2.1437600281308096,2.10780907290478,0.026941668795427018,0.2,1.0,0.33333333333333337,D6:fixed_k=50,False,False,2.540997229516506e-06,
D6,9,oracle,10,10,10,2.10780907290478,2.10780907290478,0.0,1.0,1.0,1.0,D6:oracle,False,False,0.0,
D6,9,penalized/ebic,10,10,10,2.10780907290478,2.10780907290478,0.0,1.0,1.0,1.0,D6:penalized/ebic,False,False,0.0003335829824209213,
D6,9,penalized/ric,10,10,10,2.10780907290478,2.10780907290478,0.0,1.0,1.0,1.0,D6:penalized/ric,False,False,0.00026245799381285906,
D6,9,chi2_stop,10,10,10,2.10780907290478,2.10780907290478,0.0,1.0,1.0,1.0,D6:chi2_stop,False,False,0.0005357920890673995,
D6,9,forward_stop,10,10,10,2.10780907290478,2.10780907290478,0.0,1.0,1.0,1.0,D6:forward_stop,False,False,0.000589582952670753,
D6,9,perm_gap,10,10,10,2.10780907290478,2.10780907290478,0.0,1.0,1.0,1.0,D6:perm_gap,False,False,0.0872520839329809,
D6,9,knockoff_path,15,10,10,2.1148219517052067,2.10780907290478,0.005255455849661813,0.6666666666666666,1.0,0.8,D6:knockoff_path,False,False,0.07211120799183846,
D6,9,xfit_objective,10,10,10,2.10780907290478,2.10780907290478,0.0,1.0,1.0,1.0,D6:xfit_objective,False,False,0.04677304101642221,
D6,9,gaussian_cv,10,10,10,2.10780907290478,2.10780907290478,0.0,1.0,1.0,1.0,D6:gaussian_cv,False,False,0.05318808299489319,
D6,9,k_posterior,10,10,10,2.10780907290478,2.10780907290478,0.0,1.0,1.0,1.0,D6:k_posterior,False,False,0.0004226249875500798,
D6,9,stability,10,10,10,2.10780907290478,2.10780907290478,0.0,1.0,1.0,1.0,D6:stability,False,False,0.14812408294528723,
D6,9,changepoint,63,10,10,2.1456303979281803,2.10780907290478,0.02834332511551413,0.15873015873015872,1.0,0.27397260273972607,D6:changepoint,False,False,0.0007479580817744136,exact_off_grid_k
D6,9,consensus,10,10,10,2.10780907290478,2.10780907290478,0.0,1.0,1.0,1.0,D6:consensus,False,False,0.05650387494824827,
D6,10,elbow,11,14,10,2.041457614657253,2.0410854615828997,0.00025947803966601716,0.9090909090909091,1.0,0.9523809523809523,D6:elbow,False,False,0.00012820796109735966,
D6,10,penalized/bic,10,14,10,2.041484434242656,2.0410854615828997,0.00027817758542999393,1.0,1.0,1.0,D6:penalized/bic,False,False,0.00036220799665898085,
D6,10,evaluate/time_holdout/best,60,14,10,2.0710083939482686,2.0410854615828997,0.02086330697312783,0.16666666666666666,1.0,0.2857142857142857,D6:evaluate/time_holdout/best,False,False,0.017147667007520795,synthetic_time_holdout
D6,10,evaluate/one_se,6,14,10,2.2509580555556536,2.0410854615828997,0.14633045651527674,1.0,0.6,0.7499999999999999,D6:evaluate/one_se,False,False,0.0783107919851318,synthetic_group_cv
D6,10,fixed_k=50,50,14,10,2.0673063840460264,2.0410854615828997,0.018282137184520236,0.2,1.0,0.33333333333333337,D6:fixed_k=50,False,False,2.5830231606960297e-06,
D6,10,oracle,14,14,10,2.0410854615828997,2.0410854615828997,0.0,0.7142857142857143,1.0,0.8333333333333333,D6:oracle,False,False,0.0,
D6,10,penalized/ebic,10,14,10,2.041484434242656,2.0410854615828997,0.00027817758542999393,1.0,1.0,1.0,D6:penalized/ebic,False,False,0.0003241670783609152,
D6,10,penalized/ric,10,14,10,2.041484434242656,2.0410854615828997,0.00027817758542999393,1.0,1.0,1.0,D6:penalized/ric,False,False,0.00024987501092255116,
D6,10,chi2_stop,10,14,10,2.041484434242656,2.0410854615828997,0.00027817758542999393,1.0,1.0,1.0,D6:chi2_stop,False,False,0.0004918749909847975,
D6,10,forward_stop,10,14,10,2.041484434242656,2.0410854615828997,0.00027817758542999393,1.0,1.0,1.0,D6:forward_stop,False,False,0.0014131249627098441,
D6,10,perm_gap,10,14,10,2.041484434242656,2.0410854615828997,0.00027817758542999393,1.0,1.0,1.0,D6:perm_gap,False,False,0.07952350005507469,
D6,10,knockoff_path,10,14,10,2.041484434242656,2.0410854615828997,0.00027817758542999393,1.0,1.0,1.0,D6:knockoff_path,False,False,0.07530870800837874,
D6,10,xfit_objective,10,14,10,2.041484434242656,2.0410854615828997,0.00027817758542999393,1.0,1.0,1.0,D6:xfit_objective,False,False,0.041914750006981194,
D6,10,gaussian_cv,10,14,10,2.041484434242656,2.0410854615828997,0.00027817758542999393,1.0,1.0,1.0,D6:gaussian_cv,False,False,0.051324666012078524,
D6,10,k_posterior,10,14,10,2.041484434242656,2.0410854615828997,0.00027817758542999393,1.0,1.0,1.0,D6:k_posterior,False,False,0.00041704101022332907,
D6,10,stability,10,14,10,2.041484434242656,2.0410854615828997,0.00027817758542999393,1.0,1.0,1.0,D6:stability,False,False,0.14223991695325822,
D6,10,changepoint,80,14,10,2.080027564003981,2.0410854615828997,0.027151785362129217,0.125,1.0,0.2222222222222222,D6:changepoint,False,False,0.0007694170344620943,
D6,10,consensus,10,14,10,2.041484434242656,2.0410854615828997,0.00027817758542999393,1.0,1.0,1.0,D6:consensus,False,False,0.054439625004306436,
D6,11,elbow,11,10,10,1.9415345494668075,1.939913864140056,0.0010777378764769358,0.9090909090909091,1.0,0.9523809523809523,D6:elbow,False,False,0.00010358402505517006,
D6,11,penalized/bic,11,10,10,1.9415345494668075,1.939913864140056,0.0010777378764769358,0.9090909090909091,1.0,0.9523809523809523,D6:penalized/bic,False,False,0.0003415839746594429,
D6,11,evaluate/time_holdout/best,50,10,10,1.9826558153218978,1.939913864140056,0.028422926365064508,0.2,1.0,0.33333333333333337,D6:evaluate/time_holdout/best,False,False,0.015419917064718902,synthetic_time_holdout
D6,11,evaluate/one_se,11,10,10,1.9415345494668075,1.939913864140056,0.0010777378764769358,0.9090909090909091,1.0,0.9523809523809523,D6:evaluate/one_se,False,False,0.0750399170210585,synthetic_group_cv
D6,11,fixed_k=50,50,10,10,1.9826558153218978,1.939913864140056,0.028422926365064508,0.2,1.0,0.33333333333333337,D6:fixed_k=50,False,False,2.2079329937696457e-06,
D6,11,oracle,10,10,10,1.939913864140056,1.939913864140056,0.0,1.0,1.0,1.0,D6:oracle,False,False,0.0,
D6,11,penalized/ebic,10,10,10,1.939913864140056,1.939913864140056,0.0,1.0,1.0,1.0,D6:penalized/ebic,False,False,0.0003327910089865327,
D6,11,penalized/ric,10,10,10,1.939913864140056,1.939913864140056,0.0,1.0,1.0,1.0,D6:penalized/ric,False,False,0.00025420798920094967,
D6,11,chi2_stop,10,10,10,1.939913864140056,1.939913864140056,0.0,1.0,1.0,1.0,D6:chi2_stop,False,False,0.0005026250146329403,
D6,11,forward_stop,10,10,10,1.939913864140056,1.939913864140056,0.0,1.0,1.0,1.0,D6:forward_stop,False,False,0.0005062500713393092,
D6,11,perm_gap,10,10,10,1.939913864140056,1.939913864140056,0.0,1.0,1.0,1.0,D6:perm_gap,False,False,0.08444562496151775,
D6,11,knockoff_path,21,10,10,1.9510355107295587,1.939913864140056,0.007395772381257159,0.47619047619047616,1.0,0.6451612903225806,D6:knockoff_path,False,False,0.06560029205866158,
D6,11,xfit_objective,10,10,10,1.939913864140056,1.939913864140056,0.0,1.0,1.0,1.0,D6:xfit_objective,False,False,0.04704474995378405,
D6,11,gaussian_cv,10,10,10,1.939913864140056,1.939913864140056,0.0,1.0,1.0,1.0,D6:gaussian_cv,False,False,0.05188991699833423,
D6,11,k_posterior,10,10,10,1.939913864140056,1.939913864140056,0.0,1.0,1.0,1.0,D6:k_posterior,False,False,0.00045791605953127146,
D6,11,stability,10,10,10,1.939913864140056,1.939913864140056,0.0,1.0,1.0,1.0,D6:stability,False,False,0.1394524578936398,
D6,11,changepoint,72,10,10,1.9904106378544946,1.939913864140056,0.03357979786305497,0.1388888888888889,1.0,0.24390243902439027,D6:changepoint,False,False,0.0007383748888969421,exact_off_grid_k
D6,11,consensus,10,10,10,1.939913864140056,1.939913864140056,0.0,1.0,1.0,1.0,D6:consensus,False,False,0.052591416984796524,
D6,12,elbow,11,10,10,2.023503185188423,2.0112858306580272,0.00837943576201946,0.9090909090909091,1.0,0.9523809523809523,D6:elbow,False,False,0.00011074997019022703,
D6,12,penalized/bic,11,10,10,2.023503185188423,2.0112858306580272,0.00837943576201946,0.9090909090909091,1.0,0.9523809523809523,D6:penalized/bic,False,False,0.00035787501838058233,
D6,12,evaluate/time_holdout/best,26,10,10,2.0353167925984845,2.0112858306580272,0.01648195616969396,0.38461538461538464,1.0,0.5555555555555556,D6:evaluate/time_holdout/best,False,False,0.018393457983620465,synthetic_time_holdout
D6,12,evaluate/one_se,11,10,10,2.023503185188423,2.0112858306580272,0.00837943576201946,0.9090909090909091,1.0,0.9523809523809523,D6:evaluate/one_se,False,False,0.0783901670947671,synthetic_group_cv
D6,12,fixed_k=50,50,10,10,2.0548737136061654,2.0112858306580272,0.02989533161681225,0.2,1.0,0.33333333333333337,D6:fixed_k=50,False,False,2.249958924949169e-06,
D6,12,oracle,10,10,10,2.0112858306580272,2.0112858306580272,0.0,1.0,1.0,1.0,D6:oracle,False,False,0.0,
D6,12,penalized/ebic,11,10,10,2.023503185188423,2.0112858306580272,0.00837943576201946,0.9090909090909091,1.0,0.9523809523809523,D6:penalized/ebic,False,False,0.00030929199419915676,
D6,12,penalized/ric,11,10,10,2.023503185188423,2.0112858306580272,0.00837943576201946,0.9090909090909091,1.0,0.9523809523809523,D6:penalized/ric,False,False,0.00025145895779132843,
D6,12,chi2_stop,11,10,10,2.023503185188423,2.0112858306580272,0.00837943576201946,0.9090909090909091,1.0,0.9523809523809523,D6:chi2_stop,False,False,0.00048741698265075684,
D6,12,forward_stop,11,10,10,2.023503185188423,2.0112858306580272,0.00837943576201946,0.9090909090909091,1.0,0.9523809523809523,D6:forward_stop,False,False,0.0005210419185459614,
D6,12,perm_gap,11,10,10,2.023503185188423,2.0112858306580272,0.00837943576201946,0.9090909090909091,1.0,0.9523809523809523,D6:perm_gap,False,False,0.08248241699766368,
D6,12,knockoff_path,15,10,10,2.029081068374874,2.0112858306580272,0.012205101435601133,0.6666666666666666,1.0,0.8,D6:knockoff_path,False,False,0.07217341708019376,
D6,12,xfit_objective,10,10,10,2.0112858306580272,2.0112858306580272,0.0,1.0,1.0,1.0,D6:xfit_objective,False,False,0.05646895803511143,
D6,12,gaussian_cv,10,10,10,2.0112858306580272,2.0112858306580272,0.0,1.0,1.0,1.0,D6:gaussian_cv,False,False,0.052408042014576495,
D6,12,k_posterior,11,10,10,2.023503185188423,2.0112858306580272,0.00837943576201946,0.9090909090909091,1.0,0.9523809523809523,D6:k_posterior,False,False,0.000421667005866766,
D6,12,stability,10,10,10,2.0112858306580272,2.0112858306580272,0.0,1.0,1.0,1.0,D6:stability,False,False,0.13965733291115612,
D6,12,changepoint,74,10,10,2.071723332447512,2.0112858306580272,0.041451867718331356,0.13513513513513514,1.0,0.2380952380952381,D6:changepoint,False,False,0.0007704999297857285,exact_off_grid_k
D6,12,consensus,11,10,10,2.023503185188423,2.0112858306580272,0.00837943576201946,0.9090909090909091,1.0,0.9523809523809523,D6:consensus,False,False,0.04963766608852893,
D6,13,elbow,11,10,10,1.993275486341978,1.9928813482068626,0.0002707030843605135,0.9090909090909091,1.0,0.9523809523809523,D6:elbow,False,False,0.0001194169744849205,
D6,13,penalized/bic,12,10,10,1.9953080002017916,1.9928813482068626,0.0016666800828714842,0.8333333333333334,1.0,0.9090909090909091,D6:penalized/bic,False,False,0.0003590409178286791,
D6,13,evaluate/time_holdout/best,21,10,10,2.0111622286429647,1.9928813482068626,0.01255572673126462,0.47619047619047616,1.0,0.6451612903225806,D6:evaluate/time_holdout/best,False,False,0.01726995804347098,synthetic_time_holdout
D6,13,evaluate/one_se,11,10,10,1.993275486341978,1.9928813482068626,0.0002707030843605135,0.9090909090909091,1.0,0.9523809523809523,D6:evaluate/one_se,False,False,0.07436404202599078,synthetic_group_cv
D6,13,fixed_k=50,50,10,10,2.044777209725952,1.9928813482068626,0.035643264447506665,0.2,1.0,0.33333333333333337,D6:fixed_k=50,False,False,2.0420411601662636e-06,
D6,13,oracle,10,10,10,1.9928813482068626,1.9928813482068626,0.0,1.0,1.0,1.0,D6:oracle,False,False,0.0,
D6,13,penalized/ebic,11,10,10,1.993275486341978,1.9928813482068626,0.0002707030843605135,0.9090909090909091,1.0,0.9523809523809523,D6:penalized/ebic,False,False,0.00031583395320922136,
D6,13,penalized/ric,10,10,10,1.9928813482068626,1.9928813482068626,0.0,1.0,1.0,1.0,D6:penalized/ric,False,False,0.0002533330116420984,
D6,13,chi2_stop,10,10,10,1.9928813482068626,1.9928813482068626,0.0,1.0,1.0,1.0,D6:chi2_stop,False,False,0.0004974158946424723,
D6,13,forward_stop,11,10,10,1.993275486341978,1.9928813482068626,0.0002707030843605135,0.9090909090909091,1.0,0.9523809523809523,D6:forward_stop,False,False,0.0005021250108256936,
D6,13,perm_gap,10,10,10,1.9928813482068626,1.9928813482068626,0.0,1.0,1.0,1.0,D6:perm_gap,False,False,0.08151916705537587,
D6,13,knockoff_path,17,10,10,2.0066417132524794,1.9928813482068626,0.00945093338579099,0.5882352941176471,1.0,0.7407407407407407,D6:knockoff_path,False,False,0.07140712498221546,
D6,13,xfit_objective,10,10,10,1.9928813482068626,1.9928813482068626,0.0,1.0,1.0,1.0,D6:xfit_objective,False,False,0.04534733295440674,
D6,13,gaussian_cv,10,10,10,1.9928813482068626,1.9928813482068626,0.0,1.0,1.0,1.0,D6:gaussian_cv,False,False,0.059837874956429005,
D6,13,k_posterior,11,10,10,1.993275486341978,1.9928813482068626,0.0002707030843605135,0.9090909090909091,1.0,0.9523809523809523,D6:k_posterior,False,False,0.000389041961170733,
D6,13,stability,10,10,10,1.9928813482068626,1.9928813482068626,0.0,1.0,1.0,1.0,D6:stability,False,False,0.13844695803709328,
D6,13,changepoint,80,10,10,2.058053883214724,1.9928813482068626,0.04476198741098296,0.125,1.0,0.2222222222222222,D6:changepoint,False,False,0.0007864590734243393,
D6,13,consensus,10,10,10,1.9928813482068626,1.9928813482068626,0.0,1.0,1.0,1.0,D6:consensus,False,False,0.056915582972578704,
D6,14,elbow,11,10,10,1.9781600983952936,1.9774776529139009,0.00045507446219405525,0.9090909090909091,1.0,0.9523809523809523,D6:elbow,False,False,0.00013145897537469864,
D6,14,penalized/bic,12,10,10,1.9781366674702539,1.9774776529139009,0.0004394500410470115,0.8333333333333334,1.0,0.9090909090909091,D6:penalized/bic,False,False,0.00034374999813735485,
D6,14,evaluate/time_holdout/best,26,10,10,1.9909040015094441,1.9774776529139009,0.008953079085346849,0.38461538461538464,1.0,0.5555555555555556,D6:evaluate/time_holdout/best,False,False,0.016516333096660674,synthetic_time_holdout
D6,14,evaluate/one_se,11,10,10,1.9781600983952936,1.9774776529139009,0.00045507446219405525,0.9090909090909091,1.0,0.9523809523809523,D6:evaluate/one_se,False,False,0.075146000017412,synthetic_group_cv
D6,14,fixed_k=50,50,10,10,2.0050374664725954,1.9774776529139009,0.018377683896149622,0.2,1.0,0.33333333333333337,D6:fixed_k=50,False,False,2.374988980591297e-06,
D6,14,oracle,10,10,10,1.9774776529139009,1.9774776529139009,0.0,1.0,1.0,1.0,D6:oracle,False,False,0.0,
D6,14,penalized/ebic,10,10,10,1.9774776529139009,1.9774776529139009,0.0,1.0,1.0,1.0,D6:penalized/ebic,False,False,0.00031875004060566425,
D6,14,penalized/ric,10,10,10,1.9774776529139009,1.9774776529139009,0.0,1.0,1.0,1.0,D6:penalized/ric,False,False,0.0002524169394746423,
D6,14,chi2_stop,10,10,10,1.9774776529139009,1.9774776529139009,0.0,1.0,1.0,1.0,D6:chi2_stop,False,False,0.0005048749735578895,
D6,14,forward_stop,10,10,10,1.9774776529139009,1.9774776529139009,0.0,1.0,1.0,1.0,D6:forward_stop,False,False,0.0005379579961299896,
D6,14,perm_gap,10,10,10,1.9774776529139009,1.9774776529139009,0.0,1.0,1.0,1.0,D6:perm_gap,False,False,0.07853195792995393,
D6,14,knockoff_path,17,10,10,1.9836618839753772,1.9774776529139009,0.004123824834537306,0.5882352941176471,1.0,0.7407407407407407,D6:knockoff_path,False,False,0.06601737497840077,
D6,14,xfit_objective,10,10,10,1.9774776529139009,1.9774776529139009,0.0,1.0,1.0,1.0,D6:xfit_objective,False,False,0.05277879198547453,
D6,14,gaussian_cv,10,10,10,1.9774776529139009,1.9774776529139009,0.0,1.0,1.0,1.0,D6:gaussian_cv,False,False,0.049497292027808726,
D6,14,k_posterior,10,10,10,1.9774776529139009,1.9774776529139009,0.0,1.0,1.0,1.0,D6:k_posterior,False,False,0.0004077919293195009,
D6,14,stability,10,10,10,1.9774776529139009,1.9774776529139009,0.0,1.0,1.0,1.0,D6:stability,False,False,0.13563845807220787,
D6,14,changepoint,68,10,10,2.01231199920357,1.9774776529139009,0.02322855354145136,0.14705882352941177,1.0,0.25641025641025644,D6:changepoint,False,False,0.000778582994826138,exact_off_grid_k
D6,14,consensus,10,10,10,1.9774776529139009,1.9774776529139009,0.0,1.0,1.0,1.0,D6:consensus,False,False,0.06157616700511426,
D6,15,elbow,11,10,10,2.007645348315637,2.0049168047200316,0.0018683255448645947,0.9090909090909091,1.0,0.9523809523809523,D6:elbow,False,False,0.00011074997019022703,
D6,15,penalized/bic,11,10,10,2.007645348315637,2.0049168047200316,0.0018683255448645947,0.9090909090909091,1.0,0.9523809523809523,D6:penalized/bic,False,False,0.00035920797381550074,
D6,15,evaluate/time_holdout/best,40,10,10,2.035962036967893,2.0049168047200316,0.02125771438959422,0.25,1.0,0.4,D6:evaluate/time_holdout/best,False,False,0.016904416028410196,synthetic_time_holdout
D6,15,evaluate/one_se,11,10,10,2.007645348315637,2.0049168047200316,0.0018683255448645947,0.9090909090909091,1.0,0.9523809523809523,D6:evaluate/one_se,False,False,0.07384079101029783,synthetic_group_cv
D6,15,fixed_k=50,50,10,10,2.042395962259535,2.0049168047200316,0.025663239372037926,0.2,1.0,0.33333333333333337,D6:fixed_k=50,False,False,2.5830231606960297e-06,
D6,15,oracle,10,10,10,2.0049168047200316,2.0049168047200316,0.0,1.0,1.0,1.0,D6:oracle,False,False,0.0,
D6,15,penalized/ebic,10,10,10,2.0049168047200316,2.0049168047200316,0.0,1.0,1.0,1.0,D6:penalized/ebic,False,False,0.00032600003760308027,
D6,15,penalized/ric,10,10,10,2.0049168047200316,2.0049168047200316,0.0,1.0,1.0,1.0,D6:penalized/ric,False,False,0.00026999996043741703,
D6,15,chi2_stop,10,10,10,2.0049168047200316,2.0049168047200316,0.0,1.0,1.0,1.0,D6:chi2_stop,False,False,0.000526708085089922,
D6,15,forward_stop,10,10,10,2.0049168047200316,2.0049168047200316,0.0,1.0,1.0,1.0,D6:forward_stop,False,False,0.0005186670459806919,
D6,15,perm_gap,10,10,10,2.0049168047200316,2.0049168047200316,0.0,1.0,1.0,1.0,D6:perm_gap,False,False,0.07599608297459781,
D6,15,knockoff_path,13,10,10,2.0097962101677957,2.0049168047200316,0.0033410929759349946,0.7692307692307693,1.0,0.8695652173913044,D6:knockoff_path,False,False,0.0692455000244081,
D6,15,xfit_objective,10,10,10,2.0049168047200316,2.0049168047200316,0.0,1.0,1.0,1.0,D6:xfit_objective,False,False,0.04651395801920444,
D6,15,gaussian_cv,10,10,10,2.0049168047200316,2.0049168047200316,0.0,1.0,1.0,1.0,D6:gaussian_cv,False,False,0.04645999998319894,
D6,15,k_posterior,10,10,10,2.0049168047200316,2.0049168047200316,0.0,1.0,1.0,1.0,D6:k_posterior,False,False,0.0003980830078944564,
D6,15,stability,10,10,10,2.0049168047200316,2.0049168047200316,0.0,1.0,1.0,1.0,D6:stability,False,False,0.13995216705370694,
D6,15,changepoint,78,10,10,2.05299770999656,2.0049168047200316,0.032922612522313904,0.1282051282051282,1.0,0.22727272727272727,D6:changepoint,False,False,0.0007796249119564891,exact_off_grid_k
D6,15,consensus,10,10,10,2.0049168047200316,2.0049168047200316,0.0,1.0,1.0,1.0,D6:consensus,False,False,0.051460333983413875,
D6,16,elbow,11,10,10,2.295299598075354,2.29442258513228,0.0007408960516501692,0.9090909090909091,1.0,0.9523809523809523,D6:elbow,False,False,0.00011195894330739975,
D6,16,penalized/bic,13,10,10,2.2963179013922783,2.29442258513228,0.0016011534889541453,0.7692307692307693,1.0,0.8695652173913044,D6:penalized/bic,False,False,0.0003440419677644968,
D6,16,evaluate/time_holdout/best,16,10,10,2.2991052931146965,2.29442258513228,0.003955927768912845,0.625,1.0,0.7692307692307693,D6:evaluate/time_holdout/best,False,False,0.021114167058840394,synthetic_time_holdout
D6,16,evaluate/one_se,6,10,10,2.5519109332433554,2.29442258513228,0.21752484038913789,1.0,0.6,0.7499999999999999,D6:evaluate/one_se,False,False,0.07683000003453344,synthetic_group_cv
D6,16,fixed_k=50,50,10,10,2.311603792390989,2.29442258513228,0.01451459607419284,0.2,1.0,0.33333333333333337,D6:fixed_k=50,False,False,2.2919848561286926e-06,
D6,16,oracle,10,10,10,2.29442258513228,2.29442258513228,0.0,1.0,1.0,1.0,D6:oracle,False,False,0.0,
D6,16,penalized/ebic,11,10,10,2.295299598075354,2.29442258513228,0.0007408960516501692,0.9090909090909091,1.0,0.9523809523809523,D6:penalized/ebic,False,False,0.0003084579948335886,
D6,16,penalized/ric,10,10,10,2.29442258513228,2.29442258513228,0.0,1.0,1.0,1.0,D6:penalized/ric,False,False,0.0002680000616237521,
D6,16,chi2_stop,10,10,10,2.29442258513228,2.29442258513228,0.0,1.0,1.0,1.0,D6:chi2_stop,False,False,0.0005125000607222319,
D6,16,forward_stop,11,10,10,2.295299598075354,2.29442258513228,0.0007408960516501692,0.9090909090909091,1.0,0.9523809523809523,D6:forward_stop,False,False,0.0005109159974381328,
D6,16,perm_gap,10,10,10,2.29442258513228,2.29442258513228,0.0,1.0,1.0,1.0,D6:perm_gap,False,False,0.07566354109439999,
D6,16,knockoff_path,14,10,10,2.298759278432538,2.29442258513228,0.003663616334003295,0.7142857142857143,1.0,0.8333333333333333,D6:knockoff_path,False,False,0.066240124986507,
D6,16,xfit_objective,10,10,10,2.29442258513228,2.29442258513228,0.0,1.0,1.0,1.0,D6:xfit_objective,False,False,0.04684112500399351,
D6,16,gaussian_cv,10,10,10,2.29442258513228,2.29442258513228,0.0,1.0,1.0,1.0,D6:gaussian_cv,False,False,0.04999145807232708,
D6,16,k_posterior,11,10,10,2.295299598075354,2.29442258513228,0.0007408960516501692,0.9090909090909091,1.0,0.9523809523809523,D6:k_posterior,False,False,0.0004153749905526638,
D6,16,stability,10,10,10,2.29442258513228,2.29442258513228,0.0,1.0,1.0,1.0,D6:stability,False,False,0.13713770802132785,
D6,16,changepoint,77,10,10,2.318832292009686,2.29442258513228,0.020621195605181077,0.12987012987012986,1.0,0.22988505747126434,D6:changepoint,False,False,0.0007623329292982817,exact_off_grid_k
D6,16,consensus,10,10,10,2.29442258513228,2.29442258513228,0.0,1.0,1.0,1.0,D6:consensus,False,False,0.04742191708646715,
D6,17,elbow,11,10,10,1.9032907514873432,1.9024746088286875,0.0005237307901548092,0.9090909090909091,1.0,0.9523809523809523,D6:elbow,False,False,0.00010995904449373484,
D6,17,penalized/bic,11,10,10,1.9032907514873432,1.9024746088286875,0.0005237307901548092,0.9090909090909091,1.0,0.9523809523809523,D6:penalized/bic,False,False,0.00033958302810788155,
D6,17,evaluate/time_holdout/best,11,10,10,1.9032907514873432,1.9024746088286875,0.0005237307901548092,0.9090909090909091,1.0,0.9523809523809523,D6:evaluate/time_holdout/best,False,False,0.016149999923072755,synthetic_time_holdout
D6,17,evaluate/one_se,11,10,10,1.9032907514873432,1.9024746088286875,0.0005237307901548092,0.9090909090909091,1.0,0.9523809523809523,D6:evaluate/one_se,False,False,0.07664162502624094,synthetic_group_cv
D6,17,fixed_k=50,50,10,10,1.9314454835444737,1.9024746088286875,0.01859103790918921,0.2,1.0,0.33333333333333337,D6:fixed_k=50,False,False,1.959037035703659e-06,
D6,17,oracle,10,10,10,1.9024746088286875,1.9024746088286875,0.0,1.0,1.0,1.0,D6:oracle,False,False,0.0,
D6,17,penalized/ebic,10,10,10,1.9024746088286875,1.9024746088286875,0.0,1.0,1.0,1.0,D6:penalized/ebic,False,False,0.0003201250219717622,
D6,17,penalized/ric,10,10,10,1.9024746088286875,1.9024746088286875,0.0,1.0,1.0,1.0,D6:penalized/ric,False,False,0.0002511671045795083,
D6,17,chi2_stop,10,10,10,1.9024746088286875,1.9024746088286875,0.0,1.0,1.0,1.0,D6:chi2_stop,False,False,0.0004981249803677201,
D6,17,forward_stop,10,10,10,1.9024746088286875,1.9024746088286875,0.0,1.0,1.0,1.0,D6:forward_stop,False,False,0.0005152500234544277,
D6,17,perm_gap,10,10,10,1.9024746088286875,1.9024746088286875,0.0,1.0,1.0,1.0,D6:perm_gap,False,False,0.08463504200335592,
D6,17,knockoff_path,10,10,10,1.9024746088286875,1.9024746088286875,0.0,1.0,1.0,1.0,D6:knockoff_path,False,False,0.07702583307400346,
D6,17,xfit_objective,10,10,10,1.9024746088286875,1.9024746088286875,0.0,1.0,1.0,1.0,D6:xfit_objective,False,False,0.043209665920585394,
D6,17,gaussian_cv,10,10,10,1.9024746088286875,1.9024746088286875,0.0,1.0,1.0,1.0,D6:gaussian_cv,False,False,0.051710834028199315,
D6,17,k_posterior,10,10,10,1.9024746088286875,1.9024746088286875,0.0,1.0,1.0,1.0,D6:k_posterior,False,False,0.00040024996269494295,
D6,17,stability,10,10,10,1.9024746088286875,1.9024746088286875,0.0,1.0,1.0,1.0,D6:stability,False,False,0.149305708007887,
D6,17,changepoint,56,10,10,1.9323574142344297,1.9024746088286875,0.019176237292840848,0.17857142857142858,1.0,0.30303030303030304,D6:changepoint,False,False,0.0007544170366600156,exact_off_grid_k
D6,17,consensus,10,10,10,1.9024746088286875,1.9024746088286875,0.0,1.0,1.0,1.0,D6:consensus,False,False,0.061009124969132245,
D6,18,elbow,11,10,10,1.9890713456178943,1.9880757143219225,0.0006822312465459178,0.9090909090909091,1.0,0.9523809523809523,D6:elbow,False,False,0.00013170891907066107,
D6,18,penalized/bic,11,10,10,1.9890713456178943,1.9880757143219225,0.0006822312465459178,0.9090909090909091,1.0,0.9523809523809523,D6:penalized/bic,False,False,0.0003512910334393382,
D6,18,evaluate/time_holdout/best,26,10,10,2.011312325520044,1.9880757143219225,0.015922302048293858,0.38461538461538464,1.0,0.5555555555555556,D6:evaluate/time_holdout/best,False,False,0.016379832988604903,synthetic_time_holdout
D6,18,evaluate/one_se,11,10,10,1.9890713456178943,1.9880757143219225,0.0006822312465459178,0.9090909090909091,1.0,0.9523809523809523,D6:evaluate/one_se,False,False,0.07808641693554819,synthetic_group_cv
D6,18,fixed_k=50,50,10,10,2.024203273685067,1.9880757143219225,0.024755499308528998,0.2,1.0,0.33333333333333337,D6:fixed_k=50,False,False,2.125045284628868e-06,
D6,18,oracle,10,10,10,1.9880757143219225,1.9880757143219225,0.0,1.0,1.0,1.0,D6:oracle,False,False,0.0,
D6,18,penalized/ebic,10,10,10,1.9880757143219225,1.9880757143219225,0.0,1.0,1.0,1.0,D6:penalized/ebic,False,False,0.00030912505462765694,
D6,18,penalized/ric,10,10,10,1.9880757143219225,1.9880757143219225,0.0,1.0,1.0,1.0,D6:penalized/ric,False,False,0.0002475839573889971,
D6,18,chi2_stop,10,10,10,1.9880757143219225,1.9880757143219225,0.0,1.0,1.0,1.0,D6:chi2_stop,False,False,0.00048562500160187483,
D6,18,forward_stop,10,10,10,1.9880757143219225,1.9880757143219225,0.0,1.0,1.0,1.0,D6:forward_stop,False,False,0.0004945830442011356,
D6,18,perm_gap,10,10,10,1.9880757143219225,1.9880757143219225,0.0,1.0,1.0,1.0,D6:perm_gap,False,False,0.07845829194411635,
D6,18,knockoff_path,11,10,10,1.9890713456178943,1.9880757143219225,0.0006822312465459178,0.9090909090909091,1.0,0.9523809523809523,D6:knockoff_path,False,False,0.06962404202204198,
D6,18,xfit_objective,10,10,10,1.9880757143219225,1.9880757143219225,0.0,1.0,1.0,1.0,D6:xfit_objective,False,False,0.047564332955516875,
D6,18,gaussian_cv,10,10,10,1.9880757143219225,1.9880757143219225,0.0,1.0,1.0,1.0,D6:gaussian_cv,False,False,0.04765104199759662,
D6,18,k_posterior,10,10,10,1.9880757143219225,1.9880757143219225,0.0,1.0,1.0,1.0,D6:k_posterior,False,False,0.0004410829860717058,
D6,18,stability,10,10,10,1.9880757143219225,1.9880757143219225,0.0,1.0,1.0,1.0,D6:stability,False,False,0.14566666702739894,
D6,18,changepoint,79,10,10,2.0366897835756426,1.9880757143219225,0.03331156543674416,0.12658227848101267,1.0,0.22471910112359553,D6:changepoint,False,False,0.0007425409276038408,exact_off_grid_k
D6,18,consensus,10,10,10,1.9880757143219225,1.9880757143219225,0.0,1.0,1.0,1.0,D6:consensus,False,False,0.04946170898620039,
D6,19,elbow,11,10,10,1.9720154395318914,1.969178634899902,0.001903516205916002,0.9090909090909091,1.0,0.9523809523809523,D6:elbow,False,False,0.00013983307871967554,
D6,19,penalized/bic,12,10,10,1.9721942959356922,1.969178634899902,0.0020235301326163003,0.8333333333333334,1.0,0.9090909090909091,D6:penalized/bic,False,False,0.0004015839658677578,
D6,19,evaluate/time_holdout/best,40,10,10,1.990200093969072,1.969178634899902,0.014105549447761755,0.25,1.0,0.4,D6:evaluate/time_holdout/best,False,False,0.016680459026247263,synthetic_time_holdout
D6,19,evaluate/one_se,11,10,10,1.9720154395318914,1.969178634899902,0.001903516205916002,0.9090909090909091,1.0,0.9523809523809523,D6:evaluate/one_se,False,False,0.07766654202714562,synthetic_group_cv
D6,19,fixed_k=50,50,10,10,1.9986843781551096,1.969178634899902,0.01979856484318363,0.2,1.0,0.33333333333333337,D6:fixed_k=50,False,False,1.7909333109855652e-06,
D6,19,oracle,10,10,10,1.969178634899902,1.969178634899902,0.0,1.0,1.0,1.0,D6:oracle,False,False,0.0,
D6,19,penalized/ebic,12,10,10,1.9721942959356922,1.969178634899902,0.0020235301326163003,0.8333333333333334,1.0,0.9090909090909091,D6:penalized/ebic,False,False,0.00031287502497434616,
D6,19,penalized/ric,12,10,10,1.9721942959356922,1.969178634899902,0.0020235301326163003,0.8333333333333334,1.0,0.9090909090909091,D6:penalized/ric,False,False,0.0003066249191761017,
D6,19,chi2_stop,10,10,10,1.969178634899902,1.969178634899902,0.0,1.0,1.0,1.0,D6:chi2_stop,False,False,0.000558124971576035,
D6,19,forward_stop,12,10,10,1.9721942959356922,1.969178634899902,0.0020235301326163003,0.8333333333333334,1.0,0.9090909090909091,D6:forward_stop,False,False,0.0007074999157339334,
D6,19,perm_gap,11,10,10,1.9720154395318914,1.969178634899902,0.001903516205916002,0.9090909090909091,1.0,0.9523809523809523,D6:perm_gap,False,False,0.07546791702043265,
D6,19,knockoff_path,12,10,10,1.9721942959356922,1.969178634899902,0.0020235301326163003,0.8333333333333334,1.0,0.9090909090909091,D6:knockoff_path,False,False,0.06630983401555568,
D6,19,xfit_objective,10,10,10,1.969178634899902,1.969178634899902,0.0,1.0,1.0,1.0,D6:xfit_objective,False,False,0.05119854200165719,
D6,19,gaussian_cv,10,10,10,1.969178634899902,1.969178634899902,0.0,1.0,1.0,1.0,D6:gaussian_cv,False,False,0.04643066704738885,
D6,19,k_posterior,12,10,10,1.9721942959356922,1.969178634899902,0.0020235301326163003,0.8333333333333334,1.0,0.9090909090909091,D6:k_posterior,False,False,0.0004069169517606497,
D6,19,stability,10,10,10,1.969178634899902,1.969178634899902,0.0,1.0,1.0,1.0,D6:stability,False,False,0.13920733297709376,
D6,19,changepoint,72,10,10,2.0079356001290485,1.969178634899902,0.026006200981866172,0.1388888888888889,1.0,0.24390243902439027,D6:changepoint,False,False,0.0007957499474287033,exact_off_grid_k
D6,19,consensus,10,10,10,1.969178634899902,1.969178634899902,0.0,1.0,1.0,1.0,D6:consensus,False,False,0.05938220804091543,
D6,20,elbow,11,10,10,1.9457636560971876,1.9452924259270086,0.00030891097777643547,0.9090909090909091,1.0,0.9523809523809523,D6:elbow,False,False,0.00011241703759878874,
D6,20,penalized/bic,10,10,10,1.9452924259270086,1.9452924259270086,0.0,1.0,1.0,1.0,D6:penalized/bic,False,False,0.00035504193510860205,
D6,20,evaluate/time_holdout/best,16,10,10,1.9498376093724128,1.9452924259270086,0.0029795568092757423,0.625,1.0,0.7692307692307693,D6:evaluate/time_holdout/best,False,False,0.015811334014870226,synthetic_time_holdout
D6,20,evaluate/one_se,11,10,10,1.9457636560971876,1.9452924259270086,0.00030891097777643547,0.9090909090909091,1.0,0.9523809523809523,D6:evaluate/one_se,False,False,0.0738202080829069,synthetic_group_cv
D6,20,fixed_k=50,50,10,10,1.9713407103483322,1.9452924259270086,0.017075733938964,0.2,1.0,0.33333333333333337,D6:fixed_k=50,False,False,2.374988980591297e-06,
D6,20,oracle,10,10,10,1.9452924259270086,1.9452924259270086,0.0,1.0,1.0,1.0,D6:oracle,False,False,0.0,
D6,20,penalized/ebic,10,10,10,1.9452924259270086,1.9452924259270086,0.0,1.0,1.0,1.0,D6:penalized/ebic,False,False,0.00031700008548796177,
D6,20,penalized/ric,10,10,10,1.9452924259270086,1.9452924259270086,0.0,1.0,1.0,1.0,D6:penalized/ric,False,False,0.00024979200679808855,
D6,20,chi2_stop,10,10,10,1.9452924259270086,1.9452924259270086,0.0,1.0,1.0,1.0,D6:chi2_stop,False,False,0.0005179580766707659,
D6,20,forward_stop,10,10,10,1.9452924259270086,1.9452924259270086,0.0,1.0,1.0,1.0,D6:forward_stop,False,False,0.0005159170832484961,
D6,20,perm_gap,10,10,10,1.9452924259270086,1.9452924259270086,0.0,1.0,1.0,1.0,D6:perm_gap,False,False,0.09576191694941372,
D6,20,knockoff_path,10,10,10,1.9452924259270086,1.9452924259270086,0.0,1.0,1.0,1.0,D6:knockoff_path,False,False,0.06663162494078279,
D6,20,xfit_objective,10,10,10,1.9452924259270086,1.9452924259270086,0.0,1.0,1.0,1.0,D6:xfit_objective,False,False,0.04548937501385808,
D6,20,gaussian_cv,10,10,10,1.9452924259270086,1.9452924259270086,0.0,1.0,1.0,1.0,D6:gaussian_cv,False,False,0.0496747080469504,
D6,20,k_posterior,10,10,10,1.9452924259270086,1.9452924259270086,0.0,1.0,1.0,1.0,D6:k_posterior,False,False,0.0004289160715416074,
D6,20,stability,10,10,10,1.9452924259270086,1.9452924259270086,0.0,1.0,1.0,1.0,D6:stability,False,False,0.13257466605864465,
D6,20,changepoint,73,10,10,1.9855803198215791,1.9452924259270086,0.026410390257476313,0.136986301369863,1.0,0.24096385542168672,D6:changepoint,False,False,0.0008765829261392355,exact_off_grid_k
D6,20,consensus,10,10,10,1.9452924259270086,1.9452924259270086,0.0,1.0,1.0,1.0,D6:consensus,False,False,0.05337445891927928,
D6,21,elbow,11,10,10,1.9777573317871162,1.9734613545038715,0.002823266129030654,0.9090909090909091,1.0,0.9523809523809523,D6:elbow,False,False,0.0001057919580489397,
D6,21,penalized/bic,12,10,10,1.980114287295533,1.9734613545038715,0.00437222977939698,0.8333333333333334,1.0,0.9090909090909091,D6:penalized/bic,False,False,0.0003433750243857503,
D6,21,evaluate/time_holdout/best,40,10,10,2.0081277874427093,1.9734613545038715,0.02278237510991003,0.25,1.0,0.4,D6:evaluate/time_holdout/best,False,False,0.01704895799048245,synthetic_time_holdout
D6,21,evaluate/one_se,11,10,10,1.9777573317871162,1.9734613545038715,0.002823266129030654,0.9090909090909091,1.0,0.9523809523809523,D6:evaluate/one_se,False,False,0.07786483399104327,synthetic_group_cv
D6,21,fixed_k=50,50,10,10,2.0122138550941524,1.9734613545038715,0.025467691078930748,0.2,1.0,0.33333333333333337,D6:fixed_k=50,False,False,2.0419247448444366e-06,
D6,21,oracle,10,10,10,1.9734613545038715,1.9734613545038715,0.0,1.0,1.0,1.0,D6:oracle,False,False,0.0,
D6,21,penalized/ebic,11,10,10,1.9777573317871162,1.9734613545038715,0.002823266129030654,0.9090909090909091,1.0,0.9523809523809523,D6:penalized/ebic,False,False,0.0003107920056208968,
D6,21,penalized/ric,11,10,10,1.9777573317871162,1.9734613545038715,0.002823266129030654,0.9090909090909091,1.0,0.9523809523809523,D6:penalized/ric,False,False,0.0002472919877618551,
D6,21,chi2_stop,11,10,10,1.9777573317871162,1.9734613545038715,0.002823266129030654,0.9090909090909091,1.0,0.9523809523809523,D6:chi2_stop,False,False,0.0005194999976083636,
D6,21,forward_stop,11,10,10,1.9777573317871162,1.9734613545038715,0.002823266129030654,0.9090909090909091,1.0,0.9523809523809523,D6:forward_stop,False,False,0.0005539169069379568,
D6,21,perm_gap,12,10,10,1.980114287295533,1.9734613545038715,0.00437222977939698,0.8333333333333334,1.0,0.9090909090909091,D6:perm_gap,False,False,0.07041241705883294,
D6,21,knockoff_path,13,10,10,1.9838111859389793,1.9734613545038715,0.006801788418640513,0.7692307692307693,1.0,0.8695652173913044,D6:knockoff_path,False,False,0.07077704195398837,
D6,21,xfit_objective,10,10,10,1.9734613545038715,1.9734613545038715,0.0,1.0,1.0,1.0,D6:xfit_objective,False,False,0.047226957976818085,
D6,21,gaussian_cv,10,10,10,1.9734613545038715,1.9734613545038715,0.0,1.0,1.0,1.0,D6:gaussian_cv,False,False,0.049273291951976717,
D6,21,k_posterior,11,10,10,1.9777573317871162,1.9734613545038715,0.002823266129030654,0.9090909090909091,1.0,0.9523809523809523,D6:k_posterior,False,False,0.00039141601882874966,
D6,21,stability,10,10,10,1.9734613545038715,1.9734613545038715,0.0,1.0,1.0,1.0,D6:stability,False,False,0.14276470802724361,
D6,21,changepoint,73,10,10,2.02238690293801,1.9734613545038715,0.032153299384773334,0.136986301369863,1.0,0.24096385542168672,D6:changepoint,False,False,0.0007919170893728733,exact_off_grid_k
D6,21,consensus,11,10,10,1.9777573317871162,1.9734613545038715,0.002823266129030654,0.9090909090909091,1.0,0.9523809523809523,D6:consensus,False,False,0.05101954098790884,
D6,22,elbow,11,10,10,2.015352911366711,2.014935394210874,0.00028718112380755504,0.9090909090909091,1.0,0.9523809523809523,D6:elbow,False,False,0.00011304207146167755,
D6,22,penalized/bic,13,10,10,2.016721313416039,2.014935394210874,0.0012284100837500333,0.7692307692307693,1.0,0.8695652173913044,D6:penalized/bic,False,False,0.00035379198379814625,
D6,22,evaluate/time_holdout/best,26,10,10,2.0241202818988913,2.014935394210874,0.006317647865279934,0.38461538461538464,1.0,0.5555555555555556,D6:evaluate/time_holdout/best,False,False,0.01635029201861471,synthetic_time_holdout
D6,22,evaluate/one_se,11,10,10,2.015352911366711,2.014935394210874,0.00028718112380755504,0.9090909090909091,1.0,0.9523809523809523,D6:evaluate/one_se,False,False,0.07904995896387845,synthetic_group_cv
D6,22,fixed_k=50,50,10,10,2.0479959839366146,2.014935394210874,0.022740089068068958,0.2,1.0,0.33333333333333337,D6:fixed_k=50,False,False,2.708984538912773e-06,
D6,22,oracle,10,10,10,2.014935394210874,2.014935394210874,0.0,1.0,1.0,1.0,D6:oracle,False,False,0.0,
D6,22,penalized/ebic,12,10,10,2.0162741684246193,2.014935394210874,0.0009208500246109066,0.8333333333333334,1.0,0.9090909090909091,D6:penalized/ebic,False,False,0.00036929198540747166,
D6,22,penalized/ric,11,10,10,2.015352911366711,2.014935394210874,0.00028718112380755504,0.9090909090909091,1.0,0.9523809523809523,D6:penalized/ric,False,False,0.00030524993781000376,
D6,22,chi2_stop,10,10,10,2.014935394210874,2.014935394210874,0.0,1.0,1.0,1.0,D6:chi2_stop,False,False,0.0010849159443750978,
D6,22,forward_stop,12,10,10,2.0162741684246193,2.014935394210874,0.0009208500246109066,0.8333333333333334,1.0,0.9090909090909091,D6:forward_stop,False,False,0.0006320420652627945,
D6,22,perm_gap,11,10,10,2.015352911366711,2.014935394210874,0.00028718112380755504,0.9090909090909091,1.0,0.9523809523809523,D6:perm_gap,False,False,0.08071295905392617,
D6,22,knockoff_path,20,10,10,2.0198256789990108,2.014935394210874,0.0033636880821840834,0.5,1.0,0.6666666666666666,D6:knockoff_path,False,False,0.07690166693646461,
D6,22,xfit_objective,10,10,10,2.014935394210874,2.014935394210874,0.0,1.0,1.0,1.0,D6:xfit_objective,False,False,0.06825812498573214,
D6,22,gaussian_cv,10,10,10,2.014935394210874,2.014935394210874,0.0,1.0,1.0,1.0,D6:gaussian_cv,False,False,0.0546374999685213,
D6,22,k_posterior,12,10,10,2.0162741684246193,2.014935394210874,0.0009208500246109066,0.8333333333333334,1.0,0.9090909090909091,D6:k_posterior,False,False,0.0004105420084670186,
D6,22,stability,10,10,10,2.014935394210874,2.014935394210874,0.0,1.0,1.0,1.0,D6:stability,False,False,0.14331537496764213,
D6,22,changepoint,79,10,10,2.045841858587423,2.014935394210874,0.02125841548902025,0.12658227848101267,1.0,0.22471910112359553,D6:changepoint,False,False,0.0009176250314339995,exact_off_grid_k
D6,22,consensus,10,10,10,2.014935394210874,2.014935394210874,0.0,1.0,1.0,1.0,D6:consensus,False,False,0.06082208303268999,
D6,23,elbow,11,10,10,2.0487351779944674,2.0463559423293796,0.0016833349851852403,0.9090909090909091,1.0,0.9523809523809523,D6:elbow,False,False,0.00010445807129144669,
D6,23,penalized/bic,10,10,10,2.0463559423293796,2.0463559423293796,0.0,1.0,1.0,1.0,D6:penalized/bic,False,False,0.0003364169970154762,
D6,23,evaluate/time_holdout/best,26,10,10,2.0614777415714665,2.0463559423293796,0.010698836637611177,0.38461538461538464,1.0,0.5555555555555556,D6:evaluate/time_holdout/best,False,False,0.016752083087339997,synthetic_time_holdout
D6,23,evaluate/one_se,11,10,10,2.0487351779944674,2.0463559423293796,0.0016833349851852403,0.9090909090909091,1.0,0.9523809523809523,D6:evaluate/one_se,False,False,0.07683783292304724,synthetic_group_cv
D6,23,fixed_k=50,50,10,10,2.0816378818465893,2.0463559423293796,0.02496235408959251,0.2,1.0,0.33333333333333337,D6:fixed_k=50,False,False,2.3329630494117737e-06,
D6,23,oracle,10,10,10,2.0463559423293796,2.0463559423293796,0.0,1.0,1.0,1.0,D6:oracle,False,False,0.0,
D6,23,penalized/ebic,10,10,10,2.0463559423293796,2.0463559423293796,0.0,1.0,1.0,1.0,D6:penalized/ebic,False,False,0.0003221250372007489,
D6,23,penalized/ric,10,10,10,2.0463559423293796,2.0463559423293796,0.0,1.0,1.0,1.0,D6:penalized/ric,False,False,0.00025287503376603127,
D6,23,chi2_stop,10,10,10,2.0463559423293796,2.0463559423293796,0.0,1.0,1.0,1.0,D6:chi2_stop,False,False,0.000506708980537951,
D6,23,forward_stop,10,10,10,2.0463559423293796,2.0463559423293796,0.0,1.0,1.0,1.0,D6:forward_stop,False,False,0.0005047080339863896,
D6,23,perm_gap,10,10,10,2.0463559423293796,2.0463559423293796,0.0,1.0,1.0,1.0,D6:perm_gap,False,False,0.07362995808944106,
D6,23,knockoff_path,12,10,10,2.0513074560530216,2.0463559423293796,0.0035032495531811224,0.8333333333333334,1.0,0.9090909090909091,D6:knockoff_path,False,False,0.06969087501056492,
D6,23,xfit_objective,10,10,10,2.0463559423293796,2.0463559423293796,0.0,1.0,1.0,1.0,D6:xfit_objective,False,False,0.0462439579423517,
D6,23,gaussian_cv,10,10,10,2.0463559423293796,2.0463559423293796,0.0,1.0,1.0,1.0,D6:gaussian_cv,False,False,0.048223334015347064,
D6,23,k_posterior,10,10,10,2.0463559423293796,2.0463559423293796,0.0,1.0,1.0,1.0,D6:k_posterior,False,False,0.0004077909979969263,
D6,23,stability,10,10,10,2.0463559423293796,2.0463559423293796,0.0,1.0,1.0,1.0,D6:stability,False,False,0.13062341697514057,
D6,23,changepoint,69,10,10,2.089198757323664,2.0463559423293796,0.03031175532627883,0.14492753623188406,1.0,0.25316455696202533,D6:changepoint,False,False,0.0007722079753875732,exact_off_grid_k
D6,23,consensus,10,10,10,2.0463559423293796,2.0463559423293796,0.0,1.0,1.0,1.0,D6:consensus,False,False,0.05101887497585267,
D6,24,elbow,11,10,10,1.9624141000369406,1.961995070226968,0.0002782077726163976,0.9090909090909091,1.0,0.9523809523809523,D6:elbow,False,False,0.0001390830148011446,
D6,24,penalized/bic,10,10,10,1.961995070226968,1.961995070226968,0.0,1.0,1.0,1.0,D6:penalized/bic,False,False,0.0003741250839084387,
D6,24,evaluate/time_holdout/best,40,10,10,2.0085094491042286,1.961995070226968,0.030882437082273995,0.25,1.0,0.4,D6:evaluate/time_holdout/best,False,False,0.017807832919061184,synthetic_time_holdout
D6,24,evaluate/one_se,11,10,10,1.9624141000369406,1.961995070226968,0.0002782077726163976,0.9090909090909091,1.0,0.9523809523809523,D6:evaluate/one_se,False,False,0.07335320801939815,synthetic_group_cv
D6,24,fixed_k=50,50,10,10,2.01384848230735,1.961995070226968,0.034427198099305924,0.2,1.0,0.33333333333333337,D6:fixed_k=50,False,False,2.9159709811210632e-06,
D6,24,oracle,10,10,10,1.961995070226968,1.961995070226968,0.0,1.0,1.0,1.0,D6:oracle,False,False,0.0,
D6,24,penalized/ebic,10,10,10,1.961995070226968,1.961995070226968,0.0,1.0,1.0,1.0,D6:penalized/ebic,False,False,0.0003863750025629997,
D6,24,penalized/ric,10,10,10,1.961995070226968,1.961995070226968,0.0,1.0,1.0,1.0,D6:penalized/ric,False,False,0.0003487090580165386,
D6,24,chi2_stop,10,10,10,1.961995070226968,1.961995070226968,0.0,1.0,1.0,1.0,D6:chi2_stop,False,False,0.0005856250645592809,
D6,24,forward_stop,10,10,10,1.961995070226968,1.961995070226968,0.0,1.0,1.0,1.0,D6:forward_stop,False,False,0.0005265830550342798,
D6,24,perm_gap,10,10,10,1.961995070226968,1.961995070226968,0.0,1.0,1.0,1.0,D6:perm_gap,False,False,0.08120883302763104,
D6,24,knockoff_path,12,10,10,1.9642904245068893,1.961995070226968,0.0015239617477909163,0.8333333333333334,1.0,0.9090909090909091,D6:knockoff_path,False,False,0.06508199998643249,
D6,24,xfit_objective,10,10,10,1.961995070226968,1.961995070226968,0.0,1.0,1.0,1.0,D6:xfit_objective,False,False,0.04214299994055182,
D6,24,gaussian_cv,10,10,10,1.961995070226968,1.961995070226968,0.0,1.0,1.0,1.0,D6:gaussian_cv,False,False,0.05230591609142721,
D6,24,k_posterior,10,10,10,1.961995070226968,1.961995070226968,0.0,1.0,1.0,1.0,D6:k_posterior,False,False,0.0003914170665666461,
D6,24,stability,10,10,10,1.961995070226968,1.961995070226968,0.0,1.0,1.0,1.0,D6:stability,False,False,0.12967616692185402,
D6,24,changepoint,56,10,10,2.0208130481876627,1.961995070226968,0.03905120411197697,0.17857142857142858,1.0,0.30303030303030304,D6:changepoint,False,False,0.0007445000810548663,exact_off_grid_k
D6,24,consensus,10,10,10,1.961995070226968,1.961995070226968,0.0,1.0,1.0,1.0,D6:consensus,False,False,0.062064249999821186,
D6,25,elbow,11,10,10,1.9399969365829057,1.9388396750326624,0.0007578505290024916,0.9090909090909091,1.0,0.9523809523809523,D6:elbow,False,False,0.00011479097884148359,
D6,25,penalized/bic,10,10,10,1.9388396750326624,1.9388396750326624,0.0,1.0,1.0,1.0,D6:penalized/bic,False,False,0.00035741704050451517,
D6,25,evaluate/time_holdout/best,50,10,10,1.9807746893284897,1.9388396750326624,0.02746178922227031,0.2,1.0,0.33333333333333337,D6:evaluate/time_holdout/best,False,False,0.014996542013250291,synthetic_time_holdout
D6,25,evaluate/one_se,11,10,10,1.9399969365829057,1.9388396750326624,0.0007578505290024916,0.9090909090909091,1.0,0.9523809523809523,D6:evaluate/one_se,False,False,0.07931708404794335,synthetic_group_cv
D6,25,fixed_k=50,50,10,10,1.9807746893284897,1.9388396750326624,0.02746178922227031,0.2,1.0,0.33333333333333337,D6:fixed_k=50,False,False,2.2909371182322502e-06,
D6,25,oracle,10,10,10,1.9388396750326624,1.9388396750326624,0.0,1.0,1.0,1.0,D6:oracle,False,False,0.0,
D6,25,penalized/ebic,10,10,10,1.9388396750326624,1.9388396750326624,0.0,1.0,1.0,1.0,D6:penalized/ebic,False,False,0.00032558292150497437,
D6,25,penalized/ric,10,10,10,1.9388396750326624,1.9388396750326624,0.0,1.0,1.0,1.0,D6:penalized/ric,False,False,0.0002697090385481715,
D6,25,chi2_stop,10,10,10,1.9388396750326624,1.9388396750326624,0.0,1.0,1.0,1.0,D6:chi2_stop,False,False,0.0004986670101061463,
D6,25,forward_stop,10,10,10,1.9388396750326624,1.9388396750326624,0.0,1.0,1.0,1.0,D6:forward_stop,False,False,0.0004938750062137842,
D6,25,perm_gap,10,10,10,1.9388396750326624,1.9388396750326624,0.0,1.0,1.0,1.0,D6:perm_gap,False,False,0.07985374995041639,
D6,25,knockoff_path,10,10,10,1.9388396750326624,1.9388396750326624,0.0,1.0,1.0,1.0,D6:knockoff_path,False,False,0.07113425002899021,
D6,25,xfit_objective,10,10,10,1.9388396750326624,1.9388396750326624,0.0,1.0,1.0,1.0,D6:xfit_objective,False,False,0.050646749907173216,
D6,25,gaussian_cv,10,10,10,1.9388396750326624,1.9388396750326624,0.0,1.0,1.0,1.0,D6:gaussian_cv,False,False,0.05243270902428776,
D6,25,k_posterior,10,10,10,1.9388396750326624,1.9388396750326624,0.0,1.0,1.0,1.0,D6:k_posterior,False,False,0.0004051669966429472,
D6,25,stability,10,10,10,1.9388396750326624,1.9388396750326624,0.0,1.0,1.0,1.0,D6:stability,False,False,0.1351433329982683,
D6,25,changepoint,77,10,10,1.9974248815868316,1.9388396750326624,0.038365423762210416,0.12987012987012986,1.0,0.22988505747126434,D6:changepoint,False,False,0.0007488750852644444,exact_off_grid_k
D6,25,consensus,10,10,10,1.9388396750326624,1.9388396750326624,0.0,1.0,1.0,1.0,D6:consensus,False,False,0.051590415998362005,
D6,26,elbow,11,11,10,1.9969480188778024,1.9969480188778024,0.0,0.9090909090909091,1.0,0.9523809523809523,D6:elbow,False,False,0.00011133309453725815,
D6,26,penalized/bic,11,11,10,1.9969480188778024,1.9969480188778024,0.0,0.9090909090909091,1.0,0.9523809523809523,D6:penalized/bic,False,False,0.0005209159571677446,
D6,26,evaluate/time_holdout/best,60,11,10,2.0432353560960466,1.9969480188778024,0.03132703444882665,0.16666666666666666,1.0,0.2857142857142857,D6:evaluate/time_holdout/best,False,False,0.017646916094236076,synthetic_time_holdout
D6,26,evaluate/one_se,11,11,10,1.9969480188778024,1.9969480188778024,0.0,0.9090909090909091,1.0,0.9523809523809523,D6:evaluate/one_se,False,False,0.07541462499648333,synthetic_group_cv
D6,26,fixed_k=50,50,11,10,2.035099789705515,1.9969480188778024,0.025820924486717082,0.2,1.0,0.33333333333333337,D6:fixed_k=50,False,False,1.750071533024311e-06,
D6,26,oracle,11,11,10,1.9969480188778024,1.9969480188778024,0.0,0.9090909090909091,1.0,0.9523809523809523,D6:oracle,False,False,0.0,
D6,26,penalized/ebic,10,11,10,1.9970164591465533,1.9969480188778024,4.632002585803283e-05,1.0,1.0,1.0,D6:penalized/ebic,False,False,0.0002999170683324337,
D6,26,penalized/ric,10,11,10,1.9970164591465533,1.9969480188778024,4.632002585803283e-05,1.0,1.0,1.0,D6:penalized/ric,False,False,0.00024508300703018904,
D6,26,chi2_stop,10,11,10,1.9970164591465533,1.9969480188778024,4.632002585803283e-05,1.0,1.0,1.0,D6:chi2_stop,False,False,0.0004830419784411788,
D6,26,forward_stop,10,11,10,1.9970164591465533,1.9969480188778024,4.632002585803283e-05,1.0,1.0,1.0,D6:forward_stop,False,False,0.0004996249917894602,
D6,26,perm_gap,10,11,10,1.9970164591465533,1.9969480188778024,4.632002585803283e-05,1.0,1.0,1.0,D6:perm_gap,False,False,0.08290937496349216,
D6,26,knockoff_path,16,11,10,2.0024695248810285,1.9969480188778024,0.0037369271850075203,0.625,1.0,0.7692307692307693,D6:knockoff_path,False,False,0.06986808404326439,
D6,26,xfit_objective,10,11,10,1.9970164591465533,1.9969480188778024,4.632002585803283e-05,1.0,1.0,1.0,D6:xfit_objective,False,False,0.042097417055629194,
D6,26,gaussian_cv,10,11,10,1.9970164591465533,1.9969480188778024,4.632002585803283e-05,1.0,1.0,1.0,D6:gaussian_cv,False,False,0.04926516697742045,
D6,26,k_posterior,10,11,10,1.9970164591465533,1.9969480188778024,4.632002585803283e-05,1.0,1.0,1.0,D6:k_posterior,False,False,0.0003857079427689314,
D6,26,stability,10,11,10,1.9970164591465533,1.9969480188778024,4.632002585803283e-05,1.0,1.0,1.0,D6:stability,False,False,0.1348990419646725,
D6,26,changepoint,80,11,10,2.047626264433524,1.9969480188778024,0.0342987788829736,0.125,1.0,0.2222222222222222,D6:changepoint,False,False,0.0008777499897405505,
D6,26,consensus,10,11,10,1.9970164591465533,1.9969480188778024,4.632002585803283e-05,1.0,1.0,1.0,D6:consensus,False,False,0.056267666979692876,
D6,27,elbow,11,10,10,1.9618289721186868,1.957222512071846,0.002991413752856003,0.9090909090909091,1.0,0.9523809523809523,D6:elbow,False,False,0.00011537503451108932,
D6,27,penalized/bic,10,10,10,1.957222512071846,1.957222512071846,0.0,1.0,1.0,1.0,D6:penalized/bic,False,False,0.0003647500416263938,
D6,27,evaluate/time_holdout/best,26,10,10,1.9718859740689836,1.957222512071846,0.009522384094659045,0.38461538461538464,1.0,0.5555555555555556,D6:evaluate/time_holdout/best,False,False,0.01993595901876688,synthetic_time_holdout
D6,27,evaluate/one_se,11,10,10,1.9618289721186868,1.957222512071846,0.002991413752856003,0.9090909090909091,1.0,0.9523809523809523,D6:evaluate/one_se,False,False,0.08435316709801555,synthetic_group_cv
D6,27,fixed_k=50,50,10,10,1.9892493569778185,1.957222512071846,0.020798084285571693,0.2,1.0,0.33333333333333337,D6:fixed_k=50,False,False,1.9170111045241356e-06,
D6,27,oracle,10,10,10,1.957222512071846,1.957222512071846,0.0,1.0,1.0,1.0,D6:oracle,False,False,0.0,
D6,27,penalized/ebic,10,10,10,1.957222512071846,1.957222512071846,0.0,1.0,1.0,1.0,D6:penalized/ebic,False,False,0.0003132499987259507,
D6,27,penalized/ric,10,10,10,1.957222512071846,1.957222512071846,0.0,1.0,1.0,1.0,D6:penalized/ric,False,False,0.00024987501092255116,
D6,27,chi2_stop,10,10,10,1.957222512071846,1.957222512071846,0.0,1.0,1.0,1.0,D6:chi2_stop,False,False,0.0004956249613314867,
D6,27,forward_stop,10,10,10,1.957222512071846,1.957222512071846,0.0,1.0,1.0,1.0,D6:forward_stop,False,False,0.0005155419930815697,
D6,27,perm_gap,10,10,10,1.957222512071846,1.957222512071846,0.0,1.0,1.0,1.0,D6:perm_gap,False,False,0.08587108401115984,
D6,27,knockoff_path,10,10,10,1.957222512071846,1.957222512071846,0.0,1.0,1.0,1.0,D6:knockoff_path,False,False,0.07446224999148399,
D6,27,xfit_objective,10,10,10,1.957222512071846,1.957222512071846,0.0,1.0,1.0,1.0,D6:xfit_objective,False,False,0.04985425004269928,
D6,27,gaussian_cv,10,10,10,1.957222512071846,1.957222512071846,0.0,1.0,1.0,1.0,D6:gaussian_cv,False,False,0.04962091601919383,
D6,27,k_posterior,10,10,10,1.957222512071846,1.957222512071846,0.0,1.0,1.0,1.0,D6:k_posterior,False,False,0.000401749974116683,
D6,27,stability,10,10,10,1.957222512071846,1.957222512071846,0.0,1.0,1.0,1.0,D6:stability,False,False,0.15525495901238173,
D6,27,changepoint,76,10,10,2.0073450573051863,1.957222512071846,0.03254934800574103,0.13157894736842105,1.0,0.23255813953488372,D6:changepoint,False,False,0.0009237079648301005,exact_off_grid_k
D6,27,consensus,10,10,10,1.957222512071846,1.957222512071846,0.0,1.0,1.0,1.0,D6:consensus,False,False,0.058489833027124405,
D6,28,elbow,11,10,10,1.9191094117325218,1.9179372107934205,0.0007685691328459053,0.9090909090909091,1.0,0.9523809523809523,D6:elbow,False,False,0.00011787505354732275,
D6,28,penalized/bic,10,10,10,1.9179372107934205,1.9179372107934205,0.0,1.0,1.0,1.0,D6:penalized/bic,False,False,0.0003632499137893319,
D6,28,evaluate/time_holdout/best,11,10,10,1.9191094117325218,1.9179372107934205,0.0007685691328459053,0.9090909090909091,1.0,0.9523809523809523,D6:evaluate/time_holdout/best,False,False,0.0179222080623731,synthetic_time_holdout
D6,28,evaluate/one_se,11,10,10,1.9191094117325218,1.9179372107934205,0.0007685691328459053,0.9090909090909091,1.0,0.9523809523809523,D6:evaluate/one_se,False,False,0.07944129104726017,synthetic_group_cv
D6,28,fixed_k=50,50,10,10,1.9506175263381968,1.9179372107934205,0.021427283447354877,0.2,1.0,0.33333333333333337,D6:fixed_k=50,False,False,2.250075340270996e-06,
D6,28,oracle,10,10,10,1.9179372107934205,1.9179372107934205,0.0,1.0,1.0,1.0,D6:oracle,False,False,0.0,
D6,28,penalized/ebic,10,10,10,1.9179372107934205,1.9179372107934205,0.0,1.0,1.0,1.0,D6:penalized/ebic,False,False,0.00030524993781000376,
D6,28,penalized/ric,10,10,10,1.9179372107934205,1.9179372107934205,0.0,1.0,1.0,1.0,D6:penalized/ric,False,False,0.0002752080326899886,
D6,28,chi2_stop,10,10,10,1.9179372107934205,1.9179372107934205,0.0,1.0,1.0,1.0,D6:chi2_stop,False,False,0.0006557080196216702,
D6,28,forward_stop,10,10,10,1.9179372107934205,1.9179372107934205,0.0,1.0,1.0,1.0,D6:forward_stop,False,False,0.0005870420718565583,
D6,28,perm_gap,10,10,10,1.9179372107934205,1.9179372107934205,0.0,1.0,1.0,1.0,D6:perm_gap,False,False,0.0874406669754535,
D6,28,knockoff_path,10,10,10,1.9179372107934205,1.9179372107934205,0.0,1.0,1.0,1.0,D6:knockoff_path,False,False,0.06953137496020645,
D6,28,xfit_objective,10,10,10,1.9179372107934205,1.9179372107934205,0.0,1.0,1.0,1.0,D6:xfit_objective,False,False,0.0414143749512732,
D6,28,gaussian_cv,10,10,10,1.9179372107934205,1.9179372107934205,0.0,1.0,1.0,1.0,D6:gaussian_cv,False,False,0.053106209030374885,
D6,28,k_posterior,10,10,10,1.9179372107934205,1.9179372107934205,0.0,1.0,1.0,1.0,D6:k_posterior,False,False,0.00040470901876688004,
D6,28,stability,10,10,10,1.9179372107934205,1.9179372107934205,0.0,1.0,1.0,1.0,D6:stability,False,False,0.13805333292111754,
D6,28,changepoint,77,10,10,1.9619129117781757,1.9179372107934205,0.02883325310936565,0.12987012987012986,1.0,0.22988505747126434,D6:changepoint,False,False,0.0007625829894095659,exact_off_grid_k
D6,28,consensus,10,10,10,1.9179372107934205,1.9179372107934205,0.0,1.0,1.0,1.0,D6:consensus,False,False,0.05073999997694045,
D6,29,elbow,11,10,10,1.964718463057687,1.9631330478409845,0.0010300021226582825,0.9090909090909091,1.0,0.9523809523809523,D6:elbow,False,False,0.00011037499643862247,
D6,29,penalized/bic,10,10,10,1.9631330478409845,1.9631330478409845,0.0,1.0,1.0,1.0,D6:penalized/bic,False,False,0.00034212495665997267,
D6,29,evaluate/time_holdout/best,40,10,10,1.9992396166049722,1.9631330478409845,0.023457477938281054,0.25,1.0,0.4,D6:evaluate/time_holdout/best,False,False,0.016936250030994415,synthetic_time_holdout
D6,29,evaluate/one_se,11,10,10,1.964718463057687,1.9631330478409845,0.0010300021226582825,0.9090909090909091,1.0,0.9523809523809523,D6:evaluate/one_se,False,False,0.0744181249756366,synthetic_group_cv
D6,29,fixed_k=50,50,10,10,2.0057100080732067,1.9631330478409845,0.027661119278732518,0.2,1.0,0.33333333333333337,D6:fixed_k=50,False,False,1.7499551177024841e-06,
D6,29,oracle,10,10,10,1.9631330478409845,1.9631330478409845,0.0,1.0,1.0,1.0,D6:oracle,False,False,0.0,
D6,29,penalized/ebic,10,10,10,1.9631330478409845,1.9631330478409845,0.0,1.0,1.0,1.0,D6:penalized/ebic,False,False,0.0003350420156493783,
D6,29,penalized/ric,10,10,10,1.9631330478409845,1.9631330478409845,0.0,1.0,1.0,1.0,D6:penalized/ric,False,False,0.00025883305352181196,
D6,29,chi2_stop,10,10,10,1.9631330478409845,1.9631330478409845,0.0,1.0,1.0,1.0,D6:chi2_stop,False,False,0.0005334169836714864,
D6,29,forward_stop,10,10,10,1.9631330478409845,1.9631330478409845,0.0,1.0,1.0,1.0,D6:forward_stop,False,False,0.0005029171006754041,
D6,29,perm_gap,10,10,10,1.9631330478409845,1.9631330478409845,0.0,1.0,1.0,1.0,D6:perm_gap,False,False,0.07820116693619639,
D6,29,knockoff_path,10,10,10,1.9631330478409845,1.9631330478409845,0.0,1.0,1.0,1.0,D6:knockoff_path,False,False,0.0669150419998914,
D6,29,xfit_objective,10,10,10,1.9631330478409845,1.9631330478409845,0.0,1.0,1.0,1.0,D6:xfit_objective,False,False,0.052063166978769004,
D6,29,gaussian_cv,10,10,10,1.9631330478409845,1.9631330478409845,0.0,1.0,1.0,1.0,D6:gaussian_cv,False,False,0.05741454195231199,
D6,29,k_posterior,10,10,10,1.9631330478409845,1.9631330478409845,0.0,1.0,1.0,1.0,D6:k_posterior,False,False,0.0004396250005811453,
D6,29,stability,10,10,10,1.9631330478409845,1.9631330478409845,0.0,1.0,1.0,1.0,D6:stability,False,False,0.13588283292483538,
D6,29,changepoint,78,10,10,2.021092454507301,1.9631330478409845,0.03765468582954946,0.1282051282051282,1.0,0.22727272727272727,D6:changepoint,False,False,0.0007463749498128891,exact_off_grid_k
D6,29,consensus,10,10,10,1.9631330478409845,1.9631330478409845,0.0,1.0,1.0,1.0,D6:consensus,False,False,0.048919832915998995,
D7,0,elbow,9,8,8,1.0297455199122132,1.0150808733457335,0.005094727371646265,0.8888888888888888,1.0,0.9411764705882353,D7:elbow,False,False,0.00010945799294859171,
D7,0,penalized/bic,42,8,8,1.3135004690632293,1.0150808733457335,0.10367563075217759,0.19047619047619047,1.0,0.32,D7:penalized/bic,False,False,0.00033820897806435823,exact_off_grid_k
D7,0,evaluate/time_holdout/best,100,8,8,1.5394229892607527,1.0150808733457335,0.18216464460625875,0.08,1.0,0.14814814814814814,D7:evaluate/time_holdout/best,False,True,0.007374375010840595,synthetic_time_holdout
D7,0,evaluate/one_se,75,8,8,1.448204525437596,1.0150808733457335,0.1504739248652427,0.10666666666666667,1.0,0.1927710843373494,D7:evaluate/one_se,False,False,0.03611158300191164,synthetic_group_cv
D7,0,fixed_k=50,50,8,8,1.3544397922058897,1.0150808733457335,0.1178985913428775,0.16,1.0,0.2758620689655173,D7:fixed_k=50,False,False,2.00001522898674e-06,
D7,0,oracle,8,8,8,1.0150808733457335,1.0150808733457335,0.0,1.0,1.0,1.0,D7:oracle,False,False,0.0,
D7,0,penalized/ebic,8,8,8,1.0150808733457335,1.0150808733457335,0.0,1.0,1.0,1.0,D7:penalized/ebic,False,False,0.0003022500313818455,
D7,0,penalized/ric,8,8,8,1.0150808733457335,1.0150808733457335,0.0,1.0,1.0,1.0,D7:penalized/ric,False,False,0.00024304201360791922,
D7,0,chi2_stop,8,8,8,1.0150808733457335,1.0150808733457335,0.0,1.0,1.0,1.0,D7:chi2_stop,False,False,0.000475957989692688,
D7,0,forward_stop,8,8,8,1.0150808733457335,1.0150808733457335,0.0,1.0,1.0,1.0,D7:forward_stop,False,False,0.0005147079937160015,
D7,0,perm_gap,8,8,8,1.0150808733457335,1.0150808733457335,0.0,1.0,1.0,1.0,D7:perm_gap,False,False,0.37956529192160815,
D7,0,knockoff_path,0,8,8,3.8934775954339456,1.0150808733457335,1.0,0.0,0.0,0.0,D7:knockoff_path,True,False,0.3975779589964077,
D7,0,xfit_objective,8,8,8,1.0150808733457335,1.0150808733457335,0.0,1.0,1.0,1.0,D7:xfit_objective,False,False,0.13418470788747072,
D7,0,gaussian_cv,8,8,8,1.0150808733457335,1.0150808733457335,0.0,1.0,1.0,1.0,D7:gaussian_cv,False,False,0.13726470805704594,
D7,0,k_posterior,8,8,8,1.0150808733457335,1.0150808733457335,0.0,1.0,1.0,1.0,D7:k_posterior,False,False,0.00039320799987763166,
D7,0,stability,5,8,8,1.9500014916625066,1.0150808733457335,0.3248060321714476,1.0,0.625,0.7692307692307693,D7:stability,False,False,0.4100794999394566,
D7,0,changepoint,30,8,8,1.2673422457533405,1.0150808733457335,0.08763954269118161,0.26666666666666666,1.0,0.4210526315789474,D7:changepoint,False,False,0.0007895419839769602,
D7,0,consensus,8,8,8,1.0150808733457335,1.0150808733457335,0.0,1.0,1.0,1.0,D7:consensus,False,False,0.1395804159110412,
D7,1,elbow,9,8,8,1.0392619000126437,1.0183672291370398,0.007237566800510621,0.8888888888888888,1.0,0.9411764705882353,D7:elbow,False,False,0.00011204101610928774,
D7,1,penalized/bic,84,8,8,1.6987764522542566,1.0183672291370398,0.23568244904704952,0.09523809523809523,1.0,0.17391304347826084,D7:penalized/bic,False,False,0.00035437499172985554,exact_off_grid_k
D7,1,evaluate/time_holdout/best,100,8,8,1.8016051022270694,1.0183672291370398,0.2713005847724368,0.08,1.0,0.14814814814814814,D7:evaluate/time_holdout/best,False,True,0.009586291969753802,synthetic_time_holdout
D7,1,evaluate/one_se,40,8,8,1.3417725769644404,1.0183672291370398,0.11202223870757816,0.2,1.0,0.33333333333333337,D7:evaluate/one_se,False,False,0.039605499943718314,synthetic_group_cv
D7,1,fixed_k=50,50,8,8,1.418619613842941,1.0183672291370398,0.13864077537373062,0.16,1.0,0.2758620689655173,D7:fixed_k=50,False,False,2.124928869307041e-06,
D7,1,oracle,8,8,8,1.0183672291370398,1.0183672291370398,0.0,1.0,1.0,1.0,D7:oracle,False,False,0.0,
D7,1,penalized/ebic,8,8,8,1.0183672291370398,1.0183672291370398,0.0,1.0,1.0,1.0,D7:penalized/ebic,False,False,0.0003072500694543123,
D7,1,penalized/ric,8,8,8,1.0183672291370398,1.0183672291370398,0.0,1.0,1.0,1.0,D7:penalized/ric,False,False,0.00025616702623665333,
D7,1,chi2_stop,8,8,8,1.0183672291370398,1.0183672291370398,0.0,1.0,1.0,1.0,D7:chi2_stop,False,False,0.0005138750420883298,
D7,1,forward_stop,8,8,8,1.0183672291370398,1.0183672291370398,0.0,1.0,1.0,1.0,D7:forward_stop,False,False,0.0005013749469071627,
D7,1,perm_gap,8,8,8,1.0183672291370398,1.0183672291370398,0.0,1.0,1.0,1.0,D7:perm_gap,False,False,0.3840996250510216,
D7,1,knockoff_path,0,8,8,3.905341740257238,1.0183672291370398,1.0,0.0,0.0,0.0,D7:knockoff_path,True,False,0.4039710419019684,
D7,1,xfit_objective,95,8,8,1.7237417908772994,1.0183672291370398,0.24433002751609384,0.08421052631578947,1.0,0.1553398058252427,D7:xfit_objective,False,False,0.13119720795657486,
D7,1,gaussian_cv,8,8,8,1.0183672291370398,1.0183672291370398,0.0,1.0,1.0,1.0,D7:gaussian_cv,False,False,0.14019891596399248,
D7,1,k_posterior,8,8,8,1.0183672291370398,1.0183672291370398,0.0,1.0,1.0,1.0,D7:k_posterior,False,False,0.0004082500236108899,
D7,1,stability,8,8,8,1.0183672291370398,1.0183672291370398,0.0,1.0,1.0,1.0,D7:stability,False,False,0.4193776249885559,
D7,1,changepoint,77,8,8,1.6256043253966244,1.0183672291370398,0.21033684014895082,0.1038961038961039,1.0,0.18823529411764706,D7:changepoint,False,False,0.0008442499674856663,exact_off_grid_k
D7,1,consensus,8,8,8,1.0183672291370398,1.0183672291370398,0.0,1.0,1.0,1.0,D7:consensus,False,False,0.12849533394910395,
D7,2,elbow,10,8,8,1.063737712017504,1.0259385796956595,0.012975932391804309,0.8,1.0,0.888888888888889,D7:elbow,False,False,0.00013604096602648497,
D7,2,penalized/bic,91,8,8,1.5912154037503394,1.0259385796956595,0.19405191074580347,0.08791208791208792,1.0,0.16161616161616163,D7:penalized/bic,False,False,0.00035574997309595346,exact_off_grid_k
D7,2,evaluate/time_holdout/best,100,8,8,1.6222807350428061,1.0259385796956595,0.2047162200518426,0.08,1.0,0.14814814814814814,D7:evaluate/time_holdout/best,False,True,0.008898749947547913,synthetic_time_holdout
D7,2,evaluate/one_se,100,8,8,1.6222807350428061,1.0259385796956595,0.2047162200518426,0.08,1.0,0.14814814814814814,D7:evaluate/one_se,False,True,0.04293795896228403,synthetic_group_cv
D7,2,fixed_k=50,50,8,8,1.3850977900149766,1.0259385796956595,0.12329451351728447,0.16,1.0,0.2758620689655173,D7:fixed_k=50,False,False,2.374988980591297e-06,
D7,2,oracle,8,8,8,1.0259385796956595,1.0259385796956595,0.0,1.0,1.0,1.0,D7:oracle,False,False,0.0,
D7,2,penalized/ebic,9,8,8,1.0551993126965866,1.0259385796956595,0.010044815048181504,0.8888888888888888,1.0,0.9411764705882353,D7:penalized/ebic,False,False,0.00032604101579636335,
D7,2,penalized/ric,9,8,8,1.0551993126965866,1.0259385796956595,0.010044815048181504,0.8888888888888888,1.0,0.9411764705882353,D7:penalized/ric,False,False,0.00027308298740535975,
D7,2,chi2_stop,8,8,8,1.0259385796956595,1.0259385796956595,0.0,1.0,1.0,1.0,D7:chi2_stop,False,False,0.0005415830528363585,
D7,2,forward_stop,9,8,8,1.0551993126965866,1.0259385796956595,0.010044815048181504,0.8888888888888888,1.0,0.9411764705882353,D7:forward_stop,False,False,0.0005577079718932509,
D7,2,perm_gap,8,8,8,1.0259385796956595,1.0259385796956595,0.0,1.0,1.0,1.0,D7:perm_gap,False,False,0.376144582987763,
D7,2,knockoff_path,0,8,8,3.9389571729274424,1.0259385796956595,1.0,0.0,0.0,0.0,D7:knockoff_path,True,False,0.39327208406757563,
D7,2,xfit_objective,1,8,8,3.5667661330170906,1.0259385796956595,0.8722318351228123,1.0,0.125,0.2222222222222222,D7:xfit_objective,False,False,0.1278539999620989,
D7,2,gaussian_cv,8,8,8,1.0259385796956595,1.0259385796956595,0.0,1.0,1.0,1.0,D7:gaussian_cv,False,False,0.13225483300630003,
D7,2,k_posterior,9,8,8,1.0551993126965866,1.0259385796956595,0.010044815048181504,0.8888888888888888,1.0,0.9411764705882353,D7:k_posterior,False,False,0.0003911659587174654,
D7,2,stability,8,8,8,1.0259385796956595,1.0259385796956595,0.0,1.0,1.0,1.0,D7:stability,False,False,0.4056766249705106,
D7,2,changepoint,10,8,8,1.063737712017504,1.0259385796956595,0.012975932391804309,0.8,1.0,0.888888888888889,D7:changepoint,False,False,0.0007560841040685773,
D7,2,consensus,8,8,8,1.0259385796956595,1.0259385796956595,0.0,1.0,1.0,1.0,D7:consensus,False,False,0.14240116602741182,
D7,3,elbow,9,8,8,1.0447282369175068,1.0194622591484834,0.008640613160320427,0.8888888888888888,1.0,0.9411764705882353,D7:elbow,False,False,0.00012741598766297102,
D7,3,penalized/bic,55,8,8,1.43444148853162,1.0194622591484834,0.14191712758742586,0.14545454545454545,1.0,0.25396825396825395,D7:penalized/bic,False,False,0.0003629589919000864,
D7,3,evaluate/time_holdout/best,50,8,8,1.3882009710141556,1.0194622591484834,0.12610351341211057,0.16,1.0,0.2758620689655173,D7:evaluate/time_holdout/best,False,False,0.009363166056573391,synthetic_time_holdout
D7,3,evaluate/one_se,60,8,8,1.460884029365349,1.0194622591484834,0.1509601089598052,0.13333333333333333,1.0,0.23529411764705882,D7:evaluate/one_se,False,False,0.03362795803695917,synthetic_group_cv
D7,3,fixed_k=50,50,8,8,1.3882009710141556,1.0194622591484834,0.12610351341211057,0.16,1.0,0.2758620689655173,D7:fixed_k=50,False,False,2.0830193534493446e-06,
D7,3,oracle,8,8,8,1.0194622591484834,1.0194622591484834,0.0,1.0,1.0,1.0,D7:oracle,False,False,0.0,
D7,3,penalized/ebic,10,8,8,1.0679960723337,1.0194622591484834,0.016597889413282964,0.8,1.0,0.888888888888889,D7:penalized/ebic,False,False,0.0002970420755445957,
D7,3,penalized/ric,10,8,8,1.0679960723337,1.0194622591484834,0.016597889413282964,0.8,1.0,0.888888888888889,D7:penalized/ric,False,False,0.00024370907340198755,
D7,3,chi2_stop,8,8,8,1.0194622591484834,1.0194622591484834,0.0,1.0,1.0,1.0,D7:chi2_stop,False,False,0.0005836660275235772,
D7,3,forward_stop,10,8,8,1.0679960723337,1.0194622591484834,0.016597889413282964,0.8,1.0,0.888888888888889,D7:forward_stop,False,False,0.0005541249411180615,
D7,3,perm_gap,8,8,8,1.0194622591484834,1.0194622591484834,0.0,1.0,1.0,1.0,D7:perm_gap,False,False,0.37428150000050664,
D7,3,knockoff_path,0,8,8,3.9435577255501335,1.0194622591484834,1.0,0.0,0.0,0.0,D7:knockoff_path,True,False,0.38983054098207504,
D7,3,xfit_objective,8,8,8,1.0194622591484834,1.0194622591484834,0.0,1.0,1.0,1.0,D7:xfit_objective,False,False,0.12138129107188433,
D7,3,gaussian_cv,8,8,8,1.0194622591484834,1.0194622591484834,0.0,1.0,1.0,1.0,D7:gaussian_cv,False,False,0.12759795796591789,
D7,3,k_posterior,10,8,8,1.0679960723337,1.0194622591484834,0.016597889413282964,0.8,1.0,0.888888888888889,D7:k_posterior,False,False,0.0004107910208404064,
D7,3,stability,8,8,8,1.0194622591484834,1.0194622591484834,0.0,1.0,1.0,1.0,D7:stability,False,False,0.4280657909112051,
D7,3,changepoint,52,8,8,1.4160124246147834,1.0194622591484834,0.13561464392073658,0.15384615384615385,1.0,0.2666666666666667,D7:changepoint,False,False,0.0007656249217689037,exact_off_grid_k
D7,3,consensus,8,8,8,1.0194622591484834,1.0194622591484834,0.0,1.0,1.0,1.0,D7:consensus,False,False,0.13846100005321205,
D7,4,elbow,9,8,8,1.034838263968615,1.0210556774571742,0.004722771470212361,0.8888888888888888,1.0,0.9411764705882353,D7:elbow,False,False,0.00011529098264873028,
D7,4,penalized/bic,100,8,8,1.6344454120402718,1.0210556774571742,0.21018547833568937,0.08,1.0,0.14814814814814814,D7:penalized/bic,False,True,0.0003771670162677765,
D7,4,evaluate/time_holdout/best,100,8,8,1.6344454120402718,1.0210556774571742,0.21018547833568937,0.08,1.0,0.14814814814814814,D7:evaluate/time_holdout/best,False,True,0.00987800001166761,synthetic_time_holdout
D7,4,evaluate/one_se,100,8,8,1.6344454120402718,1.0210556774571742,0.21018547833568937,0.08,1.0,0.14814814814814814,D7:evaluate/one_se,False,True,0.04072283394634724,synthetic_group_cv
D7,4,fixed_k=50,50,8,8,1.4159800483502196,1.0210556774571742,0.1353256553257996,0.16,1.0,0.2758620689655173,D7:fixed_k=50,False,False,2.374988980591297e-06,
D7,4,oracle,8,8,8,1.0210556774571742,1.0210556774571742,0.0,1.0,1.0,1.0,D7:oracle,False,False,0.0,
D7,4,penalized/ebic,8,8,8,1.0210556774571742,1.0210556774571742,0.0,1.0,1.0,1.0,D7:penalized/ebic,False,False,0.0003039590083062649,
D7,4,penalized/ric,8,8,8,1.0210556774571742,1.0210556774571742,0.0,1.0,1.0,1.0,D7:penalized/ric,False,False,0.0002512080827727914,
D7,4,chi2_stop,8,8,8,1.0210556774571742,1.0210556774571742,0.0,1.0,1.0,1.0,D7:chi2_stop,False,False,0.0004835830768570304,
D7,4,forward_stop,8,8,8,1.0210556774571742,1.0210556774571742,0.0,1.0,1.0,1.0,D7:forward_stop,False,False,0.0005709169199690223,
D7,4,perm_gap,8,8,8,1.0210556774571742,1.0210556774571742,0.0,1.0,1.0,1.0,D7:perm_gap,False,False,0.3847949169576168,
D7,4,knockoff_path,0,8,8,3.939381621952001,1.0210556774571742,1.0,0.0,0.0,0.0,D7:knockoff_path,True,False,0.38324495893903077,
D7,4,xfit_objective,1,8,8,3.5035400800387957,1.0210556774571742,0.850653576672824,1.0,0.125,0.2222222222222222,D7:xfit_objective,False,False,0.12724624993279576,
D7,4,gaussian_cv,8,8,8,1.0210556774571742,1.0210556774571742,0.0,1.0,1.0,1.0,D7:gaussian_cv,False,False,0.14620916696731,
D7,4,k_posterior,8,8,8,1.0210556774571742,1.0210556774571742,0.0,1.0,1.0,1.0,D7:k_posterior,False,False,0.00044762506149709225,
D7,4,stability,8,8,8,1.0210556774571742,1.0210556774571742,0.0,1.0,1.0,1.0,D7:stability,False,False,0.41776733298320323,
D7,4,changepoint,9,8,8,1.034838263968615,1.0210556774571742,0.004722771470212361,0.8888888888888888,1.0,0.9411764705882353,D7:changepoint,False,False,0.0007495830068364739,
D7,4,consensus,8,8,8,1.0210556774571742,1.0210556774571742,0.0,1.0,1.0,1.0,D7:consensus,False,False,0.13632500008679926,
D7,5,elbow,9,8,8,1.0373085575463328,1.023279046793239,0.004794292935602922,0.8888888888888888,1.0,0.9411764705882353,D7:elbow,False,False,0.00011770904529839754,
D7,5,penalized/bic,32,8,8,1.3317862204270614,1.023279046793239,0.10542589753597115,0.25,1.0,0.4,D7:penalized/bic,False,False,0.0003832499496638775,exact_off_grid_k
D7,5,evaluate/time_holdout/best,100,8,8,1.8017793838386262,1.023279046793239,0.2660362668340495,0.08,1.0,0.14814814814814814,D7:evaluate/time_holdout/best,False,True,0.008981249993667006,synthetic_time_holdout
D7,5,evaluate/one_se,100,8,8,1.8017793838386262,1.023279046793239,0.2660362668340495,0.08,1.0,0.14814814814814814,D7:evaluate/one_se,False,True,0.04256483295466751,synthetic_group_cv
D7,5,fixed_k=50,50,8,8,1.467618678398849,1.023279046793239,0.15184380940336256,0.16,1.0,0.2758620689655173,D7:fixed_k=50,False,False,2.124928869307041e-06,
D7,5,oracle,8,8,8,1.023279046793239,1.023279046793239,0.0,1.0,1.0,1.0,D7:oracle,False,False,0.0,
D7,5,penalized/ebic,8,8,8,1.023279046793239,1.023279046793239,0.0,1.0,1.0,1.0,D7:penalized/ebic,False,False,0.00033066608011722565,
D7,5,penalized/ric,8,8,8,1.023279046793239,1.023279046793239,0.0,1.0,1.0,1.0,D7:penalized/ric,False,False,0.0002615000121295452,
D7,5,chi2_stop,8,8,8,1.023279046793239,1.023279046793239,0.0,1.0,1.0,1.0,D7:chi2_stop,False,False,0.0005397500935941935,
D7,5,forward_stop,8,8,8,1.023279046793239,1.023279046793239,0.0,1.0,1.0,1.0,D7:forward_stop,False,False,0.0005214170087128878,
D7,5,perm_gap,8,8,8,1.023279046793239,1.023279046793239,0.0,1.0,1.0,1.0,D7:perm_gap,False,False,0.40955070802010596,
D7,5,knockoff_path,0,8,8,3.9495730679426453,1.023279046793239,1.0,0.0,0.0,0.0,D7:knockoff_path,True,False,0.3956157499924302,
D7,5,xfit_objective,8,8,8,1.023279046793239,1.023279046793239,0.0,1.0,1.0,1.0,D7:xfit_objective,False,False,0.13385387498419732,
D7,5,gaussian_cv,8,8,8,1.023279046793239,1.023279046793239,0.0,1.0,1.0,1.0,D7:gaussian_cv,False,False,0.1431077920133248,
D7,5,k_posterior,8,8,8,1.023279046793239,1.023279046793239,0.0,1.0,1.0,1.0,D7:k_posterior,False,False,0.00045387493446469307,
D7,5,stability,2,8,8,3.111536788373264,1.023279046793239,0.7136185654918529,1.0,0.25,0.4,D7:stability,False,False,0.41785762505605817,
D7,5,changepoint,18,8,8,1.1812633792322953,1.023279046793239,0.05398785333847014,0.4444444444444444,1.0,0.6153846153846153,D7:changepoint,False,False,0.0007967500714585185,
D7,5,consensus,8,8,8,1.023279046793239,1.023279046793239,0.0,1.0,1.0,1.0,D7:consensus,False,False,0.1345072090625763,
D7,6,elbow,9,8,8,1.033880425941242,1.0240316476384321,0.0034211752333120904,0.8888888888888888,1.0,0.9411764705882353,D7:elbow,False,False,0.00020275008864700794,
D7,6,penalized/bic,31,8,8,1.2219292193610252,1.0240316476384321,0.0687437822533562,0.25806451612903225,1.0,0.41025641025641024,D7:penalized/bic,False,False,0.0006249999860301614,exact_off_grid_k
D7,6,evaluate/time_holdout/best,26,8,8,1.1725916018036286,1.0240316476384321,0.05160534842244821,0.3076923076923077,1.0,0.47058823529411764,D7:evaluate/time_holdout/best,False,False,0.011906249914318323,synthetic_time_holdout
D7,6,evaluate/one_se,40,8,8,1.2498692929969193,1.0240316476384321,0.07844934014095391,0.2,1.0,0.33333333333333337,D7:evaluate/one_se,False,False,0.04809091705828905,synthetic_group_cv
D7,6,fixed_k=50,50,8,8,1.2958975896589866,1.0240316476384321,0.09443821345399012,0.16,1.0,0.2758620689655173,D7:fixed_k=50,False,False,2.500019036233425e-06,
D7,6,oracle,8,8,8,1.0240316476384321,1.0240316476384321,0.0,1.0,1.0,1.0,D7:oracle,False,False,0.0,
D7,6,penalized/ebic,8,8,8,1.0240316476384321,1.0240316476384321,0.0,1.0,1.0,1.0,D7:penalized/ebic,False,False,0.0003280419623479247,
D7,6,penalized/ric,8,8,8,1.0240316476384321,1.0240316476384321,0.0,1.0,1.0,1.0,D7:penalized/ric,False,False,0.0002561250003054738,
D7,6,chi2_stop,8,8,8,1.0240316476384321,1.0240316476384321,0.0,1.0,1.0,1.0,D7:chi2_stop,False,False,0.0005391249433159828,
D7,6,forward_stop,8,8,8,1.0240316476384321,1.0240316476384321,0.0,1.0,1.0,1.0,D7:forward_stop,False,False,0.0005181250162422657,
D7,6,perm_gap,8,8,8,1.0240316476384321,1.0240316476384321,0.0,1.0,1.0,1.0,D7:perm_gap,False,False,0.40744008298497647,
D7,6,knockoff_path,0,8,8,3.902802137647822,1.0240316476384321,1.0,0.0,0.0,0.0,D7:knockoff_path,True,False,0.44134729099459946,
D7,6,xfit_objective,94,8,8,1.5054909333897581,1.0240316476384321,0.1672447621031976,0.0851063829787234,1.0,0.1568627450980392,D7:xfit_objective,False,False,0.12874254188500345,exact_off_grid_k
D7,6,gaussian_cv,8,8,8,1.0240316476384321,1.0240316476384321,0.0,1.0,1.0,1.0,D7:gaussian_cv,False,False,0.13046562497038394,
D7,6,k_posterior,8,8,8,1.0240316476384321,1.0240316476384321,0.0,1.0,1.0,1.0,D7:k_posterior,False,False,0.00039175001438707113,
D7,6,stability,8,8,8,1.0240316476384321,1.0240316476384321,0.0,1.0,1.0,1.0,D7:stability,False,False,0.40640520805027336,
D7,6,changepoint,27,8,8,1.1836940836944052,1.0240316476384321,0.05546202332213441,0.2962962962962963,1.0,0.45714285714285713,D7:changepoint,False,False,0.0007632499327883124,
D7,6,consensus,8,8,8,1.0240316476384321,1.0240316476384321,0.0,1.0,1.0,1.0,D7:consensus,False,False,0.13326329202391207,
D7,7,elbow,9,8,8,1.023558668188517,1.0024173752728902,0.0073058365949505155,0.8888888888888888,1.0,0.9411764705882353,D7:elbow,False,False,0.00011141702998429537,
D7,7,penalized/bic,97,8,8,1.5333200536565748,1.0024173752728902,0.1834650431065079,0.08247422680412371,1.0,0.1523809523809524,D7:penalized/bic,False,False,0.0003322080010548234,exact_off_grid_k
D7,7,evaluate/time_holdout/best,100,8,8,1.5401559901750794,1.0024173752728902,0.18582735062369551,0.08,1.0,0.14814814814814814,D7:evaluate/time_holdout/best,False,True,0.009640457923524082,synthetic_time_holdout
D7,7,evaluate/one_se,75,8,8,1.4358620019363202,1.0024173752728902,0.14978627977013093,0.10666666666666667,1.0,0.1927710843373494,D7:evaluate/one_se,False,False,0.03841287491377443,synthetic_group_cv
D7,7,fixed_k=50,50,8,8,1.3478379856981337,1.0024173752728902,0.11936765392572395,0.16,1.0,0.2758620689655173,D7:fixed_k=50,False,False,2.459040842950344e-06,
D7,7,oracle,8,8,8,1.0024173752728902,1.0024173752728902,0.0,1.0,1.0,1.0,D7:oracle,False,False,0.0,
D7,7,penalized/ebic,8,8,8,1.0024173752728902,1.0024173752728902,0.0,1.0,1.0,1.0,D7:penalized/ebic,False,False,0.0003134579164907336,
D7,7,penalized/ric,8,8,8,1.0024173752728902,1.0024173752728902,0.0,1.0,1.0,1.0,D7:penalized/ric,False,False,0.0002472919877618551,
D7,7,chi2_stop,8,8,8,1.0024173752728902,1.0024173752728902,0.0,1.0,1.0,1.0,D7:chi2_stop,False,False,0.0005047500599175692,
D7,7,forward_stop,8,8,8,1.0024173752728902,1.0024173752728902,0.0,1.0,1.0,1.0,D7:forward_stop,False,False,0.0005193330580368638,
D7,7,perm_gap,8,8,8,1.0024173752728902,1.0024173752728902,0.0,1.0,1.0,1.0,D7:perm_gap,False,False,0.38116295798681676,
D7,7,knockoff_path,0,8,8,3.8961712446433996,1.0024173752728902,1.0,0.0,0.0,0.0,D7:knockoff_path,True,False,0.3880350000690669,
D7,7,xfit_objective,8,8,8,1.0024173752728902,1.0024173752728902,0.0,1.0,1.0,1.0,D7:xfit_objective,False,False,0.12432995904237032,
D7,7,gaussian_cv,8,8,8,1.0024173752728902,1.0024173752728902,0.0,1.0,1.0,1.0,D7:gaussian_cv,False,False,0.12576174992136657,
D7,7,k_posterior,8,8,8,1.0024173752728902,1.0024173752728902,0.0,1.0,1.0,1.0,D7:k_posterior,False,False,0.0003936659777536988,
D7,7,stability,8,8,8,1.0024173752728902,1.0024173752728902,0.0,1.0,1.0,1.0,D7:stability,False,False,0.4575782499741763,
D7,7,changepoint,41,8,8,1.2877882786033823,1.0024173752728902,0.09861616302307358,0.1951219512195122,1.0,0.326530612244898,D7:changepoint,False,False,0.0007525829132646322,exact_off_grid_k
D7,7,consensus,8,8,8,1.0024173752728902,1.0024173752728902,0.0,1.0,1.0,1.0,D7:consensus,False,False,0.1465678750537336,
D7,8,elbow,9,8,8,1.0333953109484988,1.009915064831884,0.00804257522096318,0.8888888888888888,1.0,0.9411764705882353,D7:elbow,False,False,0.00012024992611259222,
D7,8,penalized/bic,100,8,8,1.6283117721246823,1.009915064831884,0.21181643540265066,0.08,1.0,0.14814814814814814,D7:penalized/bic,False,True,0.0004164580022916198,
D7,8,evaluate/time_holdout/best,60,8,8,1.3647010719539496,1.009915064831884,0.12152313631863115,0.13333333333333333,1.0,0.23529411764705882,D7:evaluate/time_holdout/best,False,False,0.01006229198537767,synthetic_time_holdout
D7,8,evaluate/one_se,100,8,8,1.6283117721246823,1.009915064831884,0.21181643540265066,0.08,1.0,0.14814814814814814,D7:evaluate/one_se,False,True,0.052949832985177636,synthetic_group_cv
D7,8,fixed_k=50,50,8,8,1.309576436479708,1.009915064831884,0.10264156135012817,0.16,1.0,0.2758620689655173,D7:fixed_k=50,False,False,2.625049091875553e-06,
D7,8,oracle,8,8,8,1.009915064831884,1.009915064831884,0.0,1.0,1.0,1.0,D7:oracle,False,False,0.0,
D7,8,penalized/ebic,8,8,8,1.009915064831884,1.009915064831884,0.0,1.0,1.0,1.0,D7:penalized/ebic,False,False,0.000331666087731719,
D7,8,penalized/ric,8,8,8,1.009915064831884,1.009915064831884,0.0,1.0,1.0,1.0,D7:penalized/ric,False,False,0.00025529100093990564,
D7,8,chi2_stop,8,8,8,1.009915064831884,1.009915064831884,0.0,1.0,1.0,1.0,D7:chi2_stop,False,False,0.0006316249491646886,
D7,8,forward_stop,8,8,8,1.009915064831884,1.009915064831884,0.0,1.0,1.0,1.0,D7:forward_stop,False,False,0.0005772080039605498,
D7,8,perm_gap,8,8,8,1.009915064831884,1.009915064831884,0.0,1.0,1.0,1.0,D7:perm_gap,False,False,0.3964007080066949,
D7,8,knockoff_path,0,8,8,3.9294085692771947,1.009915064831884,1.0,0.0,0.0,0.0,D7:knockoff_path,True,False,0.3908209160435945,
D7,8,xfit_objective,8,8,8,1.009915064831884,1.009915064831884,0.0,1.0,1.0,1.0,D7:xfit_objective,False,False,0.13856733299326152,
D7,8,gaussian_cv,8,8,8,1.009915064831884,1.009915064831884,0.0,1.0,1.0,1.0,D7:gaussian_cv,False,False,0.15040429204236716,
D7,8,k_posterior,8,8,8,1.009915064831884,1.009915064831884,0.0,1.0,1.0,1.0,D7:k_posterior,False,False,0.0007382909534499049,
D7,8,stability,7,8,8,1.2858083955388278,1.009915064831884,0.09450040915893805,1.0,0.875,0.9333333333333333,D7:stability,False,False,0.4479620000347495,
D7,8,changepoint,16,8,8,1.0968098124223966,1.009915064831884,0.02976363792493596,0.5,1.0,0.6666666666666666,D7:changepoint,False,False,0.0008130830246955156,
D7,8,consensus,8,8,8,1.009915064831884,1.009915064831884,0.0,1.0,1.0,1.0,D7:consensus,False,False,0.13276216597296298,
D7,9,elbow,10,8,8,1.0604250748672375,1.0089350950789444,0.017739799405111417,0.8,1.0,0.888888888888889,D7:elbow,False,False,0.00023037497885525227,
D7,9,penalized/bic,87,8,8,1.607212320222192,1.0089350950789444,0.2061239488989074,0.09195402298850575,1.0,0.16842105263157897,D7:penalized/bic,False,False,0.0004204170545563102,exact_off_grid_k
D7,9,evaluate/time_holdout/best,100,8,8,1.6585919400693763,1.0089350950789444,0.2238257260863819,0.08,1.0,0.14814814814814814,D7:evaluate/time_holdout/best,False,True,0.01030004199128598,synthetic_time_holdout
D7,9,evaluate/one_se,100,8,8,1.6585919400693763,1.0089350950789444,0.2238257260863819,0.08,1.0,0.14814814814814814,D7:evaluate/one_se,False,True,0.04417100001592189,synthetic_group_cv
D7,9,fixed_k=50,50,8,8,1.486498374330642,1.0089350950789444,0.1645344747076113,0.16,1.0,0.2758620689655173,D7:fixed_k=50,False,False,1.9579892978072166e-06,
D7,9,oracle,8,8,8,1.0089350950789444,1.0089350950789444,0.0,1.0,1.0,1.0,D7:oracle,False,False,0.0,
D7,9,penalized/ebic,10,8,8,1.0604250748672375,1.0089350950789444,0.017739799405111417,0.8,1.0,0.888888888888889,D7:penalized/ebic,False,False,0.0003111669793725014,
D7,9,penalized/ric,9,8,8,1.0352092354232365,1.0089350950789444,0.009052207461838244,0.8888888888888888,1.0,0.9411764705882353,D7:penalized/ric,False,False,0.000258459011092782,
D7,9,chi2_stop,9,8,8,1.0352092354232365,1.0089350950789444,0.009052207461838244,0.8888888888888888,1.0,0.9411764705882353,D7:chi2_stop,False,False,0.0007109580328688025,
D7,9,forward_stop,9,8,8,1.0352092354232365,1.0089350950789444,0.009052207461838244,0.8888888888888888,1.0,0.9411764705882353,D7:forward_stop,False,False,0.0006379999686032534,
D7,9,perm_gap,9,8,8,1.0352092354232365,1.0089350950789444,0.009052207461838244,0.8888888888888888,1.0,0.9411764705882353,D7:perm_gap,False,False,0.3965420000022277,
D7,9,knockoff_path,0,8,8,3.9114470464518054,1.0089350950789444,1.0,0.0,0.0,0.0,D7:knockoff_path,True,False,0.3798232909757644,
D7,9,xfit_objective,8,8,8,1.0089350950789444,1.0089350950789444,0.0,1.0,1.0,1.0,D7:xfit_objective,False,False,0.13048158399760723,
D7,9,gaussian_cv,8,8,8,1.0089350950789444,1.0089350950789444,0.0,1.0,1.0,1.0,D7:gaussian_cv,False,False,0.13952820794656873,
D7,9,k_posterior,10,8,8,1.0604250748672375,1.0089350950789444,0.017739799405111417,0.8,1.0,0.888888888888889,D7:k_posterior,False,False,0.000404624966904521,
D7,9,stability,8,8,8,1.0089350950789444,1.0089350950789444,0.0,1.0,1.0,1.0,D7:stability,False,False,0.4643365840893239,
D7,9,changepoint,34,8,8,1.385379173208616,1.0089350950789444,0.12969596144181839,0.23529411764705882,1.0,0.38095238095238093,D7:changepoint,False,False,0.0008095829980447888,exact_off_grid_k
D7,9,consensus,9,8,8,1.0352092354232365,1.0089350950789444,0.009052207461838244,0.8888888888888888,1.0,0.9411764705882353,D7:consensus,False,False,0.1361472080461681,
D7,10,elbow,10,8,8,1.0453166190074161,1.0130958718750769,0.011127081681077596,0.8,1.0,0.888888888888889,D7:elbow,False,False,0.00011391693260520697,
D7,10,penalized/bic,100,8,8,1.6611869731514406,1.0130958718750769,0.2238111546905673,0.08,1.0,0.14814814814814814,D7:penalized/bic,False,True,0.00035149999894201756,
D7,10,evaluate/time_holdout/best,60,8,8,1.4360275140249081,1.0130958718750769,0.14605480463828693,0.13333333333333333,1.0,0.23529411764705882,D7:evaluate/time_holdout/best,False,False,0.010122250067070127,synthetic_time_holdout
D7,10,evaluate/one_se,60,8,8,1.4360275140249081,1.0130958718750769,0.14605480463828693,0.13333333333333333,1.0,0.23529411764705882,D7:evaluate/one_se,False,False,0.05732987495139241,synthetic_group_cv
D7,10,fixed_k=50,50,8,8,1.3704920970125205,1.0130958718750769,0.12342286705145117,0.16,1.0,0.2758620689655173,D7:fixed_k=50,False,False,2.4581095203757286e-06,
D7,10,oracle,8,8,8,1.0130958718750769,1.0130958718750769,0.0,1.0,1.0,1.0,D7:oracle,False,False,0.0,
D7,10,penalized/ebic,9,8,8,1.0384471573868352,1.0130958718750769,0.008754788442709048,0.8888888888888888,1.0,0.9411764705882353,D7:penalized/ebic,False,False,0.0003264590632170439,
D7,10,penalized/ric,9,8,8,1.0384471573868352,1.0130958718750769,0.008754788442709048,0.8888888888888888,1.0,0.9411764705882353,D7:penalized/ric,False,False,0.000269667012616992,
D7,10,chi2_stop,8,8,8,1.0130958718750769,1.0130958718750769,0.0,1.0,1.0,1.0,D7:chi2_stop,False,False,0.000642833998426795,
D7,10,forward_stop,9,8,8,1.0384471573868352,1.0130958718750769,0.008754788442709048,0.8888888888888888,1.0,0.9411764705882353,D7:forward_stop,False,False,0.0005596668925136328,
D7,10,perm_gap,8,8,8,1.0130958718750769,1.0130958718750769,0.0,1.0,1.0,1.0,D7:perm_gap,False,False,0.3834443329833448,
D7,10,knockoff_path,0,8,8,3.9088009683095666,1.0130958718750769,1.0,0.0,0.0,0.0,D7:knockoff_path,True,False,0.37549200002104044,
D7,10,xfit_objective,8,8,8,1.0130958718750769,1.0130958718750769,0.0,1.0,1.0,1.0,D7:xfit_objective,False,False,0.1415180000476539,
D7,10,gaussian_cv,8,8,8,1.0130958718750769,1.0130958718750769,0.0,1.0,1.0,1.0,D7:gaussian_cv,False,False,0.14096887491177768,
D7,10,k_posterior,9,8,8,1.0384471573868352,1.0130958718750769,0.008754788442709048,0.8888888888888888,1.0,0.9411764705882353,D7:k_posterior,False,False,0.0004392919363453984,
D7,10,stability,8,8,8,1.0130958718750769,1.0130958718750769,0.0,1.0,1.0,1.0,D7:stability,False,False,0.42884533293545246,
D7,10,changepoint,16,8,8,1.1026198682943424,1.0130958718750769,0.03091613042001319,0.5,1.0,0.6666666666666666,D7:changepoint,False,False,0.0008142080623656511,
D7,10,consensus,8,8,8,1.0130958718750769,1.0130958718750769,0.0,1.0,1.0,1.0,D7:consensus,False,False,0.1359013750916347,
D7,11,elbow,9,8,8,1.026312406811976,1.0071592691096987,0.006593085719501124,0.8888888888888888,1.0,0.9411764705882353,D7:elbow,False,False,0.00012049998622387648,
D7,11,penalized/bic,100,8,8,1.8885251492631592,1.0071592691096987,0.30339262884349194,0.08,1.0,0.14814814814814814,D7:penalized/bic,False,True,0.00034775002859532833,
D7,11,evaluate/time_holdout/best,100,8,8,1.8885251492631592,1.0071592691096987,0.30339262884349194,0.08,1.0,0.14814814814814814,D7:evaluate/time_holdout/best,False,True,0.011458749999292195,synthetic_time_holdout
D7,11,evaluate/one_se,100,8,8,1.8885251492631592,1.0071592691096987,0.30339262884349194,0.08,1.0,0.14814814814814814,D7:evaluate/one_se,False,True,0.0492420420050621,synthetic_group_cv
D7,11,fixed_k=50,50,8,8,1.448412446125243,1.0071592691096987,0.15189260711678468,0.16,1.0,0.2758620689655173,D7:fixed_k=50,False,False,2.250075340270996e-06,
D7,11,oracle,8,8,8,1.0071592691096987,1.0071592691096987,0.0,1.0,1.0,1.0,D7:oracle,False,False,0.0,
D7,11,penalized/ebic,8,8,8,1.0071592691096987,1.0071592691096987,0.0,1.0,1.0,1.0,D7:penalized/ebic,False,False,0.00031625002156943083,
D7,11,penalized/ric,8,8,8,1.0071592691096987,1.0071592691096987,0.0,1.0,1.0,1.0,D7:penalized/ric,False,False,0.0002544580493122339,
D7,11,chi2_stop,8,8,8,1.0071592691096987,1.0071592691096987,0.0,1.0,1.0,1.0,D7:chi2_stop,False,False,0.0005134999519214034,
D7,11,forward_stop,8,8,8,1.0071592691096987,1.0071592691096987,0.0,1.0,1.0,1.0,D7:forward_stop,False,False,0.0005125839961692691,
D7,11,perm_gap,8,8,8,1.0071592691096987,1.0071592691096987,0.0,1.0,1.0,1.0,D7:perm_gap,False,False,0.39809966704342514,
D7,11,knockoff_path,0,8,8,3.9121931966416748,1.0071592691096987,1.0,0.0,0.0,0.0,D7:knockoff_path,True,False,0.3885737080127001,
D7,11,xfit_objective,97,8,8,1.8703047550423495,1.0071592691096987,0.2971206214675612,0.08247422680412371,1.0,0.1523809523809524,D7:xfit_objective,False,False,0.1370517499744892,exact_off_grid_k
D7,11,gaussian_cv,8,8,8,1.0071592691096987,1.0071592691096987,0.0,1.0,1.0,1.0,D7:gaussian_cv,False,False,0.12910770892631263,
D7,11,k_posterior,8,8,8,1.0071592691096987,1.0071592691096987,0.0,1.0,1.0,1.0,D7:k_posterior,False,False,0.0004195410292595625,
D7,11,stability,8,8,8,1.0071592691096987,1.0071592691096987,0.0,1.0,1.0,1.0,D7:stability,False,False,0.41319462505634874,
D7,11,changepoint,13,8,8,1.090839332465075,1.0071592691096987,0.02880519313812908,0.6153846153846154,1.0,0.761904761904762,D7:changepoint,False,False,0.0007981250528246164,
D7,11,consensus,8,8,8,1.0071592691096987,1.0071592691096987,0.0,1.0,1.0,1.0,D7:consensus,False,False,0.1413150830194354,
D7,12,elbow,9,8,8,1.0384506966428608,1.0158339891023591,0.007797376453970707,0.8888888888888888,1.0,0.9411764705882353,D7:elbow,False,False,0.00010033301077783108,
D7,12,penalized/bic,27,8,8,1.176710830177259,1.0158339891023591,0.05546418683357063,0.2962962962962963,1.0,0.45714285714285713,D7:penalized/bic,False,False,0.0003387079341337085,
D7,12,evaluate/time_holdout/best,26,8,8,1.1657764519468377,1.0158339891023591,0.051694431081102395,0.3076923076923077,1.0,0.47058823529411764,D7:evaluate/time_holdout/best,False,False,0.009249749942682683,synthetic_time_holdout
D7,12,evaluate/one_se,50,8,8,1.3238047934301265,1.0158339891023591,0.1061765641119699,0.16,1.0,0.2758620689655173,D7:evaluate/one_se,False,False,0.036896124947816133,synthetic_group_cv
D7,12,fixed_k=50,50,8,8,1.3238047934301265,1.0158339891023591,0.1061765641119699,0.16,1.0,0.2758620689655173,D7:fixed_k=50,False,False,2.3330794647336006e-06,
D7,12,oracle,8,8,8,1.0158339891023591,1.0158339891023591,0.0,1.0,1.0,1.0,D7:oracle,False,False,0.0,
D7,12,penalized/ebic,9,8,8,1.0384506966428608,1.0158339891023591,0.007797376453970707,0.8888888888888888,1.0,0.9411764705882353,D7:penalized/ebic,False,False,0.000319291022606194,
D7,12,penalized/ric,8,8,8,1.0158339891023591,1.0158339891023591,0.0,1.0,1.0,1.0,D7:penalized/ric,False,False,0.0002506250748410821,
D7,12,chi2_stop,8,8,8,1.0158339891023591,1.0158339891023591,0.0,1.0,1.0,1.0,D7:chi2_stop,False,False,0.0005150829674676061,
D7,12,forward_stop,8,8,8,1.0158339891023591,1.0158339891023591,0.0,1.0,1.0,1.0,D7:forward_stop,False,False,0.0004967499990016222,
D7,12,perm_gap,8,8,8,1.0158339891023591,1.0158339891023591,0.0,1.0,1.0,1.0,D7:perm_gap,False,False,0.3792812500614673,
D7,12,knockoff_path,5,8,8,2.0280634850006085,1.0158339891023591,0.34897804745440686,1.0,0.625,0.7692307692307693,D7:knockoff_path,False,False,0.429361000075005,
D7,12,xfit_objective,8,8,8,1.0158339891023591,1.0158339891023591,0.0,1.0,1.0,1.0,D7:xfit_objective,False,False,0.13611366704571992,
D7,12,gaussian_cv,8,8,8,1.0158339891023591,1.0158339891023591,0.0,1.0,1.0,1.0,D7:gaussian_cv,False,False,0.1439793329918757,
D7,12,k_posterior,9,8,8,1.0384506966428608,1.0158339891023591,0.007797376453970707,0.8888888888888888,1.0,0.9411764705882353,D7:k_posterior,False,False,0.0004019159823656082,
D7,12,stability,8,8,8,1.0158339891023591,1.0158339891023591,0.0,1.0,1.0,1.0,D7:stability,False,False,0.41767670901026577,
D7,12,changepoint,27,8,8,1.176710830177259,1.0158339891023591,0.05546418683357063,0.2962962962962963,1.0,0.45714285714285713,D7:changepoint,False,False,0.0007334169931709766,
D7,12,consensus,8,8,8,1.0158339891023591,1.0158339891023591,0.0,1.0,1.0,1.0,D7:consensus,False,False,0.138695125002414,
D7,13,elbow,9,8,8,1.037207182021846,1.0218489681057752,0.00527125903324542,0.8888888888888888,1.0,0.9411764705882353,D7:elbow,False,False,0.00011662510223686695,
D7,13,penalized/bic,100,8,8,1.910637201224424,1.0218489681057752,0.3050506411794729,0.08,1.0,0.14814814814814814,D7:penalized/bic,False,True,0.00035508302971720695,
D7,13,evaluate/time_holdout/best,100,8,8,1.910637201224424,1.0218489681057752,0.3050506411794729,0.08,1.0,0.14814814814814814,D7:evaluate/time_holdout/best,False,True,0.010395040968433022,synthetic_time_holdout
D7,13,evaluate/one_se,100,8,8,1.910637201224424,1.0218489681057752,0.3050506411794729,0.08,1.0,0.14814814814814814,D7:evaluate/one_se,False,True,0.037481082952581346,synthetic_group_cv
D7,13,fixed_k=50,50,8,8,1.4529933455073032,1.0218489681057752,0.14797773402756492,0.16,1.0,0.2758620689655173,D7:fixed_k=50,False,False,2.1669548004865646e-06,
D7,13,oracle,8,8,8,1.0218489681057752,1.0218489681057752,0.0,1.0,1.0,1.0,D7:oracle,False,False,0.0,
D7,13,penalized/ebic,8,8,8,1.0218489681057752,1.0218489681057752,0.0,1.0,1.0,1.0,D7:penalized/ebic,False,False,0.0003284580307081342,
D7,13,penalized/ric,8,8,8,1.0218489681057752,1.0218489681057752,0.0,1.0,1.0,1.0,D7:penalized/ric,False,False,0.0002550409408286214,
D7,13,chi2_stop,8,8,8,1.0218489681057752,1.0218489681057752,0.0,1.0,1.0,1.0,D7:chi2_stop,False,False,0.0005265830550342798,
D7,13,forward_stop,8,8,8,1.0218489681057752,1.0218489681057752,0.0,1.0,1.0,1.0,D7:forward_stop,False,False,0.0005142498994246125,
D7,13,perm_gap,8,8,8,1.0218489681057752,1.0218489681057752,0.0,1.0,1.0,1.0,D7:perm_gap,False,False,0.3979628330562264,
D7,13,knockoff_path,0,8,8,3.9354249884090424,1.0218489681057752,1.0,0.0,0.0,0.0,D7:knockoff_path,True,False,0.3918442080030218,
D7,13,xfit_objective,97,8,8,1.8927591397266967,1.0218489681057752,0.2989145179504431,0.08247422680412371,1.0,0.1523809523809524,D7:xfit_objective,False,False,0.1294524590484798,exact_off_grid_k
D7,13,gaussian_cv,8,8,8,1.0218489681057752,1.0218489681057752,0.0,1.0,1.0,1.0,D7:gaussian_cv,False,False,0.12597641709726304,
D7,13,k_posterior,8,8,8,1.0218489681057752,1.0218489681057752,0.0,1.0,1.0,1.0,D7:k_posterior,False,False,0.00039362499956041574,
D7,13,stability,8,8,8,1.0218489681057752,1.0218489681057752,0.0,1.0,1.0,1.0,D7:stability,False,False,0.4157084160251543,
D7,13,changepoint,10,8,8,1.0525873850364198,1.0218489681057752,0.010550065183281237,0.8,1.0,0.888888888888889,D7:changepoint,False,False,0.0007773750694468617,
D7,13,consensus,8,8,8,1.0218489681057752,1.0218489681057752,0.0,1.0,1.0,1.0,D7:consensus,False,False,0.1439017920056358,
D7,14,elbow,9,8,8,1.0236861430468474,1.0171018910998548,0.002272659671839793,0.8888888888888888,1.0,0.9411764705882353,D7:elbow,False,False,0.00011875003110617399,
D7,14,penalized/bic,96,8,8,1.6431858743748073,1.0171018910998548,0.21610288175921455,0.08333333333333333,1.0,0.15384615384615385,D7:penalized/bic,False,False,0.00035054096952080727,exact_off_grid_k
D7,14,evaluate/time_holdout/best,100,8,8,1.6499313805601739,1.0171018910998548,0.21843120090572454,0.08,1.0,0.14814814814814814,D7:evaluate/time_holdout/best,False,True,0.007870208006352186,synthetic_time_holdout
D7,14,evaluate/one_se,60,8,8,1.4324826605251537,1.0171018910998548,0.14337530379010754,0.13333333333333333,1.0,0.23529411764705882,D7:evaluate/one_se,False,False,0.04310899996198714,synthetic_group_cv
D7,14,fixed_k=50,50,8,8,1.343578938658923,1.0171018910998548,0.11268876491090607,0.16,1.0,0.2758620689655173,D7:fixed_k=50,False,False,2.1669548004865646e-06,
D7,14,oracle,8,8,8,1.0171018910998548,1.0171018910998548,0.0,1.0,1.0,1.0,D7:oracle,False,False,0.0,
D7,14,penalized/ebic,8,8,8,1.0171018910998548,1.0171018910998548,0.0,1.0,1.0,1.0,D7:penalized/ebic,False,False,0.0003112090053036809,
D7,14,penalized/ric,8,8,8,1.0171018910998548,1.0171018910998548,0.0,1.0,1.0,1.0,D7:penalized/ric,False,False,0.0002463340060785413,
D7,14,chi2_stop,8,8,8,1.0171018910998548,1.0171018910998548,0.0,1.0,1.0,1.0,D7:chi2_stop,False,False,0.0005044999998062849,
D7,14,forward_stop,8,8,8,1.0171018910998548,1.0171018910998548,0.0,1.0,1.0,1.0,D7:forward_stop,False,False,0.0005130410427227616,
D7,14,perm_gap,8,8,8,1.0171018910998548,1.0171018910998548,0.0,1.0,1.0,1.0,D7:perm_gap,False,False,0.3916668329620734,
D7,14,knockoff_path,0,8,8,3.914258921946606,1.0171018910998548,1.0,0.0,0.0,0.0,D7:knockoff_path,True,False,0.40473074989859015,
D7,14,xfit_objective,8,8,8,1.0171018910998548,1.0171018910998548,0.0,1.0,1.0,1.0,D7:xfit_objective,False,False,0.15945308306254447,
D7,14,gaussian_cv,8,8,8,1.0171018910998548,1.0171018910998548,0.0,1.0,1.0,1.0,D7:gaussian_cv,False,False,0.13303716701921076,
D7,14,k_posterior,8,8,8,1.0171018910998548,1.0171018910998548,0.0,1.0,1.0,1.0,D7:k_posterior,False,False,0.0003926249919459224,
D7,14,stability,7,8,8,1.2936884056440365,1.0171018910998548,0.09546825097821635,1.0,0.875,0.9333333333333333,D7:stability,False,False,0.4369811250362545,
D7,14,changepoint,16,8,8,1.0904162291725168,1.0171018910998548,0.02530561419076218,0.5,1.0,0.6666666666666666,D7:changepoint,False,False,0.0008206670172512531,
D7,14,consensus,8,8,8,1.0171018910998548,1.0171018910998548,0.0,1.0,1.0,1.0,D7:consensus,False,False,0.1284137499751523,
D7,15,elbow,9,8,8,1.0303491119023436,1.0166160980790457,0.00469750634948472,0.8888888888888888,1.0,0.9411764705882353,D7:elbow,False,False,0.00013079203199595213,
D7,15,penalized/bic,69,8,8,1.6160660039168941,1.0166160980790457,0.2050474699220173,0.11594202898550725,1.0,0.20779220779220778,D7:penalized/bic,False,False,0.00035329197999089956,exact_off_grid_k
D7,15,evaluate/time_holdout/best,100,8,8,1.7231514210273036,1.0166160980790457,0.24167704251881889,0.08,1.0,0.14814814814814814,D7:evaluate/time_holdout/best,False,True,0.00878750008996576,synthetic_time_holdout
D7,15,evaluate/one_se,100,8,8,1.7231514210273036,1.0166160980790457,0.24167704251881889,0.08,1.0,0.14814814814814814,D7:evaluate/one_se,False,True,0.0484626250108704,synthetic_group_cv
D7,15,fixed_k=50,50,8,8,1.4539087949602787,1.0166160980790457,0.14958007372700646,0.16,1.0,0.2758620689655173,D7:fixed_k=50,False,False,2.2909371182322502e-06,
D7,15,oracle,8,8,8,1.0166160980790457,1.0166160980790457,0.0,1.0,1.0,1.0,D7:oracle,False,False,0.0,
D7,15,penalized/ebic,8,8,8,1.0166160980790457,1.0166160980790457,0.0,1.0,1.0,1.0,D7:penalized/ebic,False,False,0.0003197080222889781,
D7,15,penalized/ric,8,8,8,1.0166160980790457,1.0166160980790457,0.0,1.0,1.0,1.0,D7:penalized/ric,False,False,0.000276208040304482,
D7,15,chi2_stop,8,8,8,1.0166160980790457,1.0166160980790457,0.0,1.0,1.0,1.0,D7:chi2_stop,False,False,0.0006345839938148856,
D7,15,forward_stop,8,8,8,1.0166160980790457,1.0166160980790457,0.0,1.0,1.0,1.0,D7:forward_stop,False,False,0.0005652910331264138,
D7,15,perm_gap,8,8,8,1.0166160980790457,1.0166160980790457,0.0,1.0,1.0,1.0,D7:perm_gap,False,False,0.40196279203519225,
D7,15,knockoff_path,0,8,8,3.940085020011262,1.0166160980790457,1.0,0.0,0.0,0.0,D7:knockoff_path,True,False,0.38733841700013727,
D7,15,xfit_objective,8,8,8,1.0166160980790457,1.0166160980790457,0.0,1.0,1.0,1.0,D7:xfit_objective,False,False,0.13325429102405906,
D7,15,gaussian_cv,8,8,8,1.0166160980790457,1.0166160980790457,0.0,1.0,1.0,1.0,D7:gaussian_cv,False,False,0.1322182499570772,
D7,15,k_posterior,8,8,8,1.0166160980790457,1.0166160980790457,0.0,1.0,1.0,1.0,D7:k_posterior,False,False,0.0004010419361293316,
D7,15,stability,8,8,8,1.0166160980790457,1.0166160980790457,0.0,1.0,1.0,1.0,D7:stability,False,False,0.4400925840018317,
D7,15,changepoint,27,8,8,1.2250064265667953,1.0166160980790457,0.07128186892098635,0.2962962962962963,1.0,0.45714285714285713,D7:changepoint,False,False,0.0007597090443596244,
D7,15,consensus,8,8,8,1.0166160980790457,1.0166160980790457,0.0,1.0,1.0,1.0,D7:consensus,False,False,0.13153187499847263,
D7,16,elbow,9,8,8,1.0383212286618562,1.0204578226611463,0.006187060738059827,0.8888888888888888,1.0,0.9411764705882353,D7:elbow,False,False,0.00020037498325109482,
D7,16,penalized/bic,55,8,8,1.4317100181050775,1.0204578226611463,0.14243881104034337,0.14545454545454545,1.0,0.25396825396825395,D7:penalized/bic,False,False,0.000614625052548945,
D7,16,evaluate/time_holdout/best,100,8,8,1.6519554686147326,1.0204578226611463,0.21872168674335501,0.08,1.0,0.14814814814814814,D7:evaluate/time_holdout/best,False,True,0.013460707967169583,synthetic_time_holdout
D7,16,evaluate/one_se,60,8,8,1.4633775241366112,1.0204578226611463,0.15340697597105077,0.13333333333333333,1.0,0.23529411764705882,D7:evaluate/one_se,False,False,0.04866620805114508,synthetic_group_cv
D7,16,fixed_k=50,50,8,8,1.3987693879079979,1.0204578226611463,0.13102969456103367,0.16,1.0,0.2758620689655173,D7:fixed_k=50,False,False,2.5830231606960297e-06,
D7,16,oracle,8,8,8,1.0204578226611463,1.0204578226611463,0.0,1.0,1.0,1.0,D7:oracle,False,False,0.0,
D7,16,penalized/ebic,8,8,8,1.0204578226611463,1.0204578226611463,0.0,1.0,1.0,1.0,D7:penalized/ebic,False,False,0.0003226660192012787,
D7,16,penalized/ric,8,8,8,1.0204578226611463,1.0204578226611463,0.0,1.0,1.0,1.0,D7:penalized/ric,False,False,0.00024508300703018904,
D7,16,chi2_stop,8,8,8,1.0204578226611463,1.0204578226611463,0.0,1.0,1.0,1.0,D7:chi2_stop,False,False,0.0005042919656261802,
D7,16,forward_stop,8,8,8,1.0204578226611463,1.0204578226611463,0.0,1.0,1.0,1.0,D7:forward_stop,False,False,0.0007296249968931079,
D7,16,perm_gap,8,8,8,1.0204578226611463,1.0204578226611463,0.0,1.0,1.0,1.0,D7:perm_gap,False,False,0.4054489170666784,
D7,16,knockoff_path,0,8,8,3.9076779029203887,1.0204578226611463,1.0,0.0,0.0,0.0,D7:knockoff_path,True,False,0.4013251250144094,
D7,16,xfit_objective,8,8,8,1.0204578226611463,1.0204578226611463,0.0,1.0,1.0,1.0,D7:xfit_objective,False,False,0.13047149998601526,
D7,16,gaussian_cv,8,8,8,1.0204578226611463,1.0204578226611463,0.0,1.0,1.0,1.0,D7:gaussian_cv,False,False,0.12952691596001387,
D7,16,k_posterior,8,8,8,1.0204578226611463,1.0204578226611463,0.0,1.0,1.0,1.0,D7:k_posterior,False,False,0.00040975003503262997,
D7,16,stability,6,8,8,1.6148043463992734,1.0204578226611463,0.2058542498377058,1.0,0.75,0.8571428571428571,D7:stability,False,False,0.4224537080153823,
D7,16,changepoint,14,8,8,1.0961385835585198,1.0204578226611463,0.026212328396724844,0.5714285714285714,1.0,0.7272727272727273,D7:changepoint,False,False,0.000899749924428761,
D7,16,consensus,8,8,8,1.0204578226611463,1.0204578226611463,0.0,1.0,1.0,1.0,D7:consensus,False,False,0.13205758295953274,
D7,17,elbow,9,8,8,1.0312694698213318,1.0086449557696608,0.0076867540207911705,0.8888888888888888,1.0,0.9411764705882353,D7:elbow,False,False,0.00011391693260520697,
D7,17,penalized/bic,46,8,8,1.3697020011828573,1.0086449557696608,0.12267033401143429,0.17391304347826086,1.0,0.29629629629629634,D7:penalized/bic,False,False,0.0003445830661803484,exact_off_grid_k
D7,17,evaluate/time_holdout/best,60,8,8,1.4727028502810262,1.0086449557696608,0.15766521563152275,0.13333333333333333,1.0,0.23529411764705882,D7:evaluate/time_holdout/best,False,False,0.010677833925001323,synthetic_time_holdout
D7,17,evaluate/one_se,75,8,8,1.569425099045353,1.0086449557696608,0.19052692187153997,0.10666666666666667,1.0,0.1927710843373494,D7:evaluate/one_se,False,False,0.038667500019073486,synthetic_group_cv
D7,17,fixed_k=50,50,8,8,1.3858297943787057,1.0086449557696608,0.12814980547816043,0.16,1.0,0.2758620689655173,D7:fixed_k=50,False,False,1.959037035703659e-06,
D7,17,oracle,8,8,8,1.0086449557696608,1.0086449557696608,0.0,1.0,1.0,1.0,D7:oracle,False,False,0.0,
D7,17,penalized/ebic,9,8,8,1.0312694698213318,1.0086449557696608,0.0076867540207911705,0.8888888888888888,1.0,0.9411764705882353,D7:penalized/ebic,False,False,0.00029808294493705034,
D7,17,penalized/ric,8,8,8,1.0086449557696608,1.0086449557696608,0.0,1.0,1.0,1.0,D7:penalized/ric,False,False,0.00034383300226181746,
D7,17,chi2_stop,8,8,8,1.0086449557696608,1.0086449557696608,0.0,1.0,1.0,1.0,D7:chi2_stop,False,False,0.0005565419560298324,
D7,17,forward_stop,8,8,8,1.0086449557696608,1.0086449557696608,0.0,1.0,1.0,1.0,D7:forward_stop,False,False,0.0005290420958772302,
D7,17,perm_gap,8,8,8,1.0086449557696608,1.0086449557696608,0.0,1.0,1.0,1.0,D7:perm_gap,False,False,0.4005054999142885,
D7,17,knockoff_path,0,8,8,3.9519567868073247,1.0086449557696608,1.0,0.0,0.0,0.0,D7:knockoff_path,True,False,0.41433674993459135,
D7,17,xfit_objective,74,8,8,1.5648196293176062,1.0086449557696608,0.18896219818878862,0.10810810810810811,1.0,0.1951219512195122,D7:xfit_objective,False,False,0.1467646670062095,exact_off_grid_k
D7,17,gaussian_cv,8,8,8,1.0086449557696608,1.0086449557696608,0.0,1.0,1.0,1.0,D7:gaussian_cv,False,False,0.13094725005794317,
D7,17,k_posterior,9,8,8,1.0312694698213318,1.0086449557696608,0.0076867540207911705,0.8888888888888888,1.0,0.9411764705882353,D7:k_posterior,False,False,0.00041037495248019695,
D7,17,stability,5,8,8,1.9477354650178875,1.0086449557696608,0.3190591290210492,1.0,0.625,0.7692307692307693,D7:stability,False,False,0.43981345801148564,
D7,17,changepoint,39,8,8,1.3132943649411222,1.0086449557696608,0.10350565168083371,0.20512820512820512,1.0,0.3404255319148936,D7:changepoint,False,False,0.000811208039522171,exact_off_grid_k
D7,17,consensus,8,8,8,1.0086449557696608,1.0086449557696608,0.0,1.0,1.0,1.0,D7:consensus,False,False,0.14367766701616347,
D7,18,elbow,9,8,8,1.0344863907898687,1.0168754794312063,0.006000916494381609,0.8888888888888888,1.0,0.9411764705882353,D7:elbow,False,False,0.00011304195504635572,
D7,18,penalized/bic,48,8,8,1.346332402627594,1.0168754794312063,0.1122624175622207,0.16666666666666666,1.0,0.2857142857142857,D7:penalized/bic,False,False,0.00035691598895937204,exact_off_grid_k
D7,18,evaluate/time_holdout/best,100,8,8,1.605320419710952,1.0168754794312063,0.20051256157298183,0.08,1.0,0.14814814814814814,D7:evaluate/time_holdout/best,False,True,0.010962125030346215,synthetic_time_holdout
D7,18,evaluate/one_se,100,8,8,1.605320419710952,1.0168754794312063,0.20051256157298183,0.08,1.0,0.14814814814814814,D7:evaluate/one_se,False,True,0.04638258402701467,synthetic_group_cv
D7,18,fixed_k=50,50,8,8,1.3549348425165897,1.0168754794312063,0.11519369819673529,0.16,1.0,0.2758620689655173,D7:fixed_k=50,False,False,2.2079329937696457e-06,
D7,18,oracle,8,8,8,1.0168754794312063,1.0168754794312063,0.0,1.0,1.0,1.0,D7:oracle,False,False,0.0,
D7,18,penalized/ebic,8,8,8,1.0168754794312063,1.0168754794312063,0.0,1.0,1.0,1.0,D7:penalized/ebic,False,False,0.00030216702725738287,
D7,18,penalized/ric,8,8,8,1.0168754794312063,1.0168754794312063,0.0,1.0,1.0,1.0,D7:penalized/ric,False,False,0.0002453330671414733,
D7,18,chi2_stop,8,8,8,1.0168754794312063,1.0168754794312063,0.0,1.0,1.0,1.0,D7:chi2_stop,False,False,0.0004930830327793956,
D7,18,forward_stop,8,8,8,1.0168754794312063,1.0168754794312063,0.0,1.0,1.0,1.0,D7:forward_stop,False,False,0.000516749918460846,
D7,18,perm_gap,8,8,8,1.0168754794312063,1.0168754794312063,0.0,1.0,1.0,1.0,D7:perm_gap,False,False,0.414229791960679,
D7,18,knockoff_path,0,8,8,3.951579099311728,1.0168754794312063,1.0,0.0,0.0,0.0,D7:knockoff_path,True,False,0.38553745800163597,
D7,18,xfit_objective,8,8,8,1.0168754794312063,1.0168754794312063,0.0,1.0,1.0,1.0,D7:xfit_objective,False,False,0.12880104198120534,
D7,18,gaussian_cv,8,8,8,1.0168754794312063,1.0168754794312063,0.0,1.0,1.0,1.0,D7:gaussian_cv,False,False,0.16622691601514816,
D7,18,k_posterior,8,8,8,1.0168754794312063,1.0168754794312063,0.0,1.0,1.0,1.0,D7:k_posterior,False,False,0.0004438749747350812,
D7,18,stability,8,8,8,1.0168754794312063,1.0168754794312063,0.0,1.0,1.0,1.0,D7:stability,False,False,0.470534999971278,
D7,18,changepoint,40,8,8,1.312612202540316,1.0168754794312063,0.10077226235239038,0.2,1.0,0.33333333333333337,D7:changepoint,False,False,0.0008551250211894512,
D7,18,consensus,8,8,8,1.0168754794312063,1.0168754794312063,0.0,1.0,1.0,1.0,D7:consensus,False,False,0.1518729169620201,
D7,19,elbow,9,8,8,1.034410823167382,1.017905672199432,0.00560920307323787,0.8888888888888888,1.0,0.9411764705882353,D7:elbow,False,False,0.0001324170734733343,
D7,19,penalized/bic,24,8,8,1.2436651562794503,1.017905672199432,0.07672336923020023,0.3333333333333333,1.0,0.5,D7:penalized/bic,False,False,0.0003880830481648445,
D7,19,evaluate/time_holdout/best,100,8,8,1.7933260383242695,1.017905672199432,0.2635232061290779,0.08,1.0,0.14814814814814814,D7:evaluate/time_holdout/best,False,True,0.009920584037899971,synthetic_time_holdout
D7,19,evaluate/one_se,75,8,8,1.6375749983800005,1.017905672199432,0.21059189919272642,0.10666666666666667,1.0,0.1927710843373494,D7:evaluate/one_se,False,False,0.04050099989399314,synthetic_group_cv
D7,19,fixed_k=50,50,8,8,1.465148151537168,1.017905672199432,0.15199339251456237,0.16,1.0,0.2758620689655173,D7:fixed_k=50,False,False,2.040993422269821e-06,
D7,19,oracle,8,8,8,1.017905672199432,1.017905672199432,0.0,1.0,1.0,1.0,D7:oracle,False,False,0.0,
D7,19,penalized/ebic,8,8,8,1.017905672199432,1.017905672199432,0.0,1.0,1.0,1.0,D7:penalized/ebic,False,False,0.000300500076264143,
D7,19,penalized/ric,8,8,8,1.017905672199432,1.017905672199432,0.0,1.0,1.0,1.0,D7:penalized/ric,False,False,0.0002532919170334935,
D7,19,chi2_stop,8,8,8,1.017905672199432,1.017905672199432,0.0,1.0,1.0,1.0,D7:chi2_stop,False,False,0.0006073330296203494,
D7,19,forward_stop,8,8,8,1.017905672199432,1.017905672199432,0.0,1.0,1.0,1.0,D7:forward_stop,False,False,0.0005447500152513385,
D7,19,perm_gap,8,8,8,1.017905672199432,1.017905672199432,0.0,1.0,1.0,1.0,D7:perm_gap,False,False,0.39156654104590416,
D7,19,knockoff_path,0,8,8,3.9604183165888,1.017905672199432,1.0,0.0,0.0,0.0,D7:knockoff_path,True,False,0.38643087504897267,
D7,19,xfit_objective,8,8,8,1.017905672199432,1.017905672199432,0.0,1.0,1.0,1.0,D7:xfit_objective,False,False,0.12422425008844584,
D7,19,gaussian_cv,8,8,8,1.017905672199432,1.017905672199432,0.0,1.0,1.0,1.0,D7:gaussian_cv,False,False,0.1431095419684425,
D7,19,k_posterior,8,8,8,1.017905672199432,1.017905672199432,0.0,1.0,1.0,1.0,D7:k_posterior,False,False,0.00042408297304064035,
D7,19,stability,8,8,8,1.017905672199432,1.017905672199432,0.0,1.0,1.0,1.0,D7:stability,False,False,0.43037079193163663,
D7,19,changepoint,41,8,8,1.3816503322911202,1.017905672199432,0.12361702532876381,0.1951219512195122,1.0,0.326530612244898,D7:changepoint,False,False,0.0007680420530959964,exact_off_grid_k
D7,19,consensus,8,8,8,1.017905672199432,1.017905672199432,0.0,1.0,1.0,1.0,D7:consensus,False,False,0.14032558305189013,
D7,20,elbow,10,8,8,1.0646652880088487,1.0170048246822543,0.016607965368608122,0.8,1.0,0.888888888888889,D7:elbow,False,False,0.00013325002510100603,
D7,20,penalized/bic,100,8,8,1.7855592531477833,1.0170048246822543,0.2678137063918041,0.08,1.0,0.14814814814814814,D7:penalized/bic,False,True,0.0003552919952198863,
D7,20,evaluate/time_holdout/best,75,8,8,1.6604106186374654,1.0170048246822543,0.22420388720827603,0.10666666666666667,1.0,0.1927710843373494,D7:evaluate/time_holdout/best,False,False,0.010134999989531934,synthetic_time_holdout
D7,20,evaluate/one_se,75,8,8,1.6604106186374654,1.0170048246822543,0.22420388720827603,0.10666666666666667,1.0,0.1927710843373494,D7:evaluate/one_se,False,False,0.04175129206851125,synthetic_group_cv
D7,20,fixed_k=50,50,8,8,1.501282101679993,1.0170048246822543,0.16875329536912803,0.16,1.0,0.2758620689655173,D7:fixed_k=50,False,False,1.834006980061531e-06,
D7,20,oracle,8,8,8,1.0170048246822543,1.0170048246822543,0.0,1.0,1.0,1.0,D7:oracle,False,False,0.0,
D7,20,penalized/ebic,9,8,8,1.043180999610187,1.0170048246822543,0.009121459934342593,0.8888888888888888,1.0,0.9411764705882353,D7:penalized/ebic,False,False,0.00031858403235673904,
D7,20,penalized/ric,9,8,8,1.043180999610187,1.0170048246822543,0.009121459934342593,0.8888888888888888,1.0,0.9411764705882353,D7:penalized/ric,False,False,0.0002460409887135029,
D7,20,chi2_stop,8,8,8,1.0170048246822543,1.0170048246822543,0.0,1.0,1.0,1.0,D7:chi2_stop,False,False,0.0004903330700471997,
D7,20,forward_stop,9,8,8,1.043180999610187,1.0170048246822543,0.009121459934342593,0.8888888888888888,1.0,0.9411764705882353,D7:forward_stop,False,False,0.0004949580179527402,
D7,20,perm_gap,8,8,8,1.0170048246822543,1.0170048246822543,0.0,1.0,1.0,1.0,D7:perm_gap,False,False,0.415905375033617,
D7,20,knockoff_path,0,8,8,3.886740055265095,1.0170048246822543,1.0,0.0,0.0,0.0,D7:knockoff_path,True,False,0.4101199998985976,
D7,20,xfit_objective,94,8,8,1.7789710979184545,1.0170048246822543,0.265517970130452,0.0851063829787234,1.0,0.1568627450980392,D7:xfit_objective,False,False,0.14405933395028114,exact_off_grid_k
D7,20,gaussian_cv,8,8,8,1.0170048246822543,1.0170048246822543,0.0,1.0,1.0,1.0,D7:gaussian_cv,False,False,0.13723633298650384,
D7,20,k_posterior,9,8,8,1.043180999610187,1.0170048246822543,0.009121459934342593,0.8888888888888888,1.0,0.9411764705882353,D7:k_posterior,False,False,0.0004277089610695839,
D7,20,stability,7,8,8,1.308463048652877,1.0170048246822543,0.10156275772919575,1.0,0.875,0.9333333333333333,D7:stability,False,False,0.4349138749530539,
D7,20,changepoint,25,8,8,1.2553675562535471,1.0170048246822543,0.08306087928637292,0.32,1.0,0.48484848484848486,D7:changepoint,False,False,0.0008667499059811234,
D7,20,consensus,8,8,8,1.0170048246822543,1.0170048246822543,0.0,1.0,1.0,1.0,D7:consensus,False,False,0.1415087500354275,
D7,21,elbow,9,8,8,1.0311954375771497,1.0140107220801602,0.0059085634758160085,0.8888888888888888,1.0,0.9411764705882353,D7:elbow,False,False,0.00014704198110848665,
D7,21,penalized/bic,31,8,8,1.2368367134203428,1.0140107220801602,0.07661351822354817,0.25806451612903225,1.0,0.41025641025641024,D7:penalized/bic,False,False,0.00037879194132983685,exact_off_grid_k
D7,21,evaluate/time_holdout/best,100,8,8,1.597170570451731,1.0140107220801602,0.20050590777917057,0.08,1.0,0.14814814814814814,D7:evaluate/time_holdout/best,False,True,0.010496374918147922,synthetic_time_holdout
D7,21,evaluate/one_se,100,8,8,1.597170570451731,1.0140107220801602,0.20050590777917057,0.08,1.0,0.14814814814814814,D7:evaluate/one_se,False,True,0.04482750000897795,synthetic_group_cv
D7,21,fixed_k=50,50,8,8,1.3310671368335332,1.0140107220801602,0.10901245076260535,0.16,1.0,0.2758620689655173,D7:fixed_k=50,False,False,1.8749851733446121e-06,
D7,21,oracle,8,8,8,1.0140107220801602,1.0140107220801602,0.0,1.0,1.0,1.0,D7:oracle,False,False,0.0,
D7,21,penalized/ebic,8,8,8,1.0140107220801602,1.0140107220801602,0.0,1.0,1.0,1.0,D7:penalized/ebic,False,False,0.0003534170100465417,
D7,21,penalized/ric,8,8,8,1.0140107220801602,1.0140107220801602,0.0,1.0,1.0,1.0,D7:penalized/ric,False,False,0.00025395804550498724,
D7,21,chi2_stop,8,8,8,1.0140107220801602,1.0140107220801602,0.0,1.0,1.0,1.0,D7:chi2_stop,False,False,0.0005101249553263187,
D7,21,forward_stop,8,8,8,1.0140107220801602,1.0140107220801602,0.0,1.0,1.0,1.0,D7:forward_stop,False,False,0.0005034590139985085,
D7,21,perm_gap,8,8,8,1.0140107220801602,1.0140107220801602,0.0,1.0,1.0,1.0,D7:perm_gap,False,False,0.39744287508074194,
D7,21,knockoff_path,0,8,8,3.922452946205748,1.0140107220801602,1.0,0.0,0.0,0.0,D7:knockoff_path,True,False,0.41612516704481095,
D7,21,xfit_objective,38,8,8,1.261083823940479,1.0140107220801602,0.08495032145072105,0.21052631578947367,1.0,0.34782608695652173,D7:xfit_objective,False,False,0.13461004209239036,exact_off_grid_k
D7,21,gaussian_cv,8,8,8,1.0140107220801602,1.0140107220801602,0.0,1.0,1.0,1.0,D7:gaussian_cv,False,False,0.14565016597043723,
D7,21,k_posterior,8,8,8,1.0140107220801602,1.0140107220801602,0.0,1.0,1.0,1.0,D7:k_posterior,False,False,0.0004534580511972308,
D7,21,stability,8,8,8,1.0140107220801602,1.0140107220801602,0.0,1.0,1.0,1.0,D7:stability,False,False,0.4336452919524163,
D7,21,changepoint,60,8,8,1.4010388988642368,1.0140107220801602,0.1330706085799711,0.13333333333333333,1.0,0.23529411764705882,D7:changepoint,False,False,0.0007767080096527934,
D7,21,consensus,8,8,8,1.0140107220801602,1.0140107220801602,0.0,1.0,1.0,1.0,D7:consensus,False,False,0.1440531249390915,
D7,22,elbow,9,8,8,1.015177662751647,1.0023370340258093,0.004435018663400837,0.8888888888888888,1.0,0.9411764705882353,D7:elbow,False,False,0.00011850008741021156,
D7,22,penalized/bic,100,8,8,1.5877962893020159,1.0023370340258093,0.20221149440962155,0.08,1.0,0.14814814814814814,D7:penalized/bic,False,True,0.00045479193795472383,
D7,22,evaluate/time_holdout/best,100,8,8,1.5877962893020159,1.0023370340258093,0.20221149440962155,0.08,1.0,0.14814814814814814,D7:evaluate/time_holdout/best,False,True,0.009363083052448928,synthetic_time_holdout
D7,22,evaluate/one_se,60,8,8,1.37246232766047,1.0023370340258093,0.1278373995631091,0.13333333333333333,1.0,0.23529411764705882,D7:evaluate/one_se,False,False,0.03172024991363287,synthetic_group_cv
D7,22,fixed_k=50,50,8,8,1.3286071514697673,1.0023370340258093,0.11269028106562201,0.16,1.0,0.2758620689655173,D7:fixed_k=50,False,False,2.1669548004865646e-06,
D7,22,oracle,8,8,8,1.0023370340258093,1.0023370340258093,0.0,1.0,1.0,1.0,D7:oracle,False,False,0.0,
D7,22,penalized/ebic,9,8,8,1.015177662751647,1.0023370340258093,0.004435018663400837,0.8888888888888888,1.0,0.9411764705882353,D7:penalized/ebic,False,False,0.00033383292611688375,
D7,22,penalized/ric,8,8,8,1.0023370340258093,1.0023370340258093,0.0,1.0,1.0,1.0,D7:penalized/ric,False,False,0.0002567080082371831,
D7,22,chi2_stop,8,8,8,1.0023370340258093,1.0023370340258093,0.0,1.0,1.0,1.0,D7:chi2_stop,False,False,0.0006243330426514149,
D7,22,forward_stop,8,8,8,1.0023370340258093,1.0023370340258093,0.0,1.0,1.0,1.0,D7:forward_stop,False,False,0.0006458340212702751,
D7,22,perm_gap,8,8,8,1.0023370340258093,1.0023370340258093,0.0,1.0,1.0,1.0,D7:perm_gap,False,False,0.3993838749593124,
D7,22,knockoff_path,0,8,8,3.8976188130637346,1.0023370340258093,1.0,0.0,0.0,0.0,D7:knockoff_path,True,False,0.41279049997683614,
D7,22,xfit_objective,89,8,8,1.537017162613911,1.0023370340258093,0.1846729159348942,0.0898876404494382,1.0,0.16494845360824742,D7:xfit_objective,False,False,0.13945533300284296,exact_off_grid_k
D7,22,gaussian_cv,8,8,8,1.0023370340258093,1.0023370340258093,0.0,1.0,1.0,1.0,D7:gaussian_cv,False,False,0.1712173749692738,
D7,22,k_posterior,9,8,8,1.015177662751647,1.0023370340258093,0.004435018663400837,0.8888888888888888,1.0,0.9411764705882353,D7:k_posterior,False,False,0.00048020901158452034,
D7,22,stability,8,8,8,1.0023370340258093,1.0023370340258093,0.0,1.0,1.0,1.0,D7:stability,False,False,0.4582828329876065,
D7,22,changepoint,11,8,8,1.0492250341308214,1.0023370340258093,0.016194624110331835,0.7272727272727273,1.0,0.8421052631578948,D7:changepoint,False,False,0.0009655000176280737,
D7,22,consensus,8,8,8,1.0023370340258093,1.0023370340258093,0.0,1.0,1.0,1.0,D7:consensus,False,False,0.1387542919255793,
D7,23,elbow,9,8,8,1.040926512020029,1.0201279649282495,0.00715640387053283,0.8888888888888888,1.0,0.9411764705882353,D7:elbow,False,False,0.00012550002429634333,
D7,23,penalized/bic,74,8,8,1.5566604693342776,1.0201279649282495,0.1846111304916853,0.10810810810810811,1.0,0.1951219512195122,D7:penalized/bic,False,False,0.00037166697438806295,exact_off_grid_k
D7,23,evaluate/time_holdout/best,100,8,8,1.681950274793713,1.0201279649282495,0.22772108643099187,0.08,1.0,0.14814814814814814,D7:evaluate/time_holdout/best,False,True,0.010650666896253824,synthetic_time_holdout
D7,23,evaluate/one_se,100,8,8,1.681950274793713,1.0201279649282495,0.22772108643099187,0.08,1.0,0.14814814814814814,D7:evaluate/one_se,False,True,0.039564625010825694,synthetic_group_cv
D7,23,fixed_k=50,50,8,8,1.42678687331169,1.0201279649282495,0.1399239751267121,0.16,1.0,0.2758620689655173,D7:fixed_k=50,False,False,2.0830193534493446e-06,
D7,23,oracle,8,8,8,1.0201279649282495,1.0201279649282495,0.0,1.0,1.0,1.0,D7:oracle,False,False,0.0,
D7,23,penalized/ebic,10,8,8,1.0584612178508632,1.0201279649282495,0.013189778996338294,0.8,1.0,0.888888888888889,D7:penalized/ebic,False,False,0.00030520791187882423,
D7,23,penalized/ric,8,8,8,1.0201279649282495,1.0201279649282495,0.0,1.0,1.0,1.0,D7:penalized/ric,False,False,0.00024637498427182436,
D7,23,chi2_stop,8,8,8,1.0201279649282495,1.0201279649282495,0.0,1.0,1.0,1.0,D7:chi2_stop,False,False,0.0005081250565126538,
D7,23,forward_stop,9,8,8,1.040926512020029,1.0201279649282495,0.00715640387053283,0.8888888888888888,1.0,0.9411764705882353,D7:forward_stop,False,False,0.0005113750230520964,
D7,23,perm_gap,8,8,8,1.0201279649282495,1.0201279649282495,0.0,1.0,1.0,1.0,D7:perm_gap,False,False,0.3833422079915181,
D7,23,knockoff_path,6,8,8,1.6003254951261945,1.0201279649282495,0.1996354760964654,1.0,0.75,0.8571428571428571,D7:knockoff_path,False,False,0.4080294579034671,
D7,23,xfit_objective,84,8,8,1.6321355547888206,1.0201279649282495,0.21058074227717244,0.09523809523809523,1.0,0.17391304347826084,D7:xfit_objective,False,False,0.13525795796886086,exact_off_grid_k
D7,23,gaussian_cv,8,8,8,1.0201279649282495,1.0201279649282495,0.0,1.0,1.0,1.0,D7:gaussian_cv,False,False,0.14229433401487768,
D7,23,k_posterior,10,8,8,1.0584612178508632,1.0201279649282495,0.013189778996338294,0.8,1.0,0.888888888888889,D7:k_posterior,False,False,0.00039475003723055124,
D7,23,stability,8,8,8,1.0201279649282495,1.0201279649282495,0.0,1.0,1.0,1.0,D7:stability,False,False,0.4281857500318438,
D7,23,changepoint,28,8,8,1.2957064687329338,1.0201279649282495,0.09482157876513245,0.2857142857142857,1.0,0.4444444444444445,D7:changepoint,False,False,0.0007656660163775086,
D7,23,consensus,8,8,8,1.0201279649282495,1.0201279649282495,0.0,1.0,1.0,1.0,D7:consensus,False,False,0.13765100005548447,
D7,24,elbow,9,8,8,1.0489296593063877,1.0275664508263669,0.007421398195963047,0.8888888888888888,1.0,0.9411764705882353,D7:elbow,False,False,0.00012337509542703629,
D7,24,penalized/bic,100,8,8,1.6536326562336325,1.0275664508263669,0.21749011211064972,0.08,1.0,0.14814814814814814,D7:penalized/bic,False,True,0.0004154159687459469,
D7,24,evaluate/time_holdout/best,100,8,8,1.6536326562336325,1.0275664508263669,0.21749011211064972,0.08,1.0,0.14814814814814814,D7:evaluate/time_holdout/best,False,True,0.008217582944780588,synthetic_time_holdout
D7,24,evaluate/one_se,100,8,8,1.6536326562336325,1.0275664508263669,0.21749011211064972,0.08,1.0,0.14814814814814814,D7:evaluate/one_se,False,True,0.041356833069585264,synthetic_group_cv
D7,24,fixed_k=50,50,8,8,1.4425120810949825,1.0275664508263669,0.14414860739566457,0.16,1.0,0.2758620689655173,D7:fixed_k=50,False,False,2.2080494090914726e-06,
D7,24,oracle,8,8,8,1.0275664508263669,1.0275664508263669,0.0,1.0,1.0,1.0,D7:oracle,False,False,0.0,
D7,24,penalized/ebic,10,8,8,1.0650119369782172,1.0275664508263669,0.013008245630996626,0.8,1.0,0.888888888888889,D7:penalized/ebic,False,False,0.0003144580405205488,
D7,24,penalized/ric,8,8,8,1.0275664508263669,1.0275664508263669,0.0,1.0,1.0,1.0,D7:penalized/ric,False,False,0.00024691701401025057,
D7,24,chi2_stop,8,8,8,1.0275664508263669,1.0275664508263669,0.0,1.0,1.0,1.0,D7:chi2_stop,False,False,0.000531792058609426,
D7,24,forward_stop,8,8,8,1.0275664508263669,1.0275664508263669,0.0,1.0,1.0,1.0,D7:forward_stop,False,False,0.0005276660667732358,
D7,24,perm_gap,8,8,8,1.0275664508263669,1.0275664508263669,0.0,1.0,1.0,1.0,D7:perm_gap,False,False,0.39635929104406387,
D7,24,knockoff_path,0,8,8,3.9061626285171935,1.0275664508263669,1.0,0.0,0.0,0.0,D7:knockoff_path,True,False,0.3948288339888677,
D7,24,xfit_objective,55,8,8,1.4570697699809112,1.0275664508263669,0.14920582556289172,0.14545454545454545,1.0,0.25396825396825395,D7:xfit_objective,False,False,0.13483075005933642,
D7,24,gaussian_cv,8,8,8,1.0275664508263669,1.0275664508263669,0.0,1.0,1.0,1.0,D7:gaussian_cv,False,False,0.12839512492064387,
D7,24,k_posterior,10,8,8,1.0650119369782172,1.0275664508263669,0.013008245630996626,0.8,1.0,0.888888888888889,D7:k_posterior,False,False,0.00041220802813768387,
D7,24,stability,8,8,8,1.0275664508263669,1.0275664508263669,0.0,1.0,1.0,1.0,D7:stability,False,False,0.4231229160213843,
D7,24,changepoint,19,8,8,1.1784780573902065,1.0275664508263669,0.05242541754672203,0.42105263157894735,1.0,0.5925925925925926,D7:changepoint,False,False,0.0008165830513462424,
D7,24,consensus,8,8,8,1.0275664508263669,1.0275664508263669,0.0,1.0,1.0,1.0,D7:consensus,False,False,0.13178895798046142,
D7,25,elbow,9,8,8,1.0183559321556332,1.0039319854201,0.004979590298749471,0.8888888888888888,1.0,0.9411764705882353,D7:elbow,False,False,0.00011641706805676222,
D7,25,penalized/bic,72,8,8,1.5251274097164391,1.0039319854201,0.17993269984733704,0.1111111111111111,1.0,0.19999999999999998,D7:penalized/bic,False,False,0.0003926249919459224,exact_off_grid_k
D7,25,evaluate/time_holdout/best,100,8,8,1.661238521129562,1.0039319854201,0.22692244421980487,0.08,1.0,0.14814814814814814,D7:evaluate/time_holdout/best,False,True,0.009622999932616949,synthetic_time_holdout
D7,25,evaluate/one_se,100,8,8,1.661238521129562,1.0039319854201,0.22692244421980487,0.08,1.0,0.14814814814814814,D7:evaluate/one_se,False,True,0.04094687500037253,synthetic_group_cv
D7,25,fixed_k=50,50,8,8,1.376170251276008,1.0039319854201,0.12850810471402438,0.16,1.0,0.2758620689655173,D7:fixed_k=50,False,False,2.2080494090914726e-06,
D7,25,oracle,8,8,8,1.0039319854201,1.0039319854201,0.0,1.0,1.0,1.0,D7:oracle,False,False,0.0,
D7,25,penalized/ebic,8,8,8,1.0039319854201,1.0039319854201,0.0,1.0,1.0,1.0,D7:penalized/ebic,False,False,0.0003185000969097018,
D7,25,penalized/ric,8,8,8,1.0039319854201,1.0039319854201,0.0,1.0,1.0,1.0,D7:penalized/ric,False,False,0.00025820801965892315,
D7,25,chi2_stop,8,8,8,1.0039319854201,1.0039319854201,0.0,1.0,1.0,1.0,D7:chi2_stop,False,False,0.0005039999959990382,
D7,25,forward_stop,8,8,8,1.0039319854201,1.0039319854201,0.0,1.0,1.0,1.0,D7:forward_stop,False,False,0.0005039579700678587,
D7,25,perm_gap,8,8,8,1.0039319854201,1.0039319854201,0.0,1.0,1.0,1.0,D7:perm_gap,False,False,0.3916809590300545,
D7,25,knockoff_path,0,8,8,3.9005451343282447,1.0039319854201,1.0,0.0,0.0,0.0,D7:knockoff_path,True,False,0.40211037499830127,
D7,25,xfit_objective,87,8,8,1.6030800674000607,1.0039319854201,0.2068443562116,0.09195402298850575,1.0,0.16842105263157897,D7:xfit_objective,False,False,0.1250007499475032,exact_off_grid_k
D7,25,gaussian_cv,8,8,8,1.0039319854201,1.0039319854201,0.0,1.0,1.0,1.0,D7:gaussian_cv,False,False,0.12996608298271894,
D7,25,k_posterior,8,8,8,1.0039319854201,1.0039319854201,0.0,1.0,1.0,1.0,D7:k_posterior,False,False,0.00043320900294929743,
D7,25,stability,8,8,8,1.0039319854201,1.0039319854201,0.0,1.0,1.0,1.0,D7:stability,False,False,0.461488000000827,
D7,25,changepoint,72,8,8,1.5251274097164391,1.0039319854201,0.17993269984733704,0.1111111111111111,1.0,0.19999999999999998,D7:changepoint,False,False,0.0008317920146510005,exact_off_grid_k
D7,25,consensus,8,8,8,1.0039319854201,1.0039319854201,0.0,1.0,1.0,1.0,D7:consensus,False,False,0.1443690409651026,
D7,26,elbow,10,8,8,1.0555777323880255,1.01193026746912,0.014959182548839664,0.8,1.0,0.888888888888889,D7:elbow,False,False,0.00011862500105053186,
D7,26,penalized/bic,27,8,8,1.2252765415946278,1.01193026746912,0.0731196156910339,0.2962962962962963,1.0,0.45714285714285713,D7:penalized/bic,False,False,0.0003535000141710043,
D7,26,evaluate/time_holdout/best,60,8,8,1.431873012814856,1.01193026746912,0.14392588892297273,0.13333333333333333,1.0,0.23529411764705882,D7:evaluate/time_holdout/best,False,False,0.010490334010683,synthetic_time_holdout
D7,26,evaluate/one_se,60,8,8,1.431873012814856,1.01193026746912,0.14392588892297273,0.13333333333333333,1.0,0.23529411764705882,D7:evaluate/one_se,False,False,0.04369949991814792,synthetic_group_cv
D7,26,fixed_k=50,50,8,8,1.3291879199883465,1.01193026746912,0.10873289314440328,0.16,1.0,0.2758620689655173,D7:fixed_k=50,False,False,2.5830231606960297e-06,
D7,26,oracle,8,8,8,1.01193026746912,1.01193026746912,0.0,1.0,1.0,1.0,D7:oracle,False,False,0.0,
D7,26,penalized/ebic,10,8,8,1.0555777323880255,1.01193026746912,0.014959182548839664,0.8,1.0,0.888888888888889,D7:penalized/ebic,False,False,0.00032366602681577206,
D7,26,penalized/ric,9,8,8,1.0419556552209397,1.01193026746912,0.010290523339984805,0.8888888888888888,1.0,0.9411764705882353,D7:penalized/ric,False,False,0.00026333401910960674,
D7,26,chi2_stop,9,8,8,1.0419556552209397,1.01193026746912,0.010290523339984805,0.8888888888888888,1.0,0.9411764705882353,D7:chi2_stop,False,False,0.0005035839276388288,
D7,26,forward_stop,9,8,8,1.0419556552209397,1.01193026746912,0.010290523339984805,0.8888888888888888,1.0,0.9411764705882353,D7:forward_stop,False,False,0.0005414170445874333,
D7,26,perm_gap,9,8,8,1.0419556552209397,1.01193026746912,0.010290523339984805,0.8888888888888888,1.0,0.9411764705882353,D7:perm_gap,False,False,0.40451720799319446,
D7,26,knockoff_path,0,8,8,3.9297009930019255,1.01193026746912,1.0,0.0,0.0,0.0,D7:knockoff_path,True,False,0.3991797500057146,
D7,26,xfit_objective,98,8,8,1.629908193814839,1.01193026746912,0.21179797334242975,0.08163265306122448,1.0,0.15094339622641506,D7:xfit_objective,False,False,0.1479204159695655,exact_off_grid_k
D7,26,gaussian_cv,8,8,8,1.01193026746912,1.01193026746912,0.0,1.0,1.0,1.0,D7:gaussian_cv,False,False,0.142903667059727,
D7,26,k_posterior,10,8,8,1.0555777323880255,1.01193026746912,0.014959182548839664,0.8,1.0,0.888888888888889,D7:k_posterior,False,False,0.000401749974116683,
D7,26,stability,8,8,8,1.01193026746912,1.01193026746912,0.0,1.0,1.0,1.0,D7:stability,False,False,0.4329281250247732,
D7,26,changepoint,16,8,8,1.1060318445309476,1.01193026746912,0.0322511896628355,0.5,1.0,0.6666666666666666,D7:changepoint,False,False,0.0007772499229758978,
D7,26,consensus,9,8,8,1.0419556552209397,1.01193026746912,0.010290523339984805,0.8888888888888888,1.0,0.9411764705882353,D7:consensus,False,False,0.13719120901077986,
D7,27,elbow,9,8,8,1.039639515931879,1.0305254227735945,0.003091708384525407,0.8888888888888888,1.0,0.9411764705882353,D7:elbow,False,False,0.00014266709331423044,
D7,27,penalized/bic,27,8,8,1.2586254040217217,1.0305254227735945,0.07737671892171705,0.2962962962962963,1.0,0.45714285714285713,D7:penalized/bic,False,False,0.0003665839321911335,
D7,27,evaluate/time_holdout/best,100,8,8,1.7690839294705023,1.0305254227735945,0.25053589950875504,0.08,1.0,0.14814814814814814,D7:evaluate/time_holdout/best,False,True,0.012024707975797355,synthetic_time_holdout
D7,27,evaluate/one_se,100,8,8,1.7690839294705023,1.0305254227735945,0.25053589950875504,0.08,1.0,0.14814814814814814,D7:evaluate/one_se,False,True,0.0363383749499917,synthetic_group_cv
D7,27,fixed_k=50,50,8,8,1.4182527580410564,1.0305254227735945,0.13152596012983261,0.16,1.0,0.2758620689655173,D7:fixed_k=50,False,False,2.459040842950344e-06,
D7,27,oracle,8,8,8,1.0305254227735945,1.0305254227735945,0.0,1.0,1.0,1.0,D7:oracle,False,False,0.0,
D7,27,penalized/ebic,8,8,8,1.0305254227735945,1.0305254227735945,0.0,1.0,1.0,1.0,D7:penalized/ebic,False,False,0.0003323749406263232,
D7,27,penalized/ric,8,8,8,1.0305254227735945,1.0305254227735945,0.0,1.0,1.0,1.0,D7:penalized/ric,False,False,0.00026062491815537214,
D7,27,chi2_stop,8,8,8,1.0305254227735945,1.0305254227735945,0.0,1.0,1.0,1.0,D7:chi2_stop,False,False,0.000596208032220602,
D7,27,forward_stop,8,8,8,1.0305254227735945,1.0305254227735945,0.0,1.0,1.0,1.0,D7:forward_stop,False,False,0.0005242080660536885,
D7,27,perm_gap,8,8,8,1.0305254227735945,1.0305254227735945,0.0,1.0,1.0,1.0,D7:perm_gap,False,False,0.4096023750025779,
D7,27,knockoff_path,6,8,8,1.62035192235135,1.0305254227735945,0.2000826086029455,1.0,0.75,0.8571428571428571,D7:knockoff_path,False,False,0.416292209061794,
D7,27,xfit_objective,8,8,8,1.0305254227735945,1.0305254227735945,0.0,1.0,1.0,1.0,D7:xfit_objective,False,False,0.13550991704687476,
D7,27,gaussian_cv,8,8,8,1.0305254227735945,1.0305254227735945,0.0,1.0,1.0,1.0,D7:gaussian_cv,False,False,0.1399422079557553,
D7,27,k_posterior,8,8,8,1.0305254227735945,1.0305254227735945,0.0,1.0,1.0,1.0,D7:k_posterior,False,False,0.0004085840191692114,
D7,27,stability,6,8,8,1.62035192235135,1.0305254227735945,0.2000826086029455,1.0,0.75,0.8571428571428571,D7:stability,False,False,0.4587188339792192,
D7,27,changepoint,55,8,8,1.4734594544953183,1.0305254227735945,0.15025333139380131,0.14545454545454545,1.0,0.25396825396825395,D7:changepoint,False,False,0.0007935829926282167,
D7,27,consensus,8,8,8,1.0305254227735945,1.0305254227735945,0.0,1.0,1.0,1.0,D7:consensus,False,False,0.1410753750242293,
D7,28,elbow,9,8,8,1.0260003528338895,1.002066847567798,0.008199544037903479,0.8888888888888888,1.0,0.9411764705882353,D7:elbow,False,False,0.00014770799316465855,
D7,28,penalized/bic,49,8,8,1.3681919872034545,1.002066847567798,0.12543332756524364,0.16326530612244897,1.0,0.2807017543859649,D7:penalized/bic,False,False,0.0004977500066161156,exact_off_grid_k
D7,28,evaluate/time_holdout/best,100,8,8,1.6130857509267222,1.002066847567798,0.2093331649660689,0.08,1.0,0.14814814814814814,D7:evaluate/time_holdout/best,False,True,0.010408499976620078,synthetic_time_holdout
D7,28,evaluate/one_se,100,8,8,1.6130857509267222,1.002066847567798,0.2093331649660689,0.08,1.0,0.14814814814814814,D7:evaluate/one_se,False,True,0.05109533295035362,synthetic_group_cv
D7,28,fixed_k=50,50,8,8,1.3706483850319897,1.002066847567798,0.12627488177745597,0.16,1.0,0.2758620689655173,D7:fixed_k=50,False,False,2.250075340270996e-06,
D7,28,oracle,8,8,8,1.002066847567798,1.002066847567798,0.0,1.0,1.0,1.0,D7:oracle,False,False,0.0,
D7,28,penalized/ebic,8,8,8,1.002066847567798,1.002066847567798,0.0,1.0,1.0,1.0,D7:penalized/ebic,False,False,0.0003132079727947712,
D7,28,penalized/ric,8,8,8,1.002066847567798,1.002066847567798,0.0,1.0,1.0,1.0,D7:penalized/ric,False,False,0.00028016604483127594,
D7,28,chi2_stop,8,8,8,1.002066847567798,1.002066847567798,0.0,1.0,1.0,1.0,D7:chi2_stop,False,False,0.0012383749708533287,
D7,28,forward_stop,8,8,8,1.002066847567798,1.002066847567798,0.0,1.0,1.0,1.0,D7:forward_stop,False,False,0.0006926249479874969,
D7,28,perm_gap,8,8,8,1.002066847567798,1.002066847567798,0.0,1.0,1.0,1.0,D7:perm_gap,False,False,0.4378848329652101,
D7,28,knockoff_path,0,8,8,3.9209493068186534,1.002066847567798,1.0,0.0,0.0,0.0,D7:knockoff_path,True,False,0.4502075829077512,
D7,28,xfit_objective,7,8,8,1.2900608668179183,1.002066847567798,0.09866585012266485,1.0,0.875,0.9333333333333333,D7:xfit_objective,False,False,0.1579560829559341,
D7,28,gaussian_cv,8,8,8,1.002066847567798,1.002066847567798,0.0,1.0,1.0,1.0,D7:gaussian_cv,False,False,0.1644045829307288,
D7,28,k_posterior,8,8,8,1.002066847567798,1.002066847567798,0.0,1.0,1.0,1.0,D7:k_posterior,False,False,0.0004984999541193247,
D7,28,stability,7,8,8,1.2900608668179183,1.002066847567798,0.09866585012266485,1.0,0.875,0.9333333333333333,D7:stability,False,False,0.4426401669625193,
D7,28,changepoint,11,8,8,1.0508318546592899,1.002066847567798,0.016706738888008377,0.7272727272727273,1.0,0.8421052631578948,D7:changepoint,False,False,0.0008210829691961408,
D7,28,consensus,8,8,8,1.002066847567798,1.002066847567798,0.0,1.0,1.0,1.0,D7:consensus,False,False,0.1495460419682786,
D7,29,elbow,9,8,8,1.0360389571489612,1.0183375945684516,0.006042058212282043,0.8888888888888888,1.0,0.9411764705882353,D7:elbow,False,False,0.00014466699212789536,
D7,29,penalized/bic,93,8,8,1.7283065254101104,1.0183375945684516,0.24233578570839354,0.08602150537634409,1.0,0.15841584158415845,D7:penalized/bic,False,False,0.0003790840273723006,exact_off_grid_k
D7,29,evaluate/time_holdout/best,100,8,8,1.7414830069523946,1.0183375945684516,0.24683335295212652,0.08,1.0,0.14814814814814814,D7:evaluate/time_holdout/best,False,True,0.010527041042223573,synthetic_time_holdout
D7,29,evaluate/one_se,100,8,8,1.7414830069523946,1.0183375945684516,0.24683335295212652,0.08,1.0,0.14814814814814814,D7:evaluate/one_se,False,True,0.03736512502655387,synthetic_group_cv
D7,29,fixed_k=50,50,8,8,1.4039306273055363,1.0183375945684516,0.13161560526493504,0.16,1.0,0.2758620689655173,D7:fixed_k=50,False,False,2.666027285158634e-06,
D7,29,oracle,8,8,8,1.0183375945684516,1.0183375945684516,0.0,1.0,1.0,1.0,D7:oracle,False,False,0.0,
D7,29,penalized/ebic,8,8,8,1.0183375945684516,1.0183375945684516,0.0,1.0,1.0,1.0,D7:penalized/ebic,False,False,0.0003102499758824706,
D7,29,penalized/ric,8,8,8,1.0183375945684516,1.0183375945684516,0.0,1.0,1.0,1.0,D7:penalized/ric,False,False,0.00025141704827547073,
D7,29,chi2_stop,8,8,8,1.0183375945684516,1.0183375945684516,0.0,1.0,1.0,1.0,D7:chi2_stop,False,False,0.0007083750097081065,
D7,29,forward_stop,8,8,8,1.0183375945684516,1.0183375945684516,0.0,1.0,1.0,1.0,D7:forward_stop,False,False,0.0005529170157387853,
D7,29,perm_gap,8,8,8,1.0183375945684516,1.0183375945684516,0.0,1.0,1.0,1.0,D7:perm_gap,False,False,0.39167124999221414,
D7,29,knockoff_path,0,8,8,3.948028431463567,1.0183375945684516,1.0,0.0,0.0,0.0,D7:knockoff_path,True,False,0.41106766602024436,
D7,29,xfit_objective,8,8,8,1.0183375945684516,1.0183375945684516,0.0,1.0,1.0,1.0,D7:xfit_objective,False,False,0.13361858297139406,
D7,29,gaussian_cv,8,8,8,1.0183375945684516,1.0183375945684516,0.0,1.0,1.0,1.0,D7:gaussian_cv,False,False,0.13038512505590916,
D7,29,k_posterior,8,8,8,1.0183375945684516,1.0183375945684516,0.0,1.0,1.0,1.0,D7:k_posterior,False,False,0.00041908305138349533,
D7,29,stability,5,8,8,1.9365577424436127,1.0183375945684516,0.31341878682608376,1.0,0.625,0.7692307692307693,D7:stability,False,False,0.43217883293982595,
D7,29,changepoint,55,8,8,1.4437714139316846,1.0183375945684516,0.14521457827751802,0.14545454545454545,1.0,0.25396825396825395,D7:changepoint,False,False,0.0007929590065032244,
D7,29,consensus,8,8,8,1.0183375945684516,1.0183375945684516,0.0,1.0,1.0,1.0,D7:consensus,False,False,0.1365608749911189,
D8,0,elbow,11,10,10,1.5013498634382347,1.4983244758650307,0.00134607727497165,0.9090909090909091,1.0,0.9523809523809523,D8:elbow,False,False,0.00015075004193931818,
D8,0,penalized/bic,10,10,10,1.4983244758650307,1.4983244758650307,0.0,1.0,1.0,1.0,D8:penalized/bic,False,False,0.00037895794957876205,
D8,0,evaluate/time_holdout/best,50,10,10,1.5381007570126721,1.4983244758650307,0.017697550095712163,0.2,1.0,0.33333333333333337,D8:evaluate/time_holdout/best,False,False,0.01698641595430672,
D8,0,evaluate/one_se,11,10,10,1.5013498634382347,1.4983244758650307,0.00134607727497165,0.9090909090909091,1.0,0.9523809523809523,D8:evaluate/one_se,False,False,0.07465791702270508,
D8,0,fixed_k=50,50,10,10,1.5381007570126721,1.4983244758650307,0.017697550095712163,0.2,1.0,0.33333333333333337,D8:fixed_k=50,False,False,2.459040842950344e-06,
D8,0,oracle,10,10,10,1.4983244758650307,1.4983244758650307,0.0,1.0,1.0,1.0,D8:oracle,False,False,0.0,
D8,0,penalized/ebic,10,10,10,1.4983244758650307,1.4983244758650307,0.0,1.0,1.0,1.0,D8:penalized/ebic,False,False,0.0003305829595774412,
D8,0,penalized/ric,10,10,10,1.4983244758650307,1.4983244758650307,0.0,1.0,1.0,1.0,D8:penalized/ric,False,False,0.00025195791386067867,
D8,0,chi2_stop,10,10,10,1.4983244758650307,1.4983244758650307,0.0,1.0,1.0,1.0,D8:chi2_stop,False,False,0.0006310830358415842,
D8,0,forward_stop,10,10,10,1.4983244758650307,1.4983244758650307,0.0,1.0,1.0,1.0,D8:forward_stop,False,False,0.0005632080137729645,
D8,0,perm_gap,10,10,10,1.4983244758650307,1.4983244758650307,0.0,1.0,1.0,1.0,D8:perm_gap,False,False,0.08885945798829198,
D8,0,knockoff_path,10,10,10,1.4983244758650307,1.4983244758650307,0.0,1.0,1.0,1.0,D8:knockoff_path,False,False,0.0714959999313578,
D8,0,xfit_objective,10,10,10,1.4983244758650307,1.4983244758650307,0.0,1.0,1.0,1.0,D8:xfit_objective,False,False,0.048840457922779024,
D8,0,gaussian_cv,10,10,10,1.4983244758650307,1.4983244758650307,0.0,1.0,1.0,1.0,D8:gaussian_cv,False,False,0.050082832924090326,
D8,0,k_posterior,10,10,10,1.4983244758650307,1.4983244758650307,0.0,1.0,1.0,1.0,D8:k_posterior,False,False,0.00044966605491936207,
D8,0,stability,10,10,10,1.4983244758650307,1.4983244758650307,0.0,1.0,1.0,1.0,D8:stability,False,False,0.13987616600934416,
D8,0,changepoint,80,10,10,1.5529206812151768,1.4983244758650307,0.02429133773551105,0.125,1.0,0.2222222222222222,D8:changepoint,False,False,0.0008120830170810223,
D8,0,consensus,10,10,10,1.4983244758650307,1.4983244758650307,0.0,1.0,1.0,1.0,D8:consensus,False,False,0.053614084026776254,
D8,1,elbow,11,10,10,1.5426423116108812,1.538695333526086,0.0017914348078395495,0.9090909090909091,1.0,0.9523809523809523,D8:elbow,False,False,0.00013783294707536697,
D8,1,penalized/bic,10,10,10,1.538695333526086,1.538695333526086,0.0,1.0,1.0,1.0,D8:penalized/bic,False,False,0.0003929160302504897,
D8,1,evaluate/time_holdout/best,16,10,10,1.553302383759112,1.538695333526086,0.006629775404152418,0.625,1.0,0.7692307692307693,D8:evaluate/time_holdout/best,False,False,0.018676499952562153,
D8,1,evaluate/one_se,11,10,10,1.5426423116108812,1.538695333526086,0.0017914348078395495,0.9090909090909091,1.0,0.9523809523809523,D8:evaluate/one_se,False,False,0.07997054199222475,
D8,1,fixed_k=50,50,10,10,1.5884107478213014,1.538695333526086,0.02256458529569843,0.2,1.0,0.33333333333333337,D8:fixed_k=50,False,False,2.500019036233425e-06,
D8,1,oracle,10,10,10,1.538695333526086,1.538695333526086,0.0,1.0,1.0,1.0,D8:oracle,False,False,0.0,
D8,1,penalized/ebic,10,10,10,1.538695333526086,1.538695333526086,0.0,1.0,1.0,1.0,D8:penalized/ebic,False,False,0.00032691704109311104,
D8,1,penalized/ric,10,10,10,1.538695333526086,1.538695333526086,0.0,1.0,1.0,1.0,D8:penalized/ric,False,False,0.00024745799601078033,
D8,1,chi2_stop,10,10,10,1.538695333526086,1.538695333526086,0.0,1.0,1.0,1.0,D8:chi2_stop,False,False,0.0005104579031467438,
D8,1,forward_stop,10,10,10,1.538695333526086,1.538695333526086,0.0,1.0,1.0,1.0,D8:forward_stop,False,False,0.0005137909902259707,
D8,1,perm_gap,10,10,10,1.538695333526086,1.538695333526086,0.0,1.0,1.0,1.0,D8:perm_gap,False,False,0.09058162500150502,
D8,1,knockoff_path,11,10,10,1.5426423116108812,1.538695333526086,0.0017914348078395495,0.9090909090909091,1.0,0.9523809523809523,D8:knockoff_path,False,False,0.0746519590029493,
D8,1,xfit_objective,10,10,10,1.538695333526086,1.538695333526086,0.0,1.0,1.0,1.0,D8:xfit_objective,False,False,0.0485640000551939,
D8,1,gaussian_cv,10,10,10,1.538695333526086,1.538695333526086,0.0,1.0,1.0,1.0,D8:gaussian_cv,False,False,0.06000733294058591,
D8,1,k_posterior,10,10,10,1.538695333526086,1.538695333526086,0.0,1.0,1.0,1.0,D8:k_posterior,False,False,0.00040570797864347696,
D8,1,stability,10,10,10,1.538695333526086,1.538695333526086,0.0,1.0,1.0,1.0,D8:stability,False,False,0.14566874993033707,
D8,1,changepoint,74,10,10,1.5984931603159476,1.538695333526086,0.027140740597772488,0.13513513513513514,1.0,0.2380952380952381,D8:changepoint,False,False,0.0007959159556776285,exact_off_grid_k
D8,1,consensus,10,10,10,1.538695333526086,1.538695333526086,0.0,1.0,1.0,1.0,D8:consensus,False,False,0.05941745894961059,
D8,2,elbow,11,10,10,1.5323827791575364,1.529398990519726,0.0013694801902472986,0.9090909090909091,1.0,0.9523809523809523,D8:elbow,False,False,0.0001450410345569253,
D8,2,penalized/bic,11,10,10,1.5323827791575364,1.529398990519726,0.0013694801902472986,0.9090909090909091,1.0,0.9523809523809523,D8:penalized/bic,False,False,0.00037104194052517414,
D8,2,evaluate/time_holdout/best,50,10,10,1.5703607267043016,1.529398990519726,0.018800355210172804,0.2,1.0,0.33333333333333337,D8:evaluate/time_holdout/best,False,False,0.01888120803050697,
D8,2,evaluate/one_se,11,10,10,1.5323827791575364,1.529398990519726,0.0013694801902472986,0.9090909090909091,1.0,0.9523809523809523,D8:evaluate/one_se,False,False,0.07669124996755272,
D8,2,fixed_k=50,50,10,10,1.5703607267043016,1.529398990519726,0.018800355210172804,0.2,1.0,0.33333333333333337,D8:fixed_k=50,False,False,2.374988980591297e-06,
D8,2,oracle,10,10,10,1.529398990519726,1.529398990519726,0.0,1.0,1.0,1.0,D8:oracle,False,False,0.0,
D8,2,penalized/ebic,10,10,10,1.529398990519726,1.529398990519726,0.0,1.0,1.0,1.0,D8:penalized/ebic,False,False,0.0003224170068278909,
D8,2,penalized/ric,10,10,10,1.529398990519726,1.529398990519726,0.0,1.0,1.0,1.0,D8:penalized/ric,False,False,0.00025004101917147636,
D8,2,chi2_stop,10,10,10,1.529398990519726,1.529398990519726,0.0,1.0,1.0,1.0,D8:chi2_stop,False,False,0.0004955000476911664,
D8,2,forward_stop,10,10,10,1.529398990519726,1.529398990519726,0.0,1.0,1.0,1.0,D8:forward_stop,False,False,0.0004995419876649976,
D8,2,perm_gap,10,10,10,1.529398990519726,1.529398990519726,0.0,1.0,1.0,1.0,D8:perm_gap,False,False,0.08945316704921424,
D8,2,knockoff_path,11,10,10,1.5323827791575364,1.529398990519726,0.0013694801902472986,0.9090909090909091,1.0,0.9523809523809523,D8:knockoff_path,False,False,0.0642844591056928,
D8,2,xfit_objective,10,10,10,1.529398990519726,1.529398990519726,0.0,1.0,1.0,1.0,D8:xfit_objective,False,False,0.05960345803759992,
D8,2,gaussian_cv,10,10,10,1.529398990519726,1.529398990519726,0.0,1.0,1.0,1.0,D8:gaussian_cv,False,False,0.059324333909898996,
D8,2,k_posterior,10,10,10,1.529398990519726,1.529398990519726,0.0,1.0,1.0,1.0,D8:k_posterior,False,False,0.0007886670064181089,
D8,2,stability,10,10,10,1.529398990519726,1.529398990519726,0.0,1.0,1.0,1.0,D8:stability,False,False,0.1455278330249712,
D8,2,changepoint,69,10,10,1.5810136479494823,1.529398990519726,0.023689764744303093,0.14492753623188406,1.0,0.25316455696202533,D8:changepoint,False,False,0.0007764999754726887,exact_off_grid_k
D8,2,consensus,10,10,10,1.529398990519726,1.529398990519726,0.0,1.0,1.0,1.0,D8:consensus,False,False,0.058824541978538036,
D8,3,elbow,11,10,10,1.5202010427161647,1.5177151429128815,0.0011182064545343414,0.9090909090909091,1.0,0.9523809523809523,D8:elbow,False,False,0.0001313339453190565,
D8,3,penalized/bic,10,10,10,1.5177151429128815,1.5177151429128815,0.0,1.0,1.0,1.0,D8:penalized/bic,False,False,0.0005821670638397336,
D8,3,evaluate/time_holdout/best,60,10,10,1.5646675358070647,1.5177151429128815,0.021120106579020095,0.16666666666666666,1.0,0.2857142857142857,D8:evaluate/time_holdout/best,False,False,0.024541374994441867,
D8,3,evaluate/one_se,11,10,10,1.5202010427161647,1.5177151429128815,0.0011182064545343414,0.9090909090909091,1.0,0.9523809523809523,D8:evaluate/one_se,False,False,0.07988908409606665,
D8,3,fixed_k=50,50,10,10,1.5580731922363837,1.5177151429128815,0.01815384159343482,0.2,1.0,0.33333333333333337,D8:fixed_k=50,False,False,2.249958924949169e-06,
D8,3,oracle,10,10,10,1.5177151429128815,1.5177151429128815,0.0,1.0,1.0,1.0,D8:oracle,False,False,0.0,
D8,3,penalized/ebic,10,10,10,1.5177151429128815,1.5177151429128815,0.0,1.0,1.0,1.0,D8:penalized/ebic,False,False,0.00034729193430393934,
D8,3,penalized/ric,10,10,10,1.5177151429128815,1.5177151429128815,0.0,1.0,1.0,1.0,D8:penalized/ric,False,False,0.0003868750063702464,
D8,3,chi2_stop,10,10,10,1.5177151429128815,1.5177151429128815,0.0,1.0,1.0,1.0,D8:chi2_stop,False,False,0.0005768329137936234,
D8,3,forward_stop,10,10,10,1.5177151429128815,1.5177151429128815,0.0,1.0,1.0,1.0,D8:forward_stop,False,False,0.0005437079817056656,
D8,3,perm_gap,10,10,10,1.5177151429128815,1.5177151429128815,0.0,1.0,1.0,1.0,D8:perm_gap,False,False,0.09493350004777312,
D8,3,knockoff_path,12,10,10,1.5213803581277519,1.5177151429128815,0.0016486856409548144,0.8333333333333334,1.0,0.9090909090909091,D8:knockoff_path,False,False,0.06811025005299598,
D8,3,xfit_objective,10,10,10,1.5177151429128815,1.5177151429128815,0.0,1.0,1.0,1.0,D8:xfit_objective,False,False,0.04232320794835687,
D8,3,gaussian_cv,10,10,10,1.5177151429128815,1.5177151429128815,0.0,1.0,1.0,1.0,D8:gaussian_cv,False,False,0.05038033297751099,
D8,3,k_posterior,10,10,10,1.5177151429128815,1.5177151429128815,0.0,1.0,1.0,1.0,D8:k_posterior,False,False,0.00043745909351855516,
D8,3,stability,10,10,10,1.5177151429128815,1.5177151429128815,0.0,1.0,1.0,1.0,D8:stability,False,False,0.15316604205872864,
D8,3,changepoint,80,10,10,1.5740630483798952,1.5177151429128815,0.025346392283987548,0.125,1.0,0.2222222222222222,D8:changepoint,False,False,0.0007703339215368032,
D8,3,consensus,10,10,10,1.5177151429128815,1.5177151429128815,0.0,1.0,1.0,1.0,D8:consensus,False,False,0.05022408301010728,
D8,4,elbow,11,10,10,1.5164495114111871,1.5140976942176152,0.0010486217709964355,0.9090909090909091,1.0,0.9523809523809523,D8:elbow,False,False,0.000128416926600039,
D8,4,penalized/bic,10,10,10,1.5140976942176152,1.5140976942176152,0.0,1.0,1.0,1.0,D8:penalized/bic,False,False,0.00038362492341548204,
D8,4,evaluate/time_holdout/best,75,10,10,1.5734189926896618,1.5140976942176152,0.026450017132108997,0.13333333333333333,1.0,0.23529411764705882,D8:evaluate/time_holdout/best,False,False,0.015453374944627285,
D8,4,evaluate/one_se,11,10,10,1.5164495114111871,1.5140976942176152,0.0010486217709964355,0.9090909090909091,1.0,0.9523809523809523,D8:evaluate/one_se,False,False,0.07421483402140439,
D8,4,fixed_k=50,50,10,10,1.5614510341641366,1.5140976942176152,0.021113776756560263,0.2,1.0,0.33333333333333337,D8:fixed_k=50,False,False,2.125045284628868e-06,
D8,4,oracle,10,10,10,1.5140976942176152,1.5140976942176152,0.0,1.0,1.0,1.0,D8:oracle,False,False,0.0,
D8,4,penalized/ebic,10,10,10,1.5140976942176152,1.5140976942176152,0.0,1.0,1.0,1.0,D8:penalized/ebic,False,False,0.0003498330479487777,
D8,4,penalized/ric,10,10,10,1.5140976942176152,1.5140976942176152,0.0,1.0,1.0,1.0,D8:penalized/ric,False,False,0.0002820839872583747,
D8,4,chi2_stop,10,10,10,1.5140976942176152,1.5140976942176152,0.0,1.0,1.0,1.0,D8:chi2_stop,False,False,0.0005065419245511293,
D8,4,forward_stop,10,10,10,1.5140976942176152,1.5140976942176152,0.0,1.0,1.0,1.0,D8:forward_stop,False,False,0.0005175829865038395,
D8,4,perm_gap,10,10,10,1.5140976942176152,1.5140976942176152,0.0,1.0,1.0,1.0,D8:perm_gap,False,False,0.09549199999310076,
D8,4,knockoff_path,11,10,10,1.5164495114111871,1.5140976942176152,0.0010486217709964355,0.9090909090909091,1.0,0.9523809523809523,D8:knockoff_path,False,False,0.08860633301082999,
D8,4,xfit_objective,64,10,10,1.5696198038506504,1.5140976942176152,0.024756045279363363,0.15625,1.0,0.2702702702702703,D8:xfit_objective,False,False,0.07212362496647984,exact_off_grid_k
D8,4,gaussian_cv,10,10,10,1.5140976942176152,1.5140976942176152,0.0,1.0,1.0,1.0,D8:gaussian_cv,False,False,0.052988208015449345,
D8,4,k_posterior,10,10,10,1.5140976942176152,1.5140976942176152,0.0,1.0,1.0,1.0,D8:k_posterior,False,False,0.0004164170240983367,
D8,4,stability,10,10,10,1.5140976942176152,1.5140976942176152,0.0,1.0,1.0,1.0,D8:stability,False,False,0.16511154104955494,
D8,4,changepoint,76,10,10,1.573087848261604,1.5140976942176152,0.026302367366831877,0.13157894736842105,1.0,0.23255813953488372,D8:changepoint,False,False,0.0008442919934168458,exact_off_grid_k
D8,4,consensus,10,10,10,1.5140976942176152,1.5140976942176152,0.0,1.0,1.0,1.0,D8:consensus,False,False,0.06158450001385063,
D8,5,elbow,11,10,10,1.5554153739912577,1.5519473124999275,0.001561480954815733,0.9090909090909091,1.0,0.9523809523809523,D8:elbow,False,False,0.00011712498962879181,
D8,5,penalized/bic,11,10,10,1.5554153739912577,1.5519473124999275,0.001561480954815733,0.9090909090909091,1.0,0.9523809523809523,D8:penalized/bic,False,False,0.00036445795558393,
D8,5,evaluate/time_holdout/best,50,10,10,1.5969902785383883,1.5519473124999275,0.020280417112930098,0.2,1.0,0.33333333333333337,D8:evaluate/time_holdout/best,False,False,0.018368082935921848,
D8,5,evaluate/one_se,11,10,10,1.5554153739912577,1.5519473124999275,0.001561480954815733,0.9090909090909091,1.0,0.9523809523809523,D8:evaluate/one_se,False,False,0.07047816703561693,
D8,5,fixed_k=50,50,10,10,1.5969902785383883,1.5519473124999275,0.020280417112930098,0.2,1.0,0.33333333333333337,D8:fixed_k=50,False,False,2.3330794647336006e-06,
D8,5,oracle,10,10,10,1.5519473124999275,1.5519473124999275,0.0,1.0,1.0,1.0,D8:oracle,False,False,0.0,
D8,5,penalized/ebic,10,10,10,1.5519473124999275,1.5519473124999275,0.0,1.0,1.0,1.0,D8:penalized/ebic,False,False,0.00031749997287988663,
D8,5,penalized/ric,10,10,10,1.5519473124999275,1.5519473124999275,0.0,1.0,1.0,1.0,D8:penalized/ric,False,False,0.0002508750185370445,
D8,5,chi2_stop,10,10,10,1.5519473124999275,1.5519473124999275,0.0,1.0,1.0,1.0,D8:chi2_stop,False,False,0.000505708041600883,
D8,5,forward_stop,10,10,10,1.5519473124999275,1.5519473124999275,0.0,1.0,1.0,1.0,D8:forward_stop,False,False,0.0005030829925090075,
D8,5,perm_gap,10,10,10,1.5519473124999275,1.5519473124999275,0.0,1.0,1.0,1.0,D8:perm_gap,False,False,0.08651329192798585,
D8,5,knockoff_path,12,10,10,1.557789948015197,1.5519473124999275,0.002630623507060165,0.8333333333333334,1.0,0.9090909090909091,D8:knockoff_path,False,False,0.06546745903324336,
D8,5,xfit_objective,10,10,10,1.5519473124999275,1.5519473124999275,0.0,1.0,1.0,1.0,D8:xfit_objective,False,False,0.06062158290296793,
D8,5,gaussian_cv,10,10,10,1.5519473124999275,1.5519473124999275,0.0,1.0,1.0,1.0,D8:gaussian_cv,False,False,0.055761708063073456,
D8,5,k_posterior,10,10,10,1.5519473124999275,1.5519473124999275,0.0,1.0,1.0,1.0,D8:k_posterior,False,False,0.0004083330277353525,
D8,5,stability,10,10,10,1.5519473124999275,1.5519473124999275,0.0,1.0,1.0,1.0,D8:stability,False,False,0.1586688329698518,
D8,5,changepoint,80,10,10,1.6166637174435063,1.5519473124999275,0.029138305083736903,0.125,1.0,0.2222222222222222,D8:changepoint,False,False,0.0008037079824134707,
D8,5,consensus,10,10,10,1.5519473124999275,1.5519473124999275,0.0,1.0,1.0,1.0,D8:consensus,False,False,0.05539524997584522,
D8,6,elbow,11,10,10,1.5410936147848218,1.5376194706499036,0.0015634741943253295,0.9090909090909091,1.0,0.9523809523809523,D8:elbow,False,False,0.00012320803944021463,
D8,6,penalized/bic,10,10,10,1.5376194706499036,1.5376194706499036,0.0,1.0,1.0,1.0,D8:penalized/bic,False,False,0.0003981250338256359,
D8,6,evaluate/time_holdout/best,50,10,10,1.5837312601150815,1.5376194706499036,0.020751756427821826,0.2,1.0,0.33333333333333337,D8:evaluate/time_holdout/best,False,False,0.015636333031579852,
D8,6,evaluate/one_se,11,10,10,1.5410936147848218,1.5376194706499036,0.0015634741943253295,0.9090909090909091,1.0,0.9523809523809523,D8:evaluate/one_se,False,False,0.08948220801539719,
D8,6,fixed_k=50,50,10,10,1.5837312601150815,1.5376194706499036,0.020751756427821826,0.2,1.0,0.33333333333333337,D8:fixed_k=50,False,False,2.874992787837982e-06,
D8,6,oracle,10,10,10,1.5376194706499036,1.5376194706499036,0.0,1.0,1.0,1.0,D8:oracle,False,False,0.0,
D8,6,penalized/ebic,10,10,10,1.5376194706499036,1.5376194706499036,0.0,1.0,1.0,1.0,D8:penalized/ebic,False,False,0.0003321670228615403,
D8,6,penalized/ric,10,10,10,1.5376194706499036,1.5376194706499036,0.0,1.0,1.0,1.0,D8:penalized/ric,False,False,0.00025987497065216303,
D8,6,chi2_stop,10,10,10,1.5376194706499036,1.5376194706499036,0.0,1.0,1.0,1.0,D8:chi2_stop,False,False,0.0005146670155227184,
D8,6,forward_stop,10,10,10,1.5376194706499036,1.5376194706499036,0.0,1.0,1.0,1.0,D8:forward_stop,False,False,0.0008804579265415668,
D8,6,perm_gap,10,10,10,1.5376194706499036,1.5376194706499036,0.0,1.0,1.0,1.0,D8:perm_gap,False,False,0.08813699998427182,
D8,6,knockoff_path,12,10,10,1.5431931659966567,1.5376194706499036,0.002508338313915363,0.8333333333333334,1.0,0.9090909090909091,D8:knockoff_path,False,False,0.07032487506512552,
D8,6,xfit_objective,10,10,10,1.5376194706499036,1.5376194706499036,0.0,1.0,1.0,1.0,D8:xfit_objective,False,False,0.04985399998258799,
D8,6,gaussian_cv,10,10,10,1.5376194706499036,1.5376194706499036,0.0,1.0,1.0,1.0,D8:gaussian_cv,False,False,0.059426791965961456,
D8,6,k_posterior,10,10,10,1.5376194706499036,1.5376194706499036,0.0,1.0,1.0,1.0,D8:k_posterior,False,False,0.0004426250234246254,
D8,6,stability,10,10,10,1.5376194706499036,1.5376194706499036,0.0,1.0,1.0,1.0,D8:stability,False,False,0.17182808299548924,
D8,6,changepoint,68,10,10,1.594165587744428,1.5376194706499036,0.025447532236214793,0.14705882352941177,1.0,0.25641025641025644,D8:changepoint,False,False,0.0008654999546706676,exact_off_grid_k
D8,6,consensus,10,10,10,1.5376194706499036,1.5376194706499036,0.0,1.0,1.0,1.0,D8:consensus,False,False,0.07267258304636925,
D8,7,elbow,11,10,10,1.5561708305676716,1.554180949080132,0.0008932385323283364,0.9090909090909091,1.0,0.9523809523809523,D8:elbow,False,False,0.00011625001206994057,
D8,7,penalized/bic,10,10,10,1.554180949080132,1.554180949080132,0.0,1.0,1.0,1.0,D8:penalized/bic,False,False,0.0003676669439300895,
D8,7,evaluate/time_holdout/best,60,10,10,1.6062608699085128,1.554180949080132,0.023378172185539278,0.16666666666666666,1.0,0.2857142857142857,D8:evaluate/time_holdout/best,False,False,0.017467583063989878,
D8,7,evaluate/one_se,11,10,10,1.5561708305676716,1.554180949080132,0.0008932385323283364,0.9090909090909091,1.0,0.9523809523809523,D8:evaluate/one_se,False,False,0.08137258305214345,
D8,7,fixed_k=50,50,10,10,1.599162366760712,1.554180949080132,0.02019172285517767,0.2,1.0,0.33333333333333337,D8:fixed_k=50,False,False,2.415967173874378e-06,
D8,7,oracle,10,10,10,1.554180949080132,1.554180949080132,0.0,1.0,1.0,1.0,D8:oracle,False,False,0.0,
D8,7,penalized/ebic,10,10,10,1.554180949080132,1.554180949080132,0.0,1.0,1.0,1.0,D8:penalized/ebic,False,False,0.0003356669330969453,
D8,7,penalized/ric,10,10,10,1.554180949080132,1.554180949080132,0.0,1.0,1.0,1.0,D8:penalized/ric,False,False,0.0002649589441716671,
D8,7,chi2_stop,10,10,10,1.554180949080132,1.554180949080132,0.0,1.0,1.0,1.0,D8:chi2_stop,False,False,0.0005274999421089888,
D8,7,forward_stop,10,10,10,1.554180949080132,1.554180949080132,0.0,1.0,1.0,1.0,D8:forward_stop,False,False,0.0005276249721646309,
D8,7,perm_gap,10,10,10,1.554180949080132,1.554180949080132,0.0,1.0,1.0,1.0,D8:perm_gap,False,False,0.09152241598349065,
D8,7,knockoff_path,15,10,10,1.5619325247543376,1.554180949080132,0.0034796072639585187,0.6666666666666666,1.0,0.8,D8:knockoff_path,False,False,0.0697665000334382,
D8,7,xfit_objective,10,10,10,1.554180949080132,1.554180949080132,0.0,1.0,1.0,1.0,D8:xfit_objective,False,False,0.04929804103448987,
D8,7,gaussian_cv,10,10,10,1.554180949080132,1.554180949080132,0.0,1.0,1.0,1.0,D8:gaussian_cv,False,False,0.04804133309517056,
D8,7,k_posterior,10,10,10,1.554180949080132,1.554180949080132,0.0,1.0,1.0,1.0,D8:k_posterior,False,False,0.0004113330505788326,
D8,7,stability,10,10,10,1.554180949080132,1.554180949080132,0.0,1.0,1.0,1.0,D8:stability,False,False,0.14305724995210767,
D8,7,changepoint,73,10,10,1.6131397894368928,1.554180949080132,0.02646605255530552,0.136986301369863,1.0,0.24096385542168672,D8:changepoint,False,False,0.0007982919923961163,exact_off_grid_k
D8,7,consensus,10,10,10,1.554180949080132,1.554180949080132,0.0,1.0,1.0,1.0,D8:consensus,False,False,0.05819295905530453,
D8,8,elbow,11,10,10,1.5236312691938678,1.520082931028805,0.001585582935713421,0.9090909090909091,1.0,0.9523809523809523,D8:elbow,False,False,0.00012108299415558577,
D8,8,penalized/bic,12,10,10,1.5276691282993005,1.520082931028805,0.0033899094109708532,0.8333333333333334,1.0,0.9090909090909091,D8:penalized/bic,False,False,0.0003559169126674533,
D8,8,evaluate/time_holdout/best,60,10,10,1.5828876380674306,1.520082931028805,0.028064425410018617,0.16666666666666666,1.0,0.2857142857142857,D8:evaluate/time_holdout/best,False,False,0.014884374919347465,
D8,8,evaluate/one_se,11,10,10,1.5236312691938678,1.520082931028805,0.001585582935713421,0.9090909090909091,1.0,0.9523809523809523,D8:evaluate/one_se,False,False,0.07487320899963379,
D8,8,fixed_k=50,50,10,10,1.5746942977893421,1.520082931028805,0.024403212772693528,0.2,1.0,0.33333333333333337,D8:fixed_k=50,False,False,2.4579931050539017e-06,
D8,8,oracle,10,10,10,1.520082931028805,1.520082931028805,0.0,1.0,1.0,1.0,D8:oracle,False,False,0.0,
D8,8,penalized/ebic,10,10,10,1.520082931028805,1.520082931028805,0.0,1.0,1.0,1.0,D8:penalized/ebic,False,False,0.0003262918908149004,
D8,8,penalized/ric,10,10,10,1.520082931028805,1.520082931028805,0.0,1.0,1.0,1.0,D8:penalized/ric,False,False,0.00025804201140999794,
D8,8,chi2_stop,10,10,10,1.520082931028805,1.520082931028805,0.0,1.0,1.0,1.0,D8:chi2_stop,False,False,0.0005326670361682773,
D8,8,forward_stop,10,10,10,1.520082931028805,1.520082931028805,0.0,1.0,1.0,1.0,D8:forward_stop,False,False,0.0005148749332875013,
D8,8,perm_gap,10,10,10,1.520082931028805,1.520082931028805,0.0,1.0,1.0,1.0,D8:perm_gap,False,False,0.08672070794273168,
D8,8,knockoff_path,13,10,10,1.529806405511272,1.520082931028805,0.004344956567850602,0.7692307692307693,1.0,0.8695652173913044,D8:knockoff_path,False,False,0.06816670799162239,
D8,8,xfit_objective,10,10,10,1.520082931028805,1.520082931028805,0.0,1.0,1.0,1.0,D8:xfit_objective,False,False,0.05087366700172424,
D8,8,gaussian_cv,10,10,10,1.520082931028805,1.520082931028805,0.0,1.0,1.0,1.0,D8:gaussian_cv,False,False,0.0562890829751268,
D8,8,k_posterior,10,10,10,1.520082931028805,1.520082931028805,0.0,1.0,1.0,1.0,D8:k_posterior,False,False,0.0004004579968750477,
D8,8,stability,10,10,10,1.520082931028805,1.520082931028805,0.0,1.0,1.0,1.0,D8:stability,False,False,0.13433375000022352,
D8,8,changepoint,66,10,10,1.5858927512426817,1.520082931028805,0.02940726703021168,0.15151515151515152,1.0,0.2631578947368421,D8:changepoint,False,False,0.0007588750449940562,exact_off_grid_k
D8,8,consensus,10,10,10,1.520082931028805,1.520082931028805,0.0,1.0,1.0,1.0,D8:consensus,False,False,0.051981415948830545,
D8,9,elbow,11,10,10,1.5313715173056361,1.526417775232161,0.002229293216211497,0.9090909090909091,1.0,0.9523809523809523,D8:elbow,False,False,0.00013037491589784622,
D8,9,penalized/bic,11,10,10,1.5313715173056361,1.526417775232161,0.002229293216211497,0.9090909090909091,1.0,0.9523809523809523,D8:penalized/bic,False,False,0.0003719580126926303,
D8,9,evaluate/time_holdout/best,50,10,10,1.5824180554271832,1.526417775232161,0.025201361494610205,0.2,1.0,0.33333333333333337,D8:evaluate/time_holdout/best,False,False,0.01596220792271197,
D8,9,evaluate/one_se,11,10,10,1.5313715173056361,1.526417775232161,0.002229293216211497,0.9090909090909091,1.0,0.9523809523809523,D8:evaluate/one_se,False,False,0.0749389169504866,
D8,9,fixed_k=50,50,10,10,1.5824180554271832,1.526417775232161,0.025201361494610205,0.2,1.0,0.33333333333333337,D8:fixed_k=50,False,False,2.125045284628868e-06,
D8,9,oracle,10,10,10,1.526417775232161,1.526417775232161,0.0,1.0,1.0,1.0,D8:oracle,False,False,0.0,
D8,9,penalized/ebic,11,10,10,1.5313715173056361,1.526417775232161,0.002229293216211497,0.9090909090909091,1.0,0.9523809523809523,D8:penalized/ebic,False,False,0.00032049999572336674,
D8,9,penalized/ric,11,10,10,1.5313715173056361,1.526417775232161,0.002229293216211497,0.9090909090909091,1.0,0.9523809523809523,D8:penalized/ric,False,False,0.00025745900347828865,
D8,9,chi2_stop,11,10,10,1.5313715173056361,1.526417775232161,0.002229293216211497,0.9090909090909091,1.0,0.9523809523809523,D8:chi2_stop,False,False,0.0004956249613314867,
D8,9,forward_stop,11,10,10,1.5313715173056361,1.526417775232161,0.002229293216211497,0.9090909090909091,1.0,0.9523809523809523,D8:forward_stop,False,False,0.0005092499777674675,
D8,9,perm_gap,11,10,10,1.5313715173056361,1.526417775232161,0.002229293216211497,0.9090909090909091,1.0,0.9523809523809523,D8:perm_gap,False,False,0.09596179192885756,
D8,9,knockoff_path,11,10,10,1.5313715173056361,1.526417775232161,0.002229293216211497,0.9090909090909091,1.0,0.9523809523809523,D8:knockoff_path,False,False,0.06918816594406962,
D8,9,xfit_objective,10,10,10,1.526417775232161,1.526417775232161,0.0,1.0,1.0,1.0,D8:xfit_objective,False,False,0.04668837506324053,
D8,9,gaussian_cv,10,10,10,1.526417775232161,1.526417775232161,0.0,1.0,1.0,1.0,D8:gaussian_cv,False,False,0.05159970803651959,
D8,9,k_posterior,11,10,10,1.5313715173056361,1.526417775232161,0.002229293216211497,0.9090909090909091,1.0,0.9523809523809523,D8:k_posterior,False,False,0.0004099160432815552,
D8,9,stability,10,10,10,1.526417775232161,1.526417775232161,0.0,1.0,1.0,1.0,D8:stability,False,False,0.13488749996758997,
D8,9,changepoint,80,10,10,1.5982496394545682,1.526417775232161,0.03232592356317451,0.125,1.0,0.2222222222222222,D8:changepoint,False,False,0.000786124961450696,
D8,9,consensus,11,10,10,1.5313715173056361,1.526417775232161,0.002229293216211497,0.9090909090909091,1.0,0.9523809523809523,D8:consensus,False,False,0.053355708019807935,
D8,10,elbow,11,10,10,1.5283236020479087,1.525063207887081,0.0014652160731218823,0.9090909090909091,1.0,0.9523809523809523,D8:elbow,False,False,0.00012970890384167433,
D8,10,penalized/bic,11,10,10,1.5283236020479087,1.525063207887081,0.0014652160731218823,0.9090909090909091,1.0,0.9523809523809523,D8:penalized/bic,False,False,0.0007359579904004931,
D8,10,evaluate/time_holdout/best,40,10,10,1.5645401593521944,1.525063207887081,0.017740880688441308,0.25,1.0,0.4,D8:evaluate/time_holdout/best,False,False,0.023151583038270473,
D8,10,evaluate/one_se,11,10,10,1.5283236020479087,1.525063207887081,0.0014652160731218823,0.9090909090909091,1.0,0.9523809523809523,D8:evaluate/one_se,False,False,0.09506808302830905,
D8,10,fixed_k=50,50,10,10,1.5716710391248732,1.525063207887081,0.02094548698542226,0.2,1.0,0.33333333333333337,D8:fixed_k=50,False,False,2.249958924949169e-06,
D8,10,oracle,10,10,10,1.525063207887081,1.525063207887081,0.0,1.0,1.0,1.0,D8:oracle,False,False,0.0,
D8,10,penalized/ebic,11,10,10,1.5283236020479087,1.525063207887081,0.0014652160731218823,0.9090909090909091,1.0,0.9523809523809523,D8:penalized/ebic,False,False,0.0003243330866098404,
D8,10,penalized/ric,10,10,10,1.525063207887081,1.525063207887081,0.0,1.0,1.0,1.0,D8:penalized/ric,False,False,0.000254040933214128,
D8,10,chi2_stop,10,10,10,1.525063207887081,1.525063207887081,0.0,1.0,1.0,1.0,D8:chi2_stop,False,False,0.000504625029861927,
D8,10,forward_stop,11,10,10,1.5283236020479087,1.525063207887081,0.0014652160731218823,0.9090909090909091,1.0,0.9523809523809523,D8:forward_stop,False,False,0.0008156669791787863,
D8,10,perm_gap,10,10,10,1.525063207887081,1.525063207887081,0.0,1.0,1.0,1.0,D8:perm_gap,False,False,0.09037787502165884,
D8,10,knockoff_path,11,10,10,1.5283236020479087,1.525063207887081,0.0014652160731218823,0.9090909090909091,1.0,0.9523809523809523,D8:knockoff_path,False,False,0.06857087509706616,
D8,10,xfit_objective,10,10,10,1.525063207887081,1.525063207887081,0.0,1.0,1.0,1.0,D8:xfit_objective,False,False,0.04898929107002914,
D8,10,gaussian_cv,10,10,10,1.525063207887081,1.525063207887081,0.0,1.0,1.0,1.0,D8:gaussian_cv,False,False,0.049531583092175424,
D8,10,k_posterior,11,10,10,1.5283236020479087,1.525063207887081,0.0014652160731218823,0.9090909090909091,1.0,0.9523809523809523,D8:k_posterior,False,False,0.00044095900375396013,
D8,10,stability,10,10,10,1.525063207887081,1.525063207887081,0.0,1.0,1.0,1.0,D8:stability,False,False,0.14547579200007021,
D8,10,changepoint,68,10,10,1.5797752380468497,1.525063207887081,0.02458750139672345,0.14705882352941177,1.0,0.25641025641025644,D8:changepoint,False,False,0.0008019169326871634,exact_off_grid_k
D8,10,consensus,10,10,10,1.525063207887081,1.525063207887081,0.0,1.0,1.0,1.0,D8:consensus,False,False,0.049173457897268236,
D8,11,elbow,11,10,10,1.5164930299777069,1.5143585282232768,0.0009676639719398774,0.9090909090909091,1.0,0.9523809523809523,D8:elbow,False,False,0.0001116250641644001,
D8,11,penalized/bic,12,10,10,1.519652186583186,1.5143585282232768,0.002399849268809915,0.8333333333333334,1.0,0.9090909090909091,D8:penalized/bic,False,False,0.00034849997609853745,
D8,11,evaluate/time_holdout/best,40,10,10,1.5480236421707319,1.5143585282232768,0.015261883861463928,0.25,1.0,0.4,D8:evaluate/time_holdout/best,False,False,0.015407249913550913,
D8,11,evaluate/one_se,11,10,10,1.5164930299777069,1.5143585282232768,0.0009676639719398774,0.9090909090909091,1.0,0.9523809523809523,D8:evaluate/one_se,False,False,0.0757505000801757,
D8,11,fixed_k=50,50,10,10,1.553732991462411,1.5143585282232768,0.01785018419961635,0.2,1.0,0.33333333333333337,D8:fixed_k=50,False,False,2.2919848561286926e-06,
D8,11,oracle,10,10,10,1.5143585282232768,1.5143585282232768,0.0,1.0,1.0,1.0,D8:oracle,False,False,0.0,
D8,11,penalized/ebic,11,10,10,1.5164930299777069,1.5143585282232768,0.0009676639719398774,0.9090909090909091,1.0,0.9523809523809523,D8:penalized/ebic,False,False,0.00032049999572336674,
D8,11,penalized/ric,10,10,10,1.5143585282232768,1.5143585282232768,0.0,1.0,1.0,1.0,D8:penalized/ric,False,False,0.0002567910123616457,
D8,11,chi2_stop,10,10,10,1.5143585282232768,1.5143585282232768,0.0,1.0,1.0,1.0,D8:chi2_stop,False,False,0.0005292079877108335,
D8,11,forward_stop,11,10,10,1.5164930299777069,1.5143585282232768,0.0009676639719398774,0.9090909090909091,1.0,0.9523809523809523,D8:forward_stop,False,False,0.0005169580690562725,
D8,11,perm_gap,11,10,10,1.5164930299777069,1.5143585282232768,0.0009676639719398774,0.9090909090909091,1.0,0.9523809523809523,D8:perm_gap,False,False,0.10686379193793982,
D8,11,knockoff_path,12,10,10,1.519652186583186,1.5143585282232768,0.002399849268809915,0.8333333333333334,1.0,0.9090909090909091,D8:knockoff_path,False,False,0.07527687505353242,
D8,11,xfit_objective,10,10,10,1.5143585282232768,1.5143585282232768,0.0,1.0,1.0,1.0,D8:xfit_objective,False,False,0.08487720892298967,
D8,11,gaussian_cv,10,10,10,1.5143585282232768,1.5143585282232768,0.0,1.0,1.0,1.0,D8:gaussian_cv,False,False,0.06614512507803738,
D8,11,k_posterior,11,10,10,1.5164930299777069,1.5143585282232768,0.0009676639719398774,0.9090909090909091,1.0,0.9523809523809523,D8:k_posterior,False,False,0.00045020796824246645,
D8,11,stability,10,10,10,1.5143585282232768,1.5143585282232768,0.0,1.0,1.0,1.0,D8:stability,False,False,0.15552320796996355,
D8,11,changepoint,75,10,10,1.56461613396665,1.5143585282232768,0.02278399363827456,0.13333333333333333,1.0,0.23529411764705882,D8:changepoint,False,False,0.0008427499560639262,
D8,11,consensus,10,10,10,1.5143585282232768,1.5143585282232768,0.0,1.0,1.0,1.0,D8:consensus,False,False,0.06313808390405029,
D8,12,elbow,11,10,10,1.5241094406102866,1.5196958726043925,0.0020041803653245882,0.9090909090909091,1.0,0.9523809523809523,D8:elbow,False,False,0.00011829205323010683,
D8,12,penalized/bic,12,10,10,1.5281990907943501,1.5196958726043925,0.0038612711791514635,0.8333333333333334,1.0,0.9090909090909091,D8:penalized/bic,False,False,0.0003588749095797539,
D8,12,evaluate/time_holdout/best,26,10,10,1.552724849969706,1.5196958726043925,0.014998302469546164,0.38461538461538464,1.0,0.5555555555555556,D8:evaluate/time_holdout/best,False,False,0.01646491594146937,
D8,12,evaluate/one_se,11,10,10,1.5241094406102866,1.5196958726043925,0.0020041803653245882,0.9090909090909091,1.0,0.9523809523809523,D8:evaluate/one_se,False,False,0.08411295793484896,
D8,12,fixed_k=50,50,10,10,1.5715083757542745,1.5196958726043925,0.023527812724905693,0.2,1.0,0.33333333333333337,D8:fixed_k=50,False,False,2.459040842950344e-06,
D8,12,oracle,10,10,10,1.5196958726043925,1.5196958726043925,0.0,1.0,1.0,1.0,D8:oracle,False,False,0.0,
D8,12,penalized/ebic,11,10,10,1.5241094406102866,1.5196958726043925,0.0020041803653245882,0.9090909090909091,1.0,0.9523809523809523,D8:penalized/ebic,False,False,0.00032104202546179295,
D8,12,penalized/ric,11,10,10,1.5241094406102866,1.5196958726043925,0.0020041803653245882,0.9090909090909091,1.0,0.9523809523809523,D8:penalized/ric,False,False,0.0002526659518480301,
D8,12,chi2_stop,10,10,10,1.5196958726043925,1.5196958726043925,0.0,1.0,1.0,1.0,D8:chi2_stop,False,False,0.0005102499853819609,
D8,12,forward_stop,11,10,10,1.5241094406102866,1.5196958726043925,0.0020041803653245882,0.9090909090909091,1.0,0.9523809523809523,D8:forward_stop,False,False,0.0005254159914329648,
D8,12,perm_gap,10,10,10,1.5196958726043925,1.5196958726043925,0.0,1.0,1.0,1.0,D8:perm_gap,False,False,0.09606945898849517,
D8,12,knockoff_path,15,10,10,1.5345643948904837,1.5196958726043925,0.006751725675775156,0.6666666666666666,1.0,0.8,D8:knockoff_path,False,False,0.09004179202020168,
D8,12,xfit_objective,23,10,10,1.5490764617769315,1.5196958726043925,0.013341586639796673,0.43478260869565216,1.0,0.6060606060606061,D8:xfit_objective,False,False,0.05878412490710616,
D8,12,gaussian_cv,10,10,10,1.5196958726043925,1.5196958726043925,0.0,1.0,1.0,1.0,D8:gaussian_cv,False,False,0.06330691603943706,
D8,12,k_posterior,11,10,10,1.5241094406102866,1.5196958726043925,0.0020041803653245882,0.9090909090909091,1.0,0.9523809523809523,D8:k_posterior,False,False,0.0006077910074964166,
D8,12,stability,10,10,10,1.5196958726043925,1.5196958726043925,0.0,1.0,1.0,1.0,D8:stability,False,False,0.146898083970882,
D8,12,changepoint,80,10,10,1.5850579840876529,1.5196958726043925,0.029680625810221264,0.125,1.0,0.2222222222222222,D8:changepoint,False,False,0.0007845000363886356,
D8,12,consensus,10,10,10,1.5196958726043925,1.5196958726043925,0.0,1.0,1.0,1.0,D8:consensus,False,False,0.05728645797353238,
D8,13,elbow,11,10,10,1.5415203307413732,1.538432040207604,0.001390566300956082,0.9090909090909091,1.0,0.9523809523809523,D8:elbow,False,False,0.00011441600508987904,
D8,13,penalized/bic,10,10,10,1.538432040207604,1.538432040207604,0.0,1.0,1.0,1.0,D8:penalized/bic,False,False,0.0003399580018594861,
D8,13,evaluate/time_holdout/best,26,10,10,1.5627793701358488,1.538432040207604,0.010962885825108865,0.38461538461538464,1.0,0.5555555555555556,D8:evaluate/time_holdout/best,False,False,0.014829874970018864,
D8,13,evaluate/one_se,11,10,10,1.5415203307413732,1.538432040207604,0.001390566300956082,0.9090909090909091,1.0,0.9523809523809523,D8:evaluate/one_se,False,False,0.07184970809612423,
D8,13,fixed_k=50,50,10,10,1.5857471886990389,1.538432040207604,0.021304618298531676,0.2,1.0,0.33333333333333337,D8:fixed_k=50,False,False,2.4170149117708206e-06,
D8,13,oracle,10,10,10,1.538432040207604,1.538432040207604,0.0,1.0,1.0,1.0,D8:oracle,False,False,0.0,
D8,13,penalized/ebic,10,10,10,1.538432040207604,1.538432040207604,0.0,1.0,1.0,1.0,D8:penalized/ebic,False,False,0.00032887503039091825,
D8,13,penalized/ric,10,10,10,1.538432040207604,1.538432040207604,0.0,1.0,1.0,1.0,D8:penalized/ric,False,False,0.0002554170787334442,
D8,13,chi2_stop,10,10,10,1.538432040207604,1.538432040207604,0.0,1.0,1.0,1.0,D8:chi2_stop,False,False,0.0005065000150352716,
D8,13,forward_stop,10,10,10,1.538432040207604,1.538432040207604,0.0,1.0,1.0,1.0,D8:forward_stop,False,False,0.000508457887917757,
D8,13,perm_gap,10,10,10,1.538432040207604,1.538432040207604,0.0,1.0,1.0,1.0,D8:perm_gap,False,False,0.09450145799200982,
D8,13,knockoff_path,10,10,10,1.538432040207604,1.538432040207604,0.0,1.0,1.0,1.0,D8:knockoff_path,False,False,0.0672181670088321,
D8,13,xfit_objective,10,10,10,1.538432040207604,1.538432040207604,0.0,1.0,1.0,1.0,D8:xfit_objective,False,False,0.046235374989919364,
D8,13,gaussian_cv,10,10,10,1.538432040207604,1.538432040207604,0.0,1.0,1.0,1.0,D8:gaussian_cv,False,False,0.04810962500050664,
D8,13,k_posterior,10,10,10,1.538432040207604,1.538432040207604,0.0,1.0,1.0,1.0,D8:k_posterior,False,False,0.0005256249569356441,
D8,13,stability,10,10,10,1.538432040207604,1.538432040207604,0.0,1.0,1.0,1.0,D8:stability,False,False,0.15307524998206645,
D8,13,changepoint,72,10,10,1.5942292297894345,1.538432040207604,0.025123831670672996,0.1388888888888889,1.0,0.24390243902439027,D8:changepoint,False,False,0.0008104590233415365,exact_off_grid_k
D8,13,consensus,10,10,10,1.538432040207604,1.538432040207604,0.0,1.0,1.0,1.0,D8:consensus,False,False,0.05855287495069206,
D8,14,elbow,11,10,10,1.5288913112798153,1.526007780612733,0.0013064314463451458,0.9090909090909091,1.0,0.9523809523809523,D8:elbow,False,False,0.00013829197268933058,
D8,14,penalized/bic,11,10,10,1.5288913112798153,1.526007780612733,0.0013064314463451458,0.9090909090909091,1.0,0.9523809523809523,D8:penalized/bic,False,False,0.0003817079123109579,
D8,14,evaluate/time_holdout/best,50,10,10,1.5672167614731298,1.526007780612733,0.018670413005294414,0.2,1.0,0.33333333333333337,D8:evaluate/time_holdout/best,False,False,0.017026124987751245,
D8,14,evaluate/one_se,11,10,10,1.5288913112798153,1.526007780612733,0.0013064314463451458,0.9090909090909091,1.0,0.9523809523809523,D8:evaluate/one_se,False,False,0.08059804199729115,
D8,14,fixed_k=50,50,10,10,1.5672167614731298,1.526007780612733,0.018670413005294414,0.2,1.0,0.33333333333333337,D8:fixed_k=50,False,False,2.2919848561286926e-06,
D8,14,oracle,10,10,10,1.526007780612733,1.526007780612733,0.0,1.0,1.0,1.0,D8:oracle,False,False,0.0,
D8,14,penalized/ebic,10,10,10,1.526007780612733,1.526007780612733,0.0,1.0,1.0,1.0,D8:penalized/ebic,False,False,0.00031887495424598455,
D8,14,penalized/ric,10,10,10,1.526007780612733,1.526007780612733,0.0,1.0,1.0,1.0,D8:penalized/ric,False,False,0.0002566670300439,
D8,14,chi2_stop,10,10,10,1.526007780612733,1.526007780612733,0.0,1.0,1.0,1.0,D8:chi2_stop,False,False,0.0006183339282870293,
D8,14,forward_stop,10,10,10,1.526007780612733,1.526007780612733,0.0,1.0,1.0,1.0,D8:forward_stop,False,False,0.0005554580129683018,
D8,14,perm_gap,10,10,10,1.526007780612733,1.526007780612733,0.0,1.0,1.0,1.0,D8:perm_gap,False,False,0.09463229100219905,
D8,14,knockoff_path,13,10,10,1.5320872922722217,1.526007780612733,0.0027544237004473275,0.7692307692307693,1.0,0.8695652173913044,D8:knockoff_path,False,False,0.07134966703597456,
D8,14,xfit_objective,10,10,10,1.526007780612733,1.526007780612733,0.0,1.0,1.0,1.0,D8:xfit_objective,False,False,0.05308095796499401,
D8,14,gaussian_cv,10,10,10,1.526007780612733,1.526007780612733,0.0,1.0,1.0,1.0,D8:gaussian_cv,False,False,0.049963833997026086,
D8,14,k_posterior,10,10,10,1.526007780612733,1.526007780612733,0.0,1.0,1.0,1.0,D8:k_posterior,False,False,0.0004195000510662794,
D8,14,stability,10,10,10,1.526007780612733,1.526007780612733,0.0,1.0,1.0,1.0,D8:stability,False,False,0.14077104104217142,
D8,14,changepoint,80,10,10,1.5788137567076905,1.526007780612733,0.02392462425073104,0.125,1.0,0.2222222222222222,D8:changepoint,False,False,0.0007605829741805792,
D8,14,consensus,10,10,10,1.526007780612733,1.526007780612733,0.0,1.0,1.0,1.0,D8:consensus,False,False,0.05246337491553277,
D8,15,elbow,11,10,10,1.5133570782565364,1.5120354921662986,0.000595713718085977,0.9090909090909091,1.0,0.9523809523809523,D8:elbow,False,False,0.00012087495997548103,
D8,15,penalized/bic,10,10,10,1.5120354921662986,1.5120354921662986,0.0,1.0,1.0,1.0,D8:penalized/bic,False,False,0.00038062490057200193,
D8,15,evaluate/time_holdout/best,26,10,10,1.5312498231136196,1.5120354921662986,0.008660987440555918,0.38461538461538464,1.0,0.5555555555555556,D8:evaluate/time_holdout/best,False,False,0.02071129099931568,
D8,15,evaluate/one_se,11,10,10,1.5133570782565364,1.5120354921662986,0.000595713718085977,0.9090909090909091,1.0,0.9523809523809523,D8:evaluate/one_se,False,False,0.11040362494532019,
D8,15,fixed_k=50,50,10,10,1.5463095250202343,1.5120354921662986,0.015449248214730447,0.2,1.0,0.33333333333333337,D8:fixed_k=50,False,False,2.374988980591297e-06,
D8,15,oracle,10,10,10,1.5120354921662986,1.5120354921662986,0.0,1.0,1.0,1.0,D8:oracle,False,False,0.0,
D8,15,penalized/ebic,10,10,10,1.5120354921662986,1.5120354921662986,0.0,1.0,1.0,1.0,D8:penalized/ebic,False,False,0.000360167003236711,
D8,15,penalized/ric,10,10,10,1.5120354921662986,1.5120354921662986,0.0,1.0,1.0,1.0,D8:penalized/ric,False,False,0.000282666995190084,
D8,15,chi2_stop,10,10,10,1.5120354921662986,1.5120354921662986,0.0,1.0,1.0,1.0,D8:chi2_stop,False,False,0.0008384579559788108,
D8,15,forward_stop,10,10,10,1.5120354921662986,1.5120354921662986,0.0,1.0,1.0,1.0,D8:forward_stop,False,False,0.0008295829175040126,
D8,15,perm_gap,10,10,10,1.5120354921662986,1.5120354921662986,0.0,1.0,1.0,1.0,D8:perm_gap,False,False,0.10134533396922052,
D8,15,knockoff_path,12,10,10,1.5149694862007108,1.5120354921662986,0.001322517320659196,0.8333333333333334,1.0,0.9090909090909091,D8:knockoff_path,False,False,0.07785012503154576,
D8,15,xfit_objective,10,10,10,1.5120354921662986,1.5120354921662986,0.0,1.0,1.0,1.0,D8:xfit_objective,False,False,0.046999249956570566,
D8,15,gaussian_cv,10,10,10,1.5120354921662986,1.5120354921662986,0.0,1.0,1.0,1.0,D8:gaussian_cv,False,False,0.06246187491342425,
D8,15,k_posterior,10,10,10,1.5120354921662986,1.5120354921662986,0.0,1.0,1.0,1.0,D8:k_posterior,False,False,0.000445583020336926,
D8,15,stability,10,10,10,1.5120354921662986,1.5120354921662986,0.0,1.0,1.0,1.0,D8:stability,False,False,0.13622679095715284,
D8,15,changepoint,74,10,10,1.5552738367347172,1.5120354921662986,0.01948997132839107,0.13513513513513514,1.0,0.2380952380952381,D8:changepoint,False,False,0.0007975000189617276,exact_off_grid_k
D8,15,consensus,10,10,10,1.5120354921662986,1.5120354921662986,0.0,1.0,1.0,1.0,D8:consensus,False,False,0.051949040964245796,
D8,16,elbow,11,10,10,1.5408549101309676,1.538561042831999,0.0010311589396319084,0.9090909090909091,1.0,0.9523809523809523,D8:elbow,False,False,0.00011612498201429844,
D8,16,penalized/bic,10,10,10,1.538561042831999,1.538561042831999,0.0,1.0,1.0,1.0,D8:penalized/bic,False,False,0.000366541906259954,
D8,16,evaluate/time_holdout/best,16,10,10,1.5490779246262578,1.538561042831999,0.004727639076627298,0.625,1.0,0.7692307692307693,D8:evaluate/time_holdout/best,False,False,0.014298500027507544,
D8,16,evaluate/one_se,11,10,10,1.5408549101309676,1.538561042831999,0.0010311589396319084,0.9090909090909091,1.0,0.9523809523809523,D8:evaluate/one_se,False,False,0.07555583398789167,
D8,16,fixed_k=50,50,10,10,1.5792550745566025,1.538561042831999,0.018293130828167095,0.2,1.0,0.33333333333333337,D8:fixed_k=50,False,False,2.040993422269821e-06,
D8,16,oracle,10,10,10,1.538561042831999,1.538561042831999,0.0,1.0,1.0,1.0,D8:oracle,False,False,0.0,
D8,16,penalized/ebic,10,10,10,1.538561042831999,1.538561042831999,0.0,1.0,1.0,1.0,D8:penalized/ebic,False,False,0.00030983297619968653,
D8,16,penalized/ric,10,10,10,1.538561042831999,1.538561042831999,0.0,1.0,1.0,1.0,D8:penalized/ric,False,False,0.00025100004859268665,
D8,16,chi2_stop,10,10,10,1.538561042831999,1.538561042831999,0.0,1.0,1.0,1.0,D8:chi2_stop,False,False,0.0004979580407962203,
D8,16,forward_stop,10,10,10,1.538561042831999,1.538561042831999,0.0,1.0,1.0,1.0,D8:forward_stop,False,False,0.0005141670117154717,
D8,16,perm_gap,10,10,10,1.538561042831999,1.538561042831999,0.0,1.0,1.0,1.0,D8:perm_gap,False,False,0.08695425000041723,
D8,16,knockoff_path,10,10,10,1.538561042831999,1.538561042831999,0.0,1.0,1.0,1.0,D8:knockoff_path,False,False,0.0734869580483064,
D8,16,xfit_objective,10,10,10,1.538561042831999,1.538561042831999,0.0,1.0,1.0,1.0,D8:xfit_objective,False,False,0.046884499955922365,
D8,16,gaussian_cv,10,10,10,1.538561042831999,1.538561042831999,0.0,1.0,1.0,1.0,D8:gaussian_cv,False,False,0.062243749969638884,
D8,16,k_posterior,10,10,10,1.538561042831999,1.538561042831999,0.0,1.0,1.0,1.0,D8:k_posterior,False,False,0.0004359170561656356,
D8,16,stability,10,10,10,1.538561042831999,1.538561042831999,0.0,1.0,1.0,1.0,D8:stability,False,False,0.15101854200474918,
D8,16,changepoint,80,10,10,1.5906778707255853,1.538561042831999,0.023428004319120597,0.125,1.0,0.2222222222222222,D8:changepoint,False,False,0.0008664580527693033,
D8,16,consensus,10,10,10,1.538561042831999,1.538561042831999,0.0,1.0,1.0,1.0,D8:consensus,False,False,0.0530178330373019,
D8,17,elbow,11,10,10,1.5400997012128437,1.538603151260736,0.0006776711841503799,0.9090909090909091,1.0,0.9523809523809523,D8:elbow,False,False,0.00013466598466038704,
D8,17,penalized/bic,10,10,10,1.538603151260736,1.538603151260736,0.0,1.0,1.0,1.0,D8:penalized/bic,False,False,0.0003642080118879676,
D8,17,evaluate/time_holdout/best,26,10,10,1.5543481514216968,1.538603151260736,0.00712968711034324,0.38461538461538464,1.0,0.5555555555555556,D8:evaluate/time_holdout/best,False,False,0.015155958011746407,
D8,17,evaluate/one_se,11,10,10,1.5400997012128437,1.538603151260736,0.0006776711841503799,0.9090909090909091,1.0,0.9523809523809523,D8:evaluate/one_se,False,False,0.07387933298014104,
D8,17,fixed_k=50,50,10,10,1.5697126402578743,1.538603151260736,0.01408707020925984,0.2,1.0,0.33333333333333337,D8:fixed_k=50,False,False,2.8330832719802856e-06,
D8,17,oracle,10,10,10,1.538603151260736,1.538603151260736,0.0,1.0,1.0,1.0,D8:oracle,False,False,0.0,
D8,17,penalized/ebic,10,10,10,1.538603151260736,1.538603151260736,0.0,1.0,1.0,1.0,D8:penalized/ebic,False,False,0.00032929203007370234,
D8,17,penalized/ric,10,10,10,1.538603151260736,1.538603151260736,0.0,1.0,1.0,1.0,D8:penalized/ric,False,False,0.0002574169775471091,
D8,17,chi2_stop,10,10,10,1.538603151260736,1.538603151260736,0.0,1.0,1.0,1.0,D8:chi2_stop,False,False,0.0005499590188264847,
D8,17,forward_stop,10,10,10,1.538603151260736,1.538603151260736,0.0,1.0,1.0,1.0,D8:forward_stop,False,False,0.0005368329584598541,
D8,17,perm_gap,10,10,10,1.538603151260736,1.538603151260736,0.0,1.0,1.0,1.0,D8:perm_gap,False,False,0.09696491598151624,
D8,17,knockoff_path,10,10,10,1.538603151260736,1.538603151260736,0.0,1.0,1.0,1.0,D8:knockoff_path,False,False,0.07039229210931808,
D8,17,xfit_objective,10,10,10,1.538603151260736,1.538603151260736,0.0,1.0,1.0,1.0,D8:xfit_objective,False,False,0.04991420789156109,
D8,17,gaussian_cv,10,10,10,1.538603151260736,1.538603151260736,0.0,1.0,1.0,1.0,D8:gaussian_cv,False,False,0.061568332952447236,
D8,17,k_posterior,10,10,10,1.538603151260736,1.538603151260736,0.0,1.0,1.0,1.0,D8:k_posterior,False,False,0.00043041701428592205,
D8,17,stability,10,10,10,1.538603151260736,1.538603151260736,0.0,1.0,1.0,1.0,D8:stability,False,False,0.15585174993611872,
D8,17,changepoint,69,10,10,1.580480299547688,1.538603151260736,0.018962906402485328,0.14492753623188406,1.0,0.25316455696202533,D8:changepoint,False,False,0.0007723330054432154,exact_off_grid_k
D8,17,consensus,10,10,10,1.538603151260736,1.538603151260736,0.0,1.0,1.0,1.0,D8:consensus,False,False,0.052411750075407326,
D8,18,elbow,11,10,10,1.5438271542639044,1.5410385187785771,0.001262219191623323,0.9090909090909091,1.0,0.9523809523809523,D8:elbow,False,False,0.0001100829103961587,
D8,18,penalized/bic,10,10,10,1.5410385187785771,1.5410385187785771,0.0,1.0,1.0,1.0,D8:penalized/bic,False,False,0.0003518330631777644,
D8,18,evaluate/time_holdout/best,40,10,10,1.5907543168007257,1.5410385187785771,0.022502845825710494,0.25,1.0,0.4,D8:evaluate/time_holdout/best,False,False,0.01627262495458126,
D8,18,evaluate/one_se,11,10,10,1.5438271542639044,1.5410385187785771,0.001262219191623323,0.9090909090909091,1.0,0.9523809523809523,D8:evaluate/one_se,False,False,0.08759816701058298,
D8,18,fixed_k=50,50,10,10,1.598231925768472,1.5410385187785771,0.025887433591377736,0.2,1.0,0.33333333333333337,D8:fixed_k=50,False,False,2.249958924949169e-06,
D8,18,oracle,10,10,10,1.5410385187785771,1.5410385187785771,0.0,1.0,1.0,1.0,D8:oracle,False,False,0.0,
D8,18,penalized/ebic,10,10,10,1.5410385187785771,1.5410385187785771,0.0,1.0,1.0,1.0,D8:penalized/ebic,False,False,0.00033420801628381014,
D8,18,penalized/ric,10,10,10,1.5410385187785771,1.5410385187785771,0.0,1.0,1.0,1.0,D8:penalized/ric,False,False,0.00028083298821002245,
D8,18,chi2_stop,10,10,10,1.5410385187785771,1.5410385187785771,0.0,1.0,1.0,1.0,D8:chi2_stop,False,False,0.0005912089254707098,
D8,18,forward_stop,10,10,10,1.5410385187785771,1.5410385187785771,0.0,1.0,1.0,1.0,D8:forward_stop,False,False,0.0006146670784801245,
D8,18,perm_gap,10,10,10,1.5410385187785771,1.5410385187785771,0.0,1.0,1.0,1.0,D8:perm_gap,False,False,0.12273958302102983,
D8,18,knockoff_path,12,10,10,1.545843489888016,1.5410385187785771,0.002174872543019953,0.8333333333333334,1.0,0.9090909090909091,D8:knockoff_path,False,False,0.097705667023547,
D8,18,xfit_objective,10,10,10,1.5410385187785771,1.5410385187785771,0.0,1.0,1.0,1.0,D8:xfit_objective,False,False,0.0663954169722274,
D8,18,gaussian_cv,10,10,10,1.5410385187785771,1.5410385187785771,0.0,1.0,1.0,1.0,D8:gaussian_cv,False,False,0.06958487501833588,
D8,18,k_posterior,10,10,10,1.5410385187785771,1.5410385187785771,0.0,1.0,1.0,1.0,D8:k_posterior,False,False,0.00047570804599672556,
D8,18,stability,10,10,10,1.5410385187785771,1.5410385187785771,0.0,1.0,1.0,1.0,D8:stability,False,False,0.1646063330117613,
D8,18,changepoint,75,10,10,1.6162262662591322,1.5410385187785771,0.03403220619698433,0.13333333333333333,1.0,0.23529411764705882,D8:changepoint,False,False,0.0008208750514313579,
D8,18,consensus,10,10,10,1.5410385187785771,1.5410385187785771,0.0,1.0,1.0,1.0,D8:consensus,False,False,0.06317979202140123,
D8,19,elbow,11,10,10,1.4882275158244533,1.4850327763693256,0.0014036612890756081,0.9090909090909091,1.0,0.9523809523809523,D8:elbow,False,False,0.00013987498823553324,
D8,19,penalized/bic,13,10,10,1.4937744330719749,1.4850327763693256,0.0038407905521693196,0.7692307692307693,1.0,0.8695652173913044,D8:penalized/bic,False,False,0.0003766670124605298,
D8,19,evaluate/time_holdout/best,50,10,10,1.5305009476105764,1.4850327763693256,0.01997718836006087,0.2,1.0,0.33333333333333337,D8:evaluate/time_holdout/best,False,False,0.018571082968264818,
D8,19,evaluate/one_se,11,10,10,1.4882275158244533,1.4850327763693256,0.0014036612890756081,0.9090909090909091,1.0,0.9523809523809523,D8:evaluate/one_se,False,False,0.08737900003325194,
D8,19,fixed_k=50,50,10,10,1.5305009476105764,1.4850327763693256,0.01997718836006087,0.2,1.0,0.33333333333333337,D8:fixed_k=50,False,False,2.540997229516506e-06,
D8,19,oracle,10,10,10,1.4850327763693256,1.4850327763693256,0.0,1.0,1.0,1.0,D8:oracle,False,False,0.0,
D8,19,penalized/ebic,10,10,10,1.4850327763693256,1.4850327763693256,0.0,1.0,1.0,1.0,D8:penalized/ebic,False,False,0.0003851659130305052,
D8,19,penalized/ric,10,10,10,1.4850327763693256,1.4850327763693256,0.0,1.0,1.0,1.0,D8:penalized/ric,False,False,0.00028091692365705967,
D8,19,chi2_stop,10,10,10,1.4850327763693256,1.4850327763693256,0.0,1.0,1.0,1.0,D8:chi2_stop,False,False,0.0005583330057561398,
D8,19,forward_stop,11,10,10,1.4882275158244533,1.4850327763693256,0.0014036612890756081,0.9090909090909091,1.0,0.9523809523809523,D8:forward_stop,False,False,0.0005894580390304327,
D8,19,perm_gap,10,10,10,1.4850327763693256,1.4850327763693256,0.0,1.0,1.0,1.0,D8:perm_gap,False,False,0.10813312500249594,
D8,19,knockoff_path,14,10,10,1.4981863737460799,1.4850327763693256,0.0057792492029990344,0.7142857142857143,1.0,0.8333333333333333,D8:knockoff_path,False,False,0.08279616700019687,
D8,19,xfit_objective,10,10,10,1.4850327763693256,1.4850327763693256,0.0,1.0,1.0,1.0,D8:xfit_objective,False,False,0.045829041977413,
D8,19,gaussian_cv,10,10,10,1.4850327763693256,1.4850327763693256,0.0,1.0,1.0,1.0,D8:gaussian_cv,False,False,0.050365625065751374,
D8,19,k_posterior,10,10,10,1.4850327763693256,1.4850327763693256,0.0,1.0,1.0,1.0,D8:k_posterior,False,False,0.0003975420258939266,
D8,19,stability,10,10,10,1.4850327763693256,1.4850327763693256,0.0,1.0,1.0,1.0,D8:stability,False,False,0.14522120798937976,
D8,19,changepoint,80,10,10,1.5479771873162664,1.4850327763693256,0.027655661518211572,0.125,1.0,0.2222222222222222,D8:changepoint,False,False,0.0007960000075399876,
D8,19,consensus,10,10,10,1.4850327763693256,1.4850327763693256,0.0,1.0,1.0,1.0,D8:consensus,False,False,0.056798749952577055,
D8,20,elbow,11,10,10,1.5301246023194233,1.5282959184804221,0.0008255325419937108,0.9090909090909091,1.0,0.9523809523809523,D8:elbow,False,False,0.00022558297496289015,
D8,20,penalized/bic,12,10,10,1.5337084847367402,1.5282959184804221,0.0024434237810775617,0.8333333333333334,1.0,0.9090909090909091,D8:penalized/bic,False,False,0.0003803749568760395,
D8,20,evaluate/time_holdout/best,21,10,10,1.5523570313632957,1.5282959184804221,0.010862037087966982,0.47619047619047616,1.0,0.6451612903225806,D8:evaluate/time_holdout/best,False,False,0.021380709018558264,
D8,20,evaluate/one_se,11,10,10,1.5301246023194233,1.5282959184804221,0.0008255325419937108,0.9090909090909091,1.0,0.9523809523809523,D8:evaluate/one_se,False,False,0.09463391697499901,
D8,20,fixed_k=50,50,10,10,1.582572375384496,1.5282959184804221,0.02450231170791475,0.2,1.0,0.33333333333333337,D8:fixed_k=50,False,False,2.540997229516506e-06,
D8,20,oracle,10,10,10,1.5282959184804221,1.5282959184804221,0.0,1.0,1.0,1.0,D8:oracle,False,False,0.0,
D8,20,penalized/ebic,10,10,10,1.5282959184804221,1.5282959184804221,0.0,1.0,1.0,1.0,D8:penalized/ebic,False,False,0.0003347080200910568,
D8,20,penalized/ric,10,10,10,1.5282959184804221,1.5282959184804221,0.0,1.0,1.0,1.0,D8:penalized/ric,False,False,0.00027058401610702276,
D8,20,chi2_stop,10,10,10,1.5282959184804221,1.5282959184804221,0.0,1.0,1.0,1.0,D8:chi2_stop,False,False,0.000524083967320621,
D8,20,forward_stop,11,10,10,1.5301246023194233,1.5282959184804221,0.0008255325419937108,0.9090909090909091,1.0,0.9523809523809523,D8:forward_stop,False,False,0.0006300000241026282,
D8,20,perm_gap,10,10,10,1.5282959184804221,1.5282959184804221,0.0,1.0,1.0,1.0,D8:perm_gap,False,False,0.15917737502604723,
D8,20,knockoff_path,20,10,10,1.551252934753863,1.5282959184804221,0.01036360884074769,0.5,1.0,0.6666666666666666,D8:knockoff_path,False,False,0.13558375008869916,
D8,20,xfit_objective,10,10,10,1.5282959184804221,1.5282959184804221,0.0,1.0,1.0,1.0,D8:xfit_objective,False,False,0.06908787495922297,
D8,20,gaussian_cv,10,10,10,1.5282959184804221,1.5282959184804221,0.0,1.0,1.0,1.0,D8:gaussian_cv,False,False,0.07793099991977215,
D8,20,k_posterior,10,10,10,1.5282959184804221,1.5282959184804221,0.0,1.0,1.0,1.0,D8:k_posterior,False,False,0.0005435829516500235,
D8,20,stability,10,10,10,1.5282959184804221,1.5282959184804221,0.0,1.0,1.0,1.0,D8:stability,False,False,0.175970625015907,
D8,20,changepoint,64,10,10,1.5915320312477887,1.5282959184804221,0.028547017152598386,0.15625,1.0,0.2702702702702703,D8:changepoint,False,False,0.0008618340361863375,exact_off_grid_k
D8,20,consensus,10,10,10,1.5282959184804221,1.5282959184804221,0.0,1.0,1.0,1.0,D8:consensus,False,False,0.06083220895379782,
D8,21,elbow,11,10,10,1.5377569651640266,1.5321857673288555,0.0025113227677938583,0.9090909090909091,1.0,0.9523809523809523,D8:elbow,False,False,0.00011858297511935234,
D8,21,penalized/bic,14,10,10,1.5480549887946085,1.5321857673288555,0.0071533516405605,0.7142857142857143,1.0,0.8333333333333333,D8:penalized/bic,False,False,0.000360167003236711,
D8,21,evaluate/time_holdout/best,40,10,10,1.5878557366724364,1.5321857673288555,0.02509429132319201,0.25,1.0,0.4,D8:evaluate/time_holdout/best,False,False,0.015848583076149225,
D8,21,evaluate/one_se,11,10,10,1.5377569651640266,1.5321857673288555,0.0025113227677938583,0.9090909090909091,1.0,0.9523809523809523,D8:evaluate/one_se,False,False,0.07518529205117375,
D8,21,fixed_k=50,50,10,10,1.5959928993084693,1.5321857673288555,0.02876227124379436,0.2,1.0,0.33333333333333337,D8:fixed_k=50,False,False,2.7909409254789352e-06,
D8,21,oracle,10,10,10,1.5321857673288555,1.5321857673288555,0.0,1.0,1.0,1.0,D8:oracle,False,False,0.0,
D8,21,penalized/ebic,11,10,10,1.5377569651640266,1.5321857673288555,0.0025113227677938583,0.9090909090909091,1.0,0.9523809523809523,D8:penalized/ebic,False,False,0.0003355840453878045,
D8,21,penalized/ric,11,10,10,1.5377569651640266,1.5321857673288555,0.0025113227677938583,0.9090909090909091,1.0,0.9523809523809523,D8:penalized/ric,False,False,0.0002559999702498317,
D8,21,chi2_stop,10,10,10,1.5321857673288555,1.5321857673288555,0.0,1.0,1.0,1.0,D8:chi2_stop,False,False,0.0005206250352784991,
D8,21,forward_stop,11,10,10,1.5377569651640266,1.5321857673288555,0.0025113227677938583,0.9090909090909091,1.0,0.9523809523809523,D8:forward_stop,False,False,0.0005087499739602208,
D8,21,perm_gap,11,10,10,1.5377569651640266,1.5321857673288555,0.0025113227677938583,0.9090909090909091,1.0,0.9523809523809523,D8:perm_gap,False,False,0.10257666697725654,
D8,21,knockoff_path,17,10,10,1.5561883042500873,1.5321857673288555,0.010819597371783252,0.5882352941176471,1.0,0.7407407407407407,D8:knockoff_path,False,False,0.08450708293821663,
D8,21,xfit_objective,32,10,10,1.580789697414548,1.5321857673288555,0.021909140518739274,0.3125,1.0,0.47619047619047616,D8:xfit_objective,False,False,0.06612112501170486,exact_off_grid_k
D8,21,gaussian_cv,10,10,10,1.5321857673288555,1.5321857673288555,0.0,1.0,1.0,1.0,D8:gaussian_cv,False,False,0.056063625030219555,
D8,21,k_posterior,11,10,10,1.5377569651640266,1.5321857673288555,0.0025113227677938583,0.9090909090909091,1.0,0.9523809523809523,D8:k_posterior,False,False,0.00046745804138481617,
D8,21,stability,10,10,10,1.5321857673288555,1.5321857673288555,0.0,1.0,1.0,1.0,D8:stability,False,False,0.14875504199881107,
D8,21,changepoint,76,10,10,1.608684238539777,1.5321857673288555,0.03448313237785234,0.13157894736842105,1.0,0.23255813953488372,D8:changepoint,False,False,0.001530416077002883,exact_off_grid_k
D8,21,consensus,10,10,10,1.5321857673288555,1.5321857673288555,0.0,1.0,1.0,1.0,D8:consensus,False,False,0.08240504201967269,
D8,22,elbow,11,10,10,1.5450870485489947,1.5407165597949264,0.001979874900343863,0.9090909090909091,1.0,0.9523809523809523,D8:elbow,False,False,0.00022662500850856304,
D8,22,penalized/bic,12,10,10,1.5489763466205793,1.5407165597949264,0.0037417656327517947,0.8333333333333334,1.0,0.9090909090909091,D8:penalized/bic,False,False,0.0005672500701621175,
D8,22,evaluate/time_holdout/best,50,10,10,1.5885236787306447,1.5407165597949264,0.02165710065046492,0.2,1.0,0.33333333333333337,D8:evaluate/time_holdout/best,False,False,0.016149749979376793,
D8,22,evaluate/one_se,11,10,10,1.5450870485489947,1.5407165597949264,0.001979874900343863,0.9090909090909091,1.0,0.9523809523809523,D8:evaluate/one_se,False,False,0.09870879107620567,
D8,22,fixed_k=50,50,10,10,1.5885236787306447,1.5407165597949264,0.02165710065046492,0.2,1.0,0.33333333333333337,D8:fixed_k=50,False,False,2.8329668566584587e-06,
D8,22,oracle,10,10,10,1.5407165597949264,1.5407165597949264,0.0,1.0,1.0,1.0,D8:oracle,False,False,0.0,
D8,22,penalized/ebic,11,10,10,1.5450870485489947,1.5407165597949264,0.001979874900343863,0.9090909090909091,1.0,0.9523809523809523,D8:penalized/ebic,False,False,0.00038287497591227293,
D8,22,penalized/ric,11,10,10,1.5450870485489947,1.5407165597949264,0.001979874900343863,0.9090909090909091,1.0,0.9523809523809523,D8:penalized/ric,False,False,0.0002700840122997761,
D8,22,chi2_stop,10,10,10,1.5407165597949264,1.5407165597949264,0.0,1.0,1.0,1.0,D8:chi2_stop,False,False,0.0005934999790042639,
D8,22,forward_stop,11,10,10,1.5450870485489947,1.5407165597949264,0.001979874900343863,0.9090909090909091,1.0,0.9523809523809523,D8:forward_stop,False,False,0.0005489590112119913,
D8,22,perm_gap,11,10,10,1.5450870485489947,1.5407165597949264,0.001979874900343863,0.9090909090909091,1.0,0.9523809523809523,D8:perm_gap,False,False,0.10709820897318423,
D8,22,knockoff_path,13,10,10,1.5519635669293748,1.5407165597949264,0.005095006161211284,0.7692307692307693,1.0,0.8695652173913044,D8:knockoff_path,False,False,0.09437270893249661,
D8,22,xfit_objective,10,10,10,1.5407165597949264,1.5407165597949264,0.0,1.0,1.0,1.0,D8:xfit_objective,False,False,0.06159054208546877,
D8,22,gaussian_cv,10,10,10,1.5407165597949264,1.5407165597949264,0.0,1.0,1.0,1.0,D8:gaussian_cv,False,False,0.06983937509357929,
D8,22,k_posterior,11,10,10,1.5450870485489947,1.5407165597949264,0.001979874900343863,0.9090909090909091,1.0,0.9523809523809523,D8:k_posterior,False,False,0.00043820799328386784,
D8,22,stability,10,10,10,1.5407165597949264,1.5407165597949264,0.0,1.0,1.0,1.0,D8:stability,False,False,0.14325062499847263,
D8,22,changepoint,73,10,10,1.596278425394168,1.5407165597949264,0.025170078063653123,0.136986301369863,1.0,0.24096385542168672,D8:changepoint,False,False,0.0007545000407844782,exact_off_grid_k
D8,22,consensus,10,10,10,1.5407165597949264,1.5407165597949264,0.0,1.0,1.0,1.0,D8:consensus,False,False,0.056626625009812415,
D8,23,elbow,11,10,10,1.5470642070325296,1.5436002862105256,0.0015573246525305224,0.9090909090909091,1.0,0.9523809523809523,D8:elbow,False,False,0.00012095808051526546,
D8,23,penalized/bic,11,10,10,1.5470642070325296,1.5436002862105256,0.0015573246525305224,0.9090909090909091,1.0,0.9523809523809523,D8:penalized/bic,False,False,0.0003440839936956763,
D8,23,evaluate/time_holdout/best,60,10,10,1.5977478794339242,1.5436002862105256,0.024343911461927898,0.16666666666666666,1.0,0.2857142857142857,D8:evaluate/time_holdout/best,False,False,0.015545625006780028,
D8,23,evaluate/one_se,11,10,10,1.5470642070325296,1.5436002862105256,0.0015573246525305224,0.9090909090909091,1.0,0.9523809523809523,D8:evaluate/one_se,False,False,0.0771138749551028,
D8,23,fixed_k=50,50,10,10,1.5928097098708942,1.5436002862105256,0.02212378762132771,0.2,1.0,0.33333333333333337,D8:fixed_k=50,False,False,2.874992787837982e-06,
D8,23,oracle,10,10,10,1.5436002862105256,1.5436002862105256,0.0,1.0,1.0,1.0,D8:oracle,False,False,0.0,
D8,23,penalized/ebic,10,10,10,1.5436002862105256,1.5436002862105256,0.0,1.0,1.0,1.0,D8:penalized/ebic,False,False,0.00045900000259280205,
D8,23,penalized/ric,10,10,10,1.5436002862105256,1.5436002862105256,0.0,1.0,1.0,1.0,D8:penalized/ric,False,False,0.0002934579970315099,
D8,23,chi2_stop,10,10,10,1.5436002862105256,1.5436002862105256,0.0,1.0,1.0,1.0,D8:chi2_stop,False,False,0.0006886660121381283,
D8,23,forward_stop,10,10,10,1.5436002862105256,1.5436002862105256,0.0,1.0,1.0,1.0,D8:forward_stop,False,False,0.0007340419106185436,
D8,23,perm_gap,10,10,10,1.5436002862105256,1.5436002862105256,0.0,1.0,1.0,1.0,D8:perm_gap,False,False,0.09378191595897079,
D8,23,knockoff_path,15,10,10,1.5525685625056544,1.5436002862105256,0.004031996827522535,0.6666666666666666,1.0,0.8,D8:knockoff_path,False,False,0.07154883292969316,
D8,23,xfit_objective,10,10,10,1.5436002862105256,1.5436002862105256,0.0,1.0,1.0,1.0,D8:xfit_objective,False,False,0.05582387500908226,
D8,23,gaussian_cv,10,10,10,1.5436002862105256,1.5436002862105256,0.0,1.0,1.0,1.0,D8:gaussian_cv,False,False,0.06633270799648017,
D8,23,k_posterior,10,10,10,1.5436002862105256,1.5436002862105256,0.0,1.0,1.0,1.0,D8:k_posterior,False,False,0.00044633401557803154,
D8,23,stability,10,10,10,1.5436002862105256,1.5436002862105256,0.0,1.0,1.0,1.0,D8:stability,False,False,0.15021591691765934,
D8,23,changepoint,73,10,10,1.6064585010876196,1.5436002862105256,0.02826007079039608,0.136986301369863,1.0,0.24096385542168672,D8:changepoint,False,False,0.0007743330206722021,exact_off_grid_k
D8,23,consensus,10,10,10,1.5436002862105256,1.5436002862105256,0.0,1.0,1.0,1.0,D8:consensus,False,False,0.051407999941147864,
D8,24,elbow,11,10,10,1.5263497100624766,1.5218711788154295,0.002012113109991962,0.9090909090909091,1.0,0.9523809523809523,D8:elbow,False,False,0.00011991697829216719,
D8,24,penalized/bic,12,10,10,1.5298621978913327,1.5218711788154295,0.0035902025369193226,0.8333333333333334,1.0,0.9090909090909091,D8:penalized/bic,False,False,0.00035270804073661566,
D8,24,evaluate/time_holdout/best,50,10,10,1.5684959115257782,1.5218711788154295,0.02094754524671935,0.2,1.0,0.33333333333333337,D8:evaluate/time_holdout/best,False,False,0.015902874991297722,
D8,24,evaluate/one_se,11,10,10,1.5263497100624766,1.5218711788154295,0.002012113109991962,0.9090909090909091,1.0,0.9523809523809523,D8:evaluate/one_se,False,False,0.07096841605380177,
D8,24,fixed_k=50,50,10,10,1.5684959115257782,1.5218711788154295,0.02094754524671935,0.2,1.0,0.33333333333333337,D8:fixed_k=50,False,False,2.3329630494117737e-06,
D8,24,oracle,10,10,10,1.5218711788154295,1.5218711788154295,0.0,1.0,1.0,1.0,D8:oracle,False,False,0.0,
D8,24,penalized/ebic,11,10,10,1.5263497100624766,1.5218711788154295,0.002012113109991962,0.9090909090909091,1.0,0.9523809523809523,D8:penalized/ebic,False,False,0.0003144169459119439,
D8,24,penalized/ric,11,10,10,1.5263497100624766,1.5218711788154295,0.002012113109991962,0.9090909090909091,1.0,0.9523809523809523,D8:penalized/ric,False,False,0.0002554580569267273,
D8,24,chi2_stop,10,10,10,1.5218711788154295,1.5218711788154295,0.0,1.0,1.0,1.0,D8:chi2_stop,False,False,0.0004950000438839197,
D8,24,forward_stop,11,10,10,1.5263497100624766,1.5218711788154295,0.002012113109991962,0.9090909090909091,1.0,0.9523809523809523,D8:forward_stop,False,False,0.0006492499960586429,
D8,24,perm_gap,11,10,10,1.5263497100624766,1.5218711788154295,0.002012113109991962,0.9090909090909091,1.0,0.9523809523809523,D8:perm_gap,False,False,0.08679541700985283,
D8,24,knockoff_path,12,10,10,1.5298621978913327,1.5218711788154295,0.0035902025369193226,0.8333333333333334,1.0,0.9090909090909091,D8:knockoff_path,False,False,0.06269637495279312,
D8,24,xfit_objective,10,10,10,1.5218711788154295,1.5218711788154295,0.0,1.0,1.0,1.0,D8:xfit_objective,False,False,0.04465225001331419,
D8,24,gaussian_cv,10,10,10,1.5218711788154295,1.5218711788154295,0.0,1.0,1.0,1.0,D8:gaussian_cv,False,False,0.055933875031769276,
D8,24,k_posterior,11,10,10,1.5263497100624766,1.5218711788154295,0.002012113109991962,0.9090909090909091,1.0,0.9523809523809523,D8:k_posterior,False,False,0.00041083397809416056,
D8,24,stability,10,10,10,1.5218711788154295,1.5218711788154295,0.0,1.0,1.0,1.0,D8:stability,False,False,0.14233041706029326,
D8,24,changepoint,75,10,10,1.5825022332123957,1.5218711788154295,0.02724030104852164,0.13333333333333333,1.0,0.23529411764705882,D8:changepoint,False,False,0.0007724170573055744,
D8,24,consensus,10,10,10,1.5218711788154295,1.5218711788154295,0.0,1.0,1.0,1.0,D8:consensus,False,False,0.051099499920383096,
D8,25,elbow,11,10,10,1.5401545732081923,1.538529467299816,0.0007249090252971805,0.9090909090909091,1.0,0.9523809523809523,D8:elbow,False,False,0.00011483300477266312,
D8,25,penalized/bic,10,10,10,1.538529467299816,1.538529467299816,0.0,1.0,1.0,1.0,D8:penalized/bic,False,False,0.0003570000408217311,
D8,25,evaluate/time_holdout/best,60,10,10,1.5985098528785786,1.538529467299816,0.026755377986591132,0.16666666666666666,1.0,0.2857142857142857,D8:evaluate/time_holdout/best,False,False,0.01862504205200821,
D8,25,evaluate/one_se,11,10,10,1.5401545732081923,1.538529467299816,0.0007249090252971805,0.9090909090909091,1.0,0.9523809523809523,D8:evaluate/one_se,False,False,0.07238583301659673,
D8,25,fixed_k=50,50,10,10,1.5900823084748479,1.538529467299816,0.022996113456280522,0.2,1.0,0.33333333333333337,D8:fixed_k=50,False,False,2.250075340270996e-06,
D8,25,oracle,10,10,10,1.538529467299816,1.538529467299816,0.0,1.0,1.0,1.0,D8:oracle,False,False,0.0,
D8,25,penalized/ebic,10,10,10,1.538529467299816,1.538529467299816,0.0,1.0,1.0,1.0,D8:penalized/ebic,False,False,0.0003303330158814788,
D8,25,penalized/ric,10,10,10,1.538529467299816,1.538529467299816,0.0,1.0,1.0,1.0,D8:penalized/ric,False,False,0.000254875048995018,
D8,25,chi2_stop,10,10,10,1.538529467299816,1.538529467299816,0.0,1.0,1.0,1.0,D8:chi2_stop,False,False,0.0005184999899938703,
D8,25,forward_stop,10,10,10,1.538529467299816,1.538529467299816,0.0,1.0,1.0,1.0,D8:forward_stop,False,False,0.0005138750420883298,
D8,25,perm_gap,10,10,10,1.538529467299816,1.538529467299816,0.0,1.0,1.0,1.0,D8:perm_gap,False,False,0.09285375010222197,
D8,25,knockoff_path,10,10,10,1.538529467299816,1.538529467299816,0.0,1.0,1.0,1.0,D8:knockoff_path,False,False,0.06842641707044095,
D8,25,xfit_objective,10,10,10,1.538529467299816,1.538529467299816,0.0,1.0,1.0,1.0,D8:xfit_objective,False,False,0.055899708066135645,
D8,25,gaussian_cv,10,10,10,1.538529467299816,1.538529467299816,0.0,1.0,1.0,1.0,D8:gaussian_cv,False,False,0.04927045805379748,
D8,25,k_posterior,10,10,10,1.538529467299816,1.538529467299816,0.0,1.0,1.0,1.0,D8:k_posterior,False,False,0.0004041669890284538,
D8,25,stability,10,10,10,1.538529467299816,1.538529467299816,0.0,1.0,1.0,1.0,D8:stability,False,False,0.14143429102841765,
D8,25,changepoint,78,10,10,1.6082101385512437,1.538529467299816,0.03108237267403382,0.1282051282051282,1.0,0.22727272727272727,D8:changepoint,False,False,0.0007687500910833478,exact_off_grid_k
D8,25,consensus,10,10,10,1.538529467299816,1.538529467299816,0.0,1.0,1.0,1.0,D8:consensus,False,False,0.04950287495739758,
D8,26,elbow,11,10,10,1.521585442767039,1.5183093934701695,0.0014893215298503258,0.9090909090909091,1.0,0.9523809523809523,D8:elbow,False,False,0.00011025008279830217,
D8,26,penalized/bic,11,10,10,1.521585442767039,1.5183093934701695,0.0014893215298503258,0.9090909090909091,1.0,0.9523809523809523,D8:penalized/bic,False,False,0.00034962501376867294,
D8,26,evaluate/time_holdout/best,60,10,10,1.5781745802153508,1.5183093934701695,0.027215253321525246,0.16666666666666666,1.0,0.2857142857142857,D8:evaluate/time_holdout/best,False,False,0.017841625027358532,
D8,26,evaluate/one_se,11,10,10,1.521585442767039,1.5183093934701695,0.0014893215298503258,0.9090909090909091,1.0,0.9523809523809523,D8:evaluate/one_se,False,False,0.09703050006646663,
D8,26,fixed_k=50,50,10,10,1.571801503738545,1.5183093934701695,0.024317995329296856,0.2,1.0,0.33333333333333337,D8:fixed_k=50,False,False,2.834014594554901e-06,
D8,26,oracle,10,10,10,1.5183093934701695,1.5183093934701695,0.0,1.0,1.0,1.0,D8:oracle,False,False,0.0,
D8,26,penalized/ebic,10,10,10,1.5183093934701695,1.5183093934701695,0.0,1.0,1.0,1.0,D8:penalized/ebic,False,False,0.00038529199082404375,
D8,26,penalized/ric,10,10,10,1.5183093934701695,1.5183093934701695,0.0,1.0,1.0,1.0,D8:penalized/ric,False,False,0.0002811669837683439,
D8,26,chi2_stop,10,10,10,1.5183093934701695,1.5183093934701695,0.0,1.0,1.0,1.0,D8:chi2_stop,False,False,0.000585292000323534,
D8,26,forward_stop,10,10,10,1.5183093934701695,1.5183093934701695,0.0,1.0,1.0,1.0,D8:forward_stop,False,False,0.0005465419963002205,
D8,26,perm_gap,12,10,10,1.5249579264066622,1.5183093934701695,0.003022482980857271,0.8333333333333334,1.0,0.9090909090909091,D8:perm_gap,False,False,0.11071445897687227,
D8,26,knockoff_path,12,10,10,1.5249579264066622,1.5183093934701695,0.003022482980857271,0.8333333333333334,1.0,0.9090909090909091,D8:knockoff_path,False,False,0.08618079195730388,
D8,26,xfit_objective,10,10,10,1.5183093934701695,1.5183093934701695,0.0,1.0,1.0,1.0,D8:xfit_objective,False,False,0.04982199997175485,
D8,26,gaussian_cv,10,10,10,1.5183093934701695,1.5183093934701695,0.0,1.0,1.0,1.0,D8:gaussian_cv,False,False,0.05264950008131564,
D8,26,k_posterior,10,10,10,1.5183093934701695,1.5183093934701695,0.0,1.0,1.0,1.0,D8:k_posterior,False,False,0.00042854202911257744,
D8,26,stability,10,10,10,1.5183093934701695,1.5183093934701695,0.0,1.0,1.0,1.0,D8:stability,False,False,0.1478505419800058,
D8,26,changepoint,76,10,10,1.5847295885104622,1.5183093934701695,0.03019521915768818,0.13157894736842105,1.0,0.23255813953488372,D8:changepoint,False,False,0.0008394590113312006,exact_off_grid_k
D8,26,consensus,10,10,10,1.5183093934701695,1.5183093934701695,0.0,1.0,1.0,1.0,D8:consensus,False,False,0.06419629196170717,
D8,27,elbow,11,10,10,1.524846725129813,1.5210546915876069,0.0017111096839843348,0.9090909090909091,1.0,0.9523809523809523,D8:elbow,False,False,0.00011229200754314661,
D8,27,penalized/bic,11,10,10,1.524846725129813,1.5210546915876069,0.0017111096839843348,0.9090909090909091,1.0,0.9523809523809523,D8:penalized/bic,False,False,0.00034604198299348354,
D8,27,evaluate/time_holdout/best,26,10,10,1.550160738940434,1.5210546915876069,0.013133754998104286,0.38461538461538464,1.0,0.5555555555555556,D8:evaluate/time_holdout/best,False,False,0.01785483304411173,
D8,27,evaluate/one_se,11,10,10,1.524846725129813,1.5210546915876069,0.0017111096839843348,0.9090909090909091,1.0,0.9523809523809523,D8:evaluate/one_se,False,False,0.0754501250339672,
D8,27,fixed_k=50,50,10,10,1.5670988173110685,1.5210546915876069,0.02077685984026679,0.2,1.0,0.33333333333333337,D8:fixed_k=50,False,False,2.208980731666088e-06,
D8,27,oracle,10,10,10,1.5210546915876069,1.5210546915876069,0.0,1.0,1.0,1.0,D8:oracle,False,False,0.0,
D8,27,penalized/ebic,10,10,10,1.5210546915876069,1.5210546915876069,0.0,1.0,1.0,1.0,D8:penalized/ebic,False,False,0.0003748340532183647,
D8,27,penalized/ric,10,10,10,1.5210546915876069,1.5210546915876069,0.0,1.0,1.0,1.0,D8:penalized/ric,False,False,0.0003149169497191906,
D8,27,chi2_stop,10,10,10,1.5210546915876069,1.5210546915876069,0.0,1.0,1.0,1.0,D8:chi2_stop,False,False,0.000558875035494566,
D8,27,forward_stop,10,10,10,1.5210546915876069,1.5210546915876069,0.0,1.0,1.0,1.0,D8:forward_stop,False,False,0.0005165840266272426,
D8,27,perm_gap,10,10,10,1.5210546915876069,1.5210546915876069,0.0,1.0,1.0,1.0,D8:perm_gap,False,False,0.09564295795280486,
D8,27,knockoff_path,11,10,10,1.524846725129813,1.5210546915876069,0.0017111096839843348,0.9090909090909091,1.0,0.9523809523809523,D8:knockoff_path,False,False,0.08882916695438325,
D8,27,xfit_objective,10,10,10,1.5210546915876069,1.5210546915876069,0.0,1.0,1.0,1.0,D8:xfit_objective,False,False,0.045223542023450136,
D8,27,gaussian_cv,10,10,10,1.5210546915876069,1.5210546915876069,0.0,1.0,1.0,1.0,D8:gaussian_cv,False,False,0.064303332939744,
D8,27,k_posterior,10,10,10,1.5210546915876069,1.5210546915876069,0.0,1.0,1.0,1.0,D8:k_posterior,False,False,0.00042045791633427143,
D8,27,stability,10,10,10,1.5210546915876069,1.5210546915876069,0.0,1.0,1.0,1.0,D8:stability,False,False,0.1411342080682516,
D8,27,changepoint,80,10,10,1.5803286510924401,1.5210546915876069,0.026746663759152457,0.125,1.0,0.2222222222222222,D8:changepoint,False,False,0.0007574999472126365,
D8,27,consensus,10,10,10,1.5210546915876069,1.5210546915876069,0.0,1.0,1.0,1.0,D8:consensus,False,False,0.06139062508009374,
D8,28,elbow,11,10,10,1.4985653918599584,1.4951114036628945,0.0015550898683479408,0.9090909090909091,1.0,0.9523809523809523,D8:elbow,False,False,0.0001235000090673566,
D8,28,penalized/bic,11,10,10,1.4985653918599584,1.4951114036628945,0.0015550898683479408,0.9090909090909091,1.0,0.9523809523809523,D8:penalized/bic,False,False,0.00035729107912629843,
D8,28,evaluate/time_holdout/best,40,10,10,1.5267510202271695,1.4951114036628945,0.014245111549409155,0.25,1.0,0.4,D8:evaluate/time_holdout/best,False,False,0.016465499997138977,
D8,28,evaluate/one_se,11,10,10,1.4985653918599584,1.4951114036628945,0.0015550898683479408,0.9090909090909091,1.0,0.9523809523809523,D8:evaluate/one_se,False,False,0.07458204100839794,
D8,28,fixed_k=50,50,10,10,1.5326242815929942,1.4951114036628945,0.016889431310524013,0.2,1.0,0.33333333333333337,D8:fixed_k=50,False,False,2.2080494090914726e-06,
D8,28,oracle,10,10,10,1.4951114036628945,1.4951114036628945,0.0,1.0,1.0,1.0,D8:oracle,False,False,0.0,
D8,28,penalized/ebic,10,10,10,1.4951114036628945,1.4951114036628945,0.0,1.0,1.0,1.0,D8:penalized/ebic,False,False,0.0003208749694749713,
D8,28,penalized/ric,10,10,10,1.4951114036628945,1.4951114036628945,0.0,1.0,1.0,1.0,D8:penalized/ric,False,False,0.00025962491054087877,
D8,28,chi2_stop,10,10,10,1.4951114036628945,1.4951114036628945,0.0,1.0,1.0,1.0,D8:chi2_stop,False,False,0.0005214170087128878,
D8,28,forward_stop,10,10,10,1.4951114036628945,1.4951114036628945,0.0,1.0,1.0,1.0,D8:forward_stop,False,False,0.0005233329720795155,
D8,28,perm_gap,10,10,10,1.4951114036628945,1.4951114036628945,0.0,1.0,1.0,1.0,D8:perm_gap,False,False,0.08911370800342411,
D8,28,knockoff_path,10,10,10,1.4951114036628945,1.4951114036628945,0.0,1.0,1.0,1.0,D8:knockoff_path,False,False,0.0661615839926526,
D8,28,xfit_objective,10,10,10,1.4951114036628945,1.4951114036628945,0.0,1.0,1.0,1.0,D8:xfit_objective,False,False,0.04756058403290808,
D8,28,gaussian_cv,10,10,10,1.4951114036628945,1.4951114036628945,0.0,1.0,1.0,1.0,D8:gaussian_cv,False,False,0.05995120794977993,
D8,28,k_posterior,10,10,10,1.4951114036628945,1.4951114036628945,0.0,1.0,1.0,1.0,D8:k_posterior,False,False,0.00046300003305077553,
D8,28,stability,10,10,10,1.4951114036628945,1.4951114036628945,0.0,1.0,1.0,1.0,D8:stability,False,False,0.18114120804239064,
D8,28,changepoint,80,10,10,1.544548357242034,1.4951114036628945,0.022258010521940794,0.125,1.0,0.2222222222222222,D8:changepoint,False,False,0.0008452499751001596,
D8,28,consensus,10,10,10,1.4951114036628945,1.4951114036628945,0.0,1.0,1.0,1.0,D8:consensus,False,False,0.05809137492906302,
D8,29,elbow,11,10,10,1.5101181280817892,1.5074776663532716,0.0011818141325624124,0.9090909090909091,1.0,0.9523809523809523,D8:elbow,False,False,0.00012974999845027924,
D8,29,penalized/bic,10,10,10,1.5074776663532716,1.5074776663532716,0.0,1.0,1.0,1.0,D8:penalized/bic,False,False,0.0003857080591842532,
D8,29,evaluate/time_holdout/best,50,10,10,1.5501468699819625,1.5074776663532716,0.01909782191839626,0.2,1.0,0.33333333333333337,D8:evaluate/time_holdout/best,False,False,0.021729875006712973,
D8,29,evaluate/one_se,11,10,10,1.5101181280817892,1.5074776663532716,0.0011818141325624124,0.9090909090909091,1.0,0.9523809523809523,D8:evaluate/one_se,False,False,0.09037200000602752,
D8,29,fixed_k=50,50,10,10,1.5501468699819625,1.5074776663532716,0.01909782191839626,0.2,1.0,0.33333333333333337,D8:fixed_k=50,False,False,2.458924427628517e-06,
D8,29,oracle,10,10,10,1.5074776663532716,1.5074776663532716,0.0,1.0,1.0,1.0,D8:oracle,False,False,0.0,
D8,29,penalized/ebic,10,10,10,1.5074776663532716,1.5074776663532716,0.0,1.0,1.0,1.0,D8:penalized/ebic,False,False,0.0003346659941598773,
D8,29,penalized/ric,10,10,10,1.5074776663532716,1.5074776663532716,0.0,1.0,1.0,1.0,D8:penalized/ric,False,False,0.00026700005400925875,
D8,29,chi2_stop,10,10,10,1.5074776663532716,1.5074776663532716,0.0,1.0,1.0,1.0,D8:chi2_stop,False,False,0.0005152499070391059,
D8,29,forward_stop,10,10,10,1.5074776663532716,1.5074776663532716,0.0,1.0,1.0,1.0,D8:forward_stop,False,False,0.0005396670894697309,
D8,29,perm_gap,10,10,10,1.5074776663532716,1.5074776663532716,0.0,1.0,1.0,1.0,D8:perm_gap,False,False,0.10776599997188896,
D8,29,knockoff_path,13,10,10,1.5141438631833772,1.5074776663532716,0.0029836469656708367,0.7692307692307693,1.0,0.8695652173913044,D8:knockoff_path,False,False,0.0740829580463469,
D8,29,xfit_objective,10,10,10,1.5074776663532716,1.5074776663532716,0.0,1.0,1.0,1.0,D8:xfit_objective,False,False,0.05366170790512115,
D8,29,gaussian_cv,10,10,10,1.5074776663532716,1.5074776663532716,0.0,1.0,1.0,1.0,D8:gaussian_cv,False,False,0.06011108297389001,
D8,29,k_posterior,10,10,10,1.5074776663532716,1.5074776663532716,0.0,1.0,1.0,1.0,D8:k_posterior,False,False,0.0004433749709278345,
D8,29,stability,10,10,10,1.5074776663532716,1.5074776663532716,0.0,1.0,1.0,1.0,D8:stability,False,False,0.16386104200500995,
D8,29,changepoint,77,10,10,1.5721963832340662,1.5074776663532716,0.028966711929571617,0.12987012987012986,1.0,0.22988505747126434,D8:changepoint,False,False,0.00100379204377532,exact_off_grid_k
D8,29,consensus,10,10,10,1.5074776663532716,1.5074776663532716,0.0,1.0,1.0,1.0,D8:consensus,False,False,0.07078325003385544,
