study,design,statistic,seed,n,p,n_signal,q,offset,s_method,n_draws,status,n_discoveries,fdp,power,runtime_s,fdr_control,warning_count,warning_messages,error,data_sha256,selection_sha256
knockoff_statistic_bakeoff,independent,relevance,0,800,40,12,0.1,1,equi,1,ok,12,0.0,1.0,0.0024280409852508456,approximate_plugin,0,,,29671b8a61bca20680759b7d92aef66f44bcc53261e7cbbdd8314121d3424d33,b3239f907cc58d1f5c0035d4ef55ce72d2d20711eb7e7b9525897b370c019828
knockoff_statistic_bakeoff,independent,lsm,0,800,40,12,0.1,1,equi,1,ok,12,0.0,1.0,0.004897582984995097,approximate_plugin,0,,,29671b8a61bca20680759b7d92aef66f44bcc53261e7cbbdd8314121d3424d33,666de86ef0275ee5a82019d2b4c7834303558a4ef902f7f26e26f618a6021f52
knockoff_statistic_bakeoff,independent,ridge,0,800,40,12,0.1,1,equi,1,ok,12,0.0,1.0,0.0038598329992964864,approximate_plugin,0,,,29671b8a61bca20680759b7d92aef66f44bcc53261e7cbbdd8314121d3424d33,9123f6dba22ba506a092fbdee52dc990a526068da95e96e9bb28323a0904f1aa
knockoff_statistic_bakeoff,independent,cefsplus,0,800,40,12,0.1,1,equi,1,ok,0,0.0,0.0,0.0029869580175727606,approximate_plugin,0,,,29671b8a61bca20680759b7d92aef66f44bcc53261e7cbbdd8314121d3424d33,4f53cda18c2baa0c0354bb5f9a3ecbe5ed12ab4d8e11ba873c2f11161202b945
knockoff_statistic_bakeoff,independent,relevance,1,800,40,12,0.1,1,equi,1,ok,12,0.0,1.0,0.0021088340145070106,approximate_plugin,0,,,4a13f085ad1edb2d3017ee19f7d783378532f0d4ceac295f53fc98af92aba29a,ee0ebf03a6a6a434664a7685b5d6239c05258d89a34ffccbb1a1196a7b995826
knockoff_statistic_bakeoff,independent,lsm,1,800,40,12,0.1,1,equi,1,ok,12,0.0,1.0,0.0045642919722013175,approximate_plugin,0,,,4a13f085ad1edb2d3017ee19f7d783378532f0d4ceac295f53fc98af92aba29a,8fb52f0319dfb4f48f28bb0a66c718ea6102c76c8d0b3cfe859d15801270c303
knockoff_statistic_bakeoff,independent,ridge,1,800,40,12,0.1,1,equi,1,ok,12,0.0,1.0,0.0035572919878177345,approximate_plugin,0,,,4a13f085ad1edb2d3017ee19f7d783378532f0d4ceac295f53fc98af92aba29a,442d7142e5b40bb0c9950a53d77db40510e7549948927865d50135acc22e0cc8
knockoff_statistic_bakeoff,independent,cefsplus,1,800,40,12,0.1,1,equi,1,ok,0,0.0,0.0,0.0032336250005755574,approximate_plugin,0,,,4a13f085ad1edb2d3017ee19f7d783378532f0d4ceac295f53fc98af92aba29a,4f53cda18c2baa0c0354bb5f9a3ecbe5ed12ab4d8e11ba873c2f11161202b945
knockoff_statistic_bakeoff,independent,relevance,2,800,40,12,0.1,1,equi,1,ok,12,0.0,1.0,0.0020028330036439,approximate_plugin,0,,,c58faad2f95a96a04227b80da99073a993907877a71db64d351762798c98a14a,f18e6b55e2885e36277eb6facc7e8e31185878a0cee150113ecc937038ae8df4
knockoff_statistic_bakeoff,independent,lsm,2,800,40,12,0.1,1,equi,1,ok,12,0.0,1.0,0.004532457998720929,approximate_plugin,0,,,c58faad2f95a96a04227b80da99073a993907877a71db64d351762798c98a14a,a251ef0904dd3b20228e318447c68f257e4562ec39eb7ac56e8e8e8557fc5cca
knockoff_statistic_bakeoff,independent,ridge,2,800,40,12,0.1,1,equi,1,ok,12,0.0,1.0,0.003713292011525482,approximate_plugin,0,,,c58faad2f95a96a04227b80da99073a993907877a71db64d351762798c98a14a,0e1857bd57789592a3074d01fe6e559dd371a223585fddc58c7f2a6af7311ee1
knockoff_statistic_bakeoff,independent,cefsplus,2,800,40,12,0.1,1,equi,1,ok,11,0.0,0.9166666666666666,0.0031029579986352473,approximate_plugin,0,,,c58faad2f95a96a04227b80da99073a993907877a71db64d351762798c98a14a,77fa8169c49833be8eff7000f02513c6d8e895342f9bd42c75bde9efc1300b3e
knockoff_statistic_bakeoff,independent,relevance,3,800,40,12,0.1,1,equi,1,ok,12,0.0,1.0,0.002019417006522417,approximate_plugin,0,,,e504a134a4a64159b991f61bd9221f89f85afae27eb4f7e0a985e02363c3474e,fb760fe6942135a4f76d0ad3066551f2cfed388e566310b9b07570f5c7a46df4
knockoff_statistic_bakeoff,independent,lsm,3,800,40,12,0.1,1,equi,1,ok,12,0.0,1.0,0.004600041982484981,approximate_plugin,0,,,e504a134a4a64159b991f61bd9221f89f85afae27eb4f7e0a985e02363c3474e,3a495f62a05c7af91456b53c3f938239dbb668d026ea167f913ebb703f7c3123
knockoff_statistic_bakeoff,independent,ridge,3,800,40,12,0.1,1,equi,1,ok,12,0.0,1.0,0.0035682080197148025,approximate_plugin,0,,,e504a134a4a64159b991f61bd9221f89f85afae27eb4f7e0a985e02363c3474e,4e157c16013c324738a1ac9662fd70ad3d8e680a223162e10003414b00336c23
knockoff_statistic_bakeoff,independent,cefsplus,3,800,40,12,0.1,1,equi,1,ok,0,0.0,0.0,0.0033315409964416176,approximate_plugin,0,,,e504a134a4a64159b991f61bd9221f89f85afae27eb4f7e0a985e02363c3474e,4f53cda18c2baa0c0354bb5f9a3ecbe5ed12ab4d8e11ba873c2f11161202b945
knockoff_statistic_bakeoff,independent,relevance,4,800,40,12,0.1,1,equi,1,ok,11,0.0,0.9166666666666666,0.0021375840005930513,approximate_plugin,0,,,31eaaef38cba87e2e5f8b254364765db56d8900fe76d8dc229d52902c0eb179b,907c3bff24ea41e46caf1089f5f5660c3dd3046a736115541f26d8d96798033a
knockoff_statistic_bakeoff,independent,lsm,4,800,40,12,0.1,1,equi,1,ok,12,0.0,1.0,0.004695583018474281,approximate_plugin,0,,,31eaaef38cba87e2e5f8b254364765db56d8900fe76d8dc229d52902c0eb179b,cec0137f26b9cfa7cdfa0cdbc9c76b9dd4e82b70bad9d86a0796b77af353c6f3
knockoff_statistic_bakeoff,independent,ridge,4,800,40,12,0.1,1,equi,1,ok,11,0.0,0.9166666666666666,0.003845583996735513,approximate_plugin,0,,,31eaaef38cba87e2e5f8b254364765db56d8900fe76d8dc229d52902c0eb179b,7d636eb7625a70ce4333962332275c31cd357f43d5f99c945f6f31a321041732
knockoff_statistic_bakeoff,independent,cefsplus,4,800,40,12,0.1,1,equi,1,ok,0,0.0,0.0,0.0032725839992053807,approximate_plugin,0,,,31eaaef38cba87e2e5f8b254364765db56d8900fe76d8dc229d52902c0eb179b,4f53cda18c2baa0c0354bb5f9a3ecbe5ed12ab4d8e11ba873c2f11161202b945
knockoff_statistic_bakeoff,independent,relevance,5,800,40,12,0.1,1,equi,1,ok,13,0.07692307692307693,1.0,0.0021737499919254333,approximate_plugin,0,,,14a02ee8607f442e85242fc33876e09c3c6d3a064d046498bba4a75e37471ffe,bc4125023555ccefd361d3ff3a90c9860c288968e792386dd2e8b7d297c6bc2f
knockoff_statistic_bakeoff,independent,lsm,5,800,40,12,0.1,1,equi,1,ok,12,0.0,1.0,0.004492708016186953,approximate_plugin,0,,,14a02ee8607f442e85242fc33876e09c3c6d3a064d046498bba4a75e37471ffe,fe77006cca719867c275edfceedfd51e5ded40b17e82d157cd1c48ed4aa7e42b
knockoff_statistic_bakeoff,independent,ridge,5,800,40,12,0.1,1,equi,1,ok,12,0.0,1.0,0.0037186250265222043,approximate_plugin,0,,,14a02ee8607f442e85242fc33876e09c3c6d3a064d046498bba4a75e37471ffe,4863c08480831de8d14f442dec1ab8597becfe85dcec736af5e6ded71752c03b
knockoff_statistic_bakeoff,independent,cefsplus,5,800,40,12,0.1,1,equi,1,ok,0,0.0,0.0,0.00297649999265559,approximate_plugin,0,,,14a02ee8607f442e85242fc33876e09c3c6d3a064d046498bba4a75e37471ffe,4f53cda18c2baa0c0354bb5f9a3ecbe5ed12ab4d8e11ba873c2f11161202b945
knockoff_statistic_bakeoff,independent,relevance,6,800,40,12,0.1,1,equi,1,ok,12,0.0,1.0,0.002009874995565042,approximate_plugin,0,,,b549b6247af7496031038070e04a7ab8f1ce6cc76e3c881d34fd09ab19a8d692,80523bc8281459455f5a87eaff65c2d666eac1aaf576ad822329bb67b9fa307d
knockoff_statistic_bakeoff,independent,lsm,6,800,40,12,0.1,1,equi,1,ok,12,0.0,1.0,0.004596792015945539,approximate_plugin,0,,,b549b6247af7496031038070e04a7ab8f1ce6cc76e3c881d34fd09ab19a8d692,668334727d55be31fcb7f9066a5c3eabcdf3a67b60cd518bed6cb4e9b4935e43
knockoff_statistic_bakeoff,independent,ridge,6,800,40,12,0.1,1,equi,1,ok,12,0.0,1.0,0.0038107080035842955,approximate_plugin,0,,,b549b6247af7496031038070e04a7ab8f1ce6cc76e3c881d34fd09ab19a8d692,e4fd1ad24857b6bbfe01c47572d15faac078a53761ca6bcc9021f078c1f371ab
knockoff_statistic_bakeoff,independent,cefsplus,6,800,40,12,0.1,1,equi,1,ok,0,0.0,0.0,0.0030182079935912043,approximate_plugin,0,,,b549b6247af7496031038070e04a7ab8f1ce6cc76e3c881d34fd09ab19a8d692,4f53cda18c2baa0c0354bb5f9a3ecbe5ed12ab4d8e11ba873c2f11161202b945
knockoff_statistic_bakeoff,independent,relevance,7,800,40,12,0.1,1,equi,1,ok,12,0.0,1.0,0.002056957979220897,approximate_plugin,0,,,879a3c26568bc6a1135b6db169e4ded9529c8bd6fe299af92f084afb3a51dfbd,77c978cf39373987189a46b256e495df588e1e647a432e1b244b0393b434693a
knockoff_statistic_bakeoff,independent,lsm,7,800,40,12,0.1,1,equi,1,ok,12,0.0,1.0,0.004481125011807308,approximate_plugin,0,,,879a3c26568bc6a1135b6db169e4ded9529c8bd6fe299af92f084afb3a51dfbd,77c978cf39373987189a46b256e495df588e1e647a432e1b244b0393b434693a
knockoff_statistic_bakeoff,independent,ridge,7,800,40,12,0.1,1,equi,1,ok,12,0.0,1.0,0.003776166995521635,approximate_plugin,0,,,879a3c26568bc6a1135b6db169e4ded9529c8bd6fe299af92f084afb3a51dfbd,896329aba3ad41815eea6a7f2e2efbffb17daf9294bf095b961893bc2c1e028a
knockoff_statistic_bakeoff,independent,cefsplus,7,800,40,12,0.1,1,equi,1,ok,11,0.0,0.9166666666666666,0.0029344170179683715,approximate_plugin,0,,,879a3c26568bc6a1135b6db169e4ded9529c8bd6fe299af92f084afb3a51dfbd,e3e040b7197549f74073a4818c6cbf7e9179823065901ae1ccfa3be1430359f1
knockoff_statistic_bakeoff,independent,relevance,8,800,40,12,0.1,1,equi,1,ok,12,0.0,1.0,0.0019528749980963767,approximate_plugin,0,,,79208a344a8bdf2ec45f73eb272d7f09c6df0e908ff5521111c16733258d6001,48aa477ae13732a2dfd6edcd961e98181bcf51353ea1d74a72fd26057e905b91
knockoff_statistic_bakeoff,independent,lsm,8,800,40,12,0.1,1,equi,1,ok,12,0.0,1.0,0.004579375003231689,approximate_plugin,0,,,79208a344a8bdf2ec45f73eb272d7f09c6df0e908ff5521111c16733258d6001,48aa477ae13732a2dfd6edcd961e98181bcf51353ea1d74a72fd26057e905b91
knockoff_statistic_bakeoff,independent,ridge,8,800,40,12,0.1,1,equi,1,ok,12,0.0,1.0,0.0040788750047795475,approximate_plugin,0,,,79208a344a8bdf2ec45f73eb272d7f09c6df0e908ff5521111c16733258d6001,67a63c4462f21c4222e9f66e1636cc80a2310e5ccf32fa1c9d5829ee2290d9ef
knockoff_statistic_bakeoff,independent,cefsplus,8,800,40,12,0.1,1,equi,1,ok,0,0.0,0.0,0.003020499978447333,approximate_plugin,0,,,79208a344a8bdf2ec45f73eb272d7f09c6df0e908ff5521111c16733258d6001,4f53cda18c2baa0c0354bb5f9a3ecbe5ed12ab4d8e11ba873c2f11161202b945
knockoff_statistic_bakeoff,independent,relevance,9,800,40,12,0.1,1,equi,1,ok,14,0.14285714285714285,1.0,0.002184500015573576,approximate_plugin,0,,,5d5c336ebd36e7947470710be904056c4422bbea465b54a41d5c9969fb6c5c0b,678c1428f2c9c736791713fef43bd1dcd326fe936d1e406983295404c64e4145
knockoff_statistic_bakeoff,independent,lsm,9,800,40,12,0.1,1,equi,1,ok,12,0.0,1.0,0.004228291974868625,approximate_plugin,0,,,5d5c336ebd36e7947470710be904056c4422bbea465b54a41d5c9969fb6c5c0b,6ed056aeac0861182d90eb0ab41cbb8896fd38051b28afdf6864ae6c8a4652da
knockoff_statistic_bakeoff,independent,ridge,9,800,40,12,0.1,1,equi,1,ok,12,0.0,1.0,0.0034776249958667904,approximate_plugin,0,,,5d5c336ebd36e7947470710be904056c4422bbea465b54a41d5c9969fb6c5c0b,4fcf7a66c78eb521ee1139c7377c4c3722006d6c373d3a1a580e3049afd59181
knockoff_statistic_bakeoff,independent,cefsplus,9,800,40,12,0.1,1,equi,1,ok,12,0.0,1.0,0.0039486250025220215,approximate_plugin,0,,,5d5c336ebd36e7947470710be904056c4422bbea465b54a41d5c9969fb6c5c0b,0d6d636d22bd90215f1686b022fc649fab4c2f90e00355d468987f2a548cbedd
knockoff_statistic_bakeoff,independent,relevance,10,800,40,12,0.1,1,equi,1,ok,12,0.0,1.0,0.0022392919927369803,approximate_plugin,0,,,527be4f8fd7b2d3c9bd369111b6964ba84061b2f3f6b5c9f5cc516aecfd5c785,0492324869603183151e246d0bf4fb60e7b4e4be0647a382029d8eb5dd1ef5c0
knockoff_statistic_bakeoff,independent,lsm,10,800,40,12,0.1,1,equi,1,ok,12,0.0,1.0,0.004356208984972909,approximate_plugin,0,,,527be4f8fd7b2d3c9bd369111b6964ba84061b2f3f6b5c9f5cc516aecfd5c785,f67fd32a8215a2eb9401914e2ce6b5af314d9130b9f0398011946cccf1db29c5
knockoff_statistic_bakeoff,independent,ridge,10,800,40,12,0.1,1,equi,1,ok,12,0.0,1.0,0.0038288749929051846,approximate_plugin,0,,,527be4f8fd7b2d3c9bd369111b6964ba84061b2f3f6b5c9f5cc516aecfd5c785,0ad6f03358fdd9b648430cd0758ca805e69d4dcf25c8502a3ff3874f6f3efd82
knockoff_statistic_bakeoff,independent,cefsplus,10,800,40,12,0.1,1,equi,1,ok,0,0.0,0.0,0.003045415971428156,approximate_plugin,0,,,527be4f8fd7b2d3c9bd369111b6964ba84061b2f3f6b5c9f5cc516aecfd5c785,4f53cda18c2baa0c0354bb5f9a3ecbe5ed12ab4d8e11ba873c2f11161202b945
knockoff_statistic_bakeoff,independent,relevance,11,800,40,12,0.1,1,equi,1,ok,12,0.0,1.0,0.002070082991849631,approximate_plugin,0,,,3e0ee98d1e0f4dd7b682f3375edf7eb6de99589554b561d0d95c47b1657d6d91,5b79f5f0ae788664860c2a67099b88f0a7bbde38ad16619bad54c2755882ea5c
knockoff_statistic_bakeoff,independent,lsm,11,800,40,12,0.1,1,equi,1,ok,12,0.0,1.0,0.004395458992803469,approximate_plugin,0,,,3e0ee98d1e0f4dd7b682f3375edf7eb6de99589554b561d0d95c47b1657d6d91,a429d63ce25c38a8461a24f6c9d4c75218b8caf60ea5dab7268f57c7a4f67a0f
knockoff_statistic_bakeoff,independent,ridge,11,800,40,12,0.1,1,equi,1,ok,12,0.0,1.0,0.003794000018388033,approximate_plugin,0,,,3e0ee98d1e0f4dd7b682f3375edf7eb6de99589554b561d0d95c47b1657d6d91,47ca5312bde6c84435c0d8eaa55dd520e63d97bff2c3c842a44e63bc4a60543f
knockoff_statistic_bakeoff,independent,cefsplus,11,800,40,12,0.1,1,equi,1,ok,0,0.0,0.0,0.0031416249985340983,approximate_plugin,0,,,3e0ee98d1e0f4dd7b682f3375edf7eb6de99589554b561d0d95c47b1657d6d91,4f53cda18c2baa0c0354bb5f9a3ecbe5ed12ab4d8e11ba873c2f11161202b945
knockoff_statistic_bakeoff,independent,relevance,12,800,40,12,0.1,1,equi,1,ok,12,0.0,1.0,0.0022073749860282987,approximate_plugin,0,,,efdfa71b6f33ed5c9845c250ef82a0487c3ec8e742ce6ed27295d4ff375d2d7c,e26af73f16037a31ffee9e9ba78f82f6d2b444470e1cbf129a2de7454d942cef
knockoff_statistic_bakeoff,independent,lsm,12,800,40,12,0.1,1,equi,1,ok,12,0.0,1.0,0.004220167000312358,approximate_plugin,0,,,efdfa71b6f33ed5c9845c250ef82a0487c3ec8e742ce6ed27295d4ff375d2d7c,c9f4bd08526d8dcd4c1d0a3f2abe366fe2a4cfbde25af675d1f8940a7a79d583
knockoff_statistic_bakeoff,independent,ridge,12,800,40,12,0.1,1,equi,1,ok,12,0.0,1.0,0.0035816669987980276,approximate_plugin,0,,,efdfa71b6f33ed5c9845c250ef82a0487c3ec8e742ce6ed27295d4ff375d2d7c,b2566ca8869033d63ca4cd4d1270266966324bdd37a04eca8ddaf1d9db31487a
knockoff_statistic_bakeoff,independent,cefsplus,12,800,40,12,0.1,1,equi,1,ok,0,0.0,0.0,0.0031174170144367963,approximate_plugin,0,,,efdfa71b6f33ed5c9845c250ef82a0487c3ec8e742ce6ed27295d4ff375d2d7c,4f53cda18c2baa0c0354bb5f9a3ecbe5ed12ab4d8e11ba873c2f11161202b945
knockoff_statistic_bakeoff,independent,relevance,13,800,40,12,0.1,1,equi,1,ok,12,0.0,1.0,0.002151416993001476,approximate_plugin,0,,,19dcf10b205777d0f1b430f4b361b33936a9dad4f175cb42eb598c1070913732,87eab7616844ab497acd87b8d9e5ba320908c41e8c687a7f7e2f55f41d04b33b
knockoff_statistic_bakeoff,independent,lsm,13,800,40,12,0.1,1,equi,1,ok,12,0.0,1.0,0.0049952499975916,approximate_plugin,0,,,19dcf10b205777d0f1b430f4b361b33936a9dad4f175cb42eb598c1070913732,87eab7616844ab497acd87b8d9e5ba320908c41e8c687a7f7e2f55f41d04b33b
knockoff_statistic_bakeoff,independent,ridge,13,800,40,12,0.1,1,equi,1,ok,12,0.0,1.0,0.0036419999960344285,approximate_plugin,0,,,19dcf10b205777d0f1b430f4b361b33936a9dad4f175cb42eb598c1070913732,45697447b37bdeddef413d8c9d3173c1b623ad9ebbe408626b1b465e7736e2c4
knockoff_statistic_bakeoff,independent,cefsplus,13,800,40,12,0.1,1,equi,1,ok,10,0.0,0.8333333333333334,0.003751957992790267,approximate_plugin,0,,,19dcf10b205777d0f1b430f4b361b33936a9dad4f175cb42eb598c1070913732,b38d1cde6d1e59004da89e2fbbdf3319a4d2c53e8644390265a09cef3bd1848b
knockoff_statistic_bakeoff,independent,relevance,14,800,40,12,0.1,1,equi,1,ok,12,0.0,1.0,0.002186833997257054,approximate_plugin,0,,,a22fdd0740d50cfe9c30ed5f0352d34ef9f6076d1f60b4b04e34720d7a237af0,fe21b15a23bcfb2ad99691af24bf041e3c4ec45310fa60c0e522de5d03155f2d
knockoff_statistic_bakeoff,independent,lsm,14,800,40,12,0.1,1,equi,1,ok,12,0.0,1.0,0.004675000003771856,approximate_plugin,0,,,a22fdd0740d50cfe9c30ed5f0352d34ef9f6076d1f60b4b04e34720d7a237af0,adaea200931a9c3828676535b3bcc92122f8c2c551b3c184b0db19da4e47e50f
knockoff_statistic_bakeoff,independent,ridge,14,800,40,12,0.1,1,equi,1,ok,12,0.0,1.0,0.0035712500102818012,approximate_plugin,0,,,a22fdd0740d50cfe9c30ed5f0352d34ef9f6076d1f60b4b04e34720d7a237af0,fdf9ac6ea02931a45edbced5a97e37f3921efb1acff137b8ec6b198fa40a2480
knockoff_statistic_bakeoff,independent,cefsplus,14,800,40,12,0.1,1,equi,1,ok,0,0.0,0.0,0.0033275000168941915,approximate_plugin,0,,,a22fdd0740d50cfe9c30ed5f0352d34ef9f6076d1f60b4b04e34720d7a237af0,4f53cda18c2baa0c0354bb5f9a3ecbe5ed12ab4d8e11ba873c2f11161202b945
knockoff_statistic_bakeoff,independent,relevance,15,800,40,12,0.1,1,equi,1,ok,12,0.0,1.0,0.0023488749866373837,approximate_plugin,0,,,6dce91ba8db27a79fd9f194f006cba08cd81eb73559761f4cf7ac0683fe6abb0,256096525f7d8b8e22ed3eb4a04bf99c7e46620fcd5d3733284208e12ed6a0f1
knockoff_statistic_bakeoff,independent,lsm,15,800,40,12,0.1,1,equi,1,ok,12,0.0,1.0,0.004542999988188967,approximate_plugin,0,,,6dce91ba8db27a79fd9f194f006cba08cd81eb73559761f4cf7ac0683fe6abb0,e416e1fb086655ecc05d25b611330b05b26da1bfd61373e1361a321db2b0a352
knockoff_statistic_bakeoff,independent,ridge,15,800,40,12,0.1,1,equi,1,ok,12,0.0,1.0,0.003478917002212256,approximate_plugin,0,,,6dce91ba8db27a79fd9f194f006cba08cd81eb73559761f4cf7ac0683fe6abb0,76ae2ea035926b1eeae13d589c76f53616f160f310842ae49918207d69a6680e
knockoff_statistic_bakeoff,independent,cefsplus,15,800,40,12,0.1,1,equi,1,ok,0,0.0,0.0,0.003167208982631564,approximate_plugin,0,,,6dce91ba8db27a79fd9f194f006cba08cd81eb73559761f4cf7ac0683fe6abb0,4f53cda18c2baa0c0354bb5f9a3ecbe5ed12ab4d8e11ba873c2f11161202b945
knockoff_statistic_bakeoff,independent,relevance,16,800,40,12,0.1,1,equi,1,ok,11,0.0,0.9166666666666666,0.002093625022098422,approximate_plugin,0,,,a1eb0bf44b9c4a263b1d9b3c03ff8dc7892ecbe9bee45f44c3112441fce40c4e,67ce9af08fe195c33547e39e93be8725e16c49fb7de0be1b4bc50ce085e34ae8
knockoff_statistic_bakeoff,independent,lsm,16,800,40,12,0.1,1,equi,1,ok,12,0.0,1.0,0.00454158300999552,approximate_plugin,0,,,a1eb0bf44b9c4a263b1d9b3c03ff8dc7892ecbe9bee45f44c3112441fce40c4e,3ecc8215d659f50072caa043e060fd732fe9fa080f835d350c8a1250960b068b
knockoff_statistic_bakeoff,independent,ridge,16,800,40,12,0.1,1,equi,1,ok,12,0.0,1.0,0.003637041983893141,approximate_plugin,0,,,a1eb0bf44b9c4a263b1d9b3c03ff8dc7892ecbe9bee45f44c3112441fce40c4e,246fbb85e30d83db2dcbe8880954877537c1f33255747b55f063f99837b90407
knockoff_statistic_bakeoff,independent,cefsplus,16,800,40,12,0.1,1,equi,1,ok,0,0.0,0.0,0.0028902080084662884,approximate_plugin,0,,,a1eb0bf44b9c4a263b1d9b3c03ff8dc7892ecbe9bee45f44c3112441fce40c4e,4f53cda18c2baa0c0354bb5f9a3ecbe5ed12ab4d8e11ba873c2f11161202b945
knockoff_statistic_bakeoff,independent,relevance,17,800,40,12,0.1,1,equi,1,ok,12,0.0,1.0,0.002162042015697807,approximate_plugin,0,,,3db0971191fc37f26157cf92cdbfbc361a53aafa07daae9ec85fd0801156e4c4,90b7aed1cc8093769255b85936ed82470eeb47708d4a8358b1813d312e7bb0c6
knockoff_statistic_bakeoff,independent,lsm,17,800,40,12,0.1,1,equi,1,ok,12,0.0,1.0,0.004620542022166774,approximate_plugin,0,,,3db0971191fc37f26157cf92cdbfbc361a53aafa07daae9ec85fd0801156e4c4,5d7904218e40cd557b5e1bd44c7eadd9be3b9e8074b2903ac53bc1eb722a303c
knockoff_statistic_bakeoff,independent,ridge,17,800,40,12,0.1,1,equi,1,ok,12,0.0,1.0,0.0034852919925469905,approximate_plugin,0,,,3db0971191fc37f26157cf92cdbfbc361a53aafa07daae9ec85fd0801156e4c4,b30fea67a9e565a544d6b282d5b69d9f317ba195711fc797e6ee38d87a9f362a
knockoff_statistic_bakeoff,independent,cefsplus,17,800,40,12,0.1,1,equi,1,ok,11,0.0,0.9166666666666666,0.0031297920213546604,approximate_plugin,0,,,3db0971191fc37f26157cf92cdbfbc361a53aafa07daae9ec85fd0801156e4c4,4dd5e417ee58a64c6c1abd917cbf41ffb04158f93d5ff7c39a8cf5e25e257377
knockoff_statistic_bakeoff,independent,relevance,18,800,40,12,0.1,1,equi,1,ok,12,0.0,1.0,0.0020306249789427966,approximate_plugin,0,,,4d5993d5a32cc08b6444745d17fd629bb5b76eca96bfeec2713b531d8b4b402f,64bb84b422f44bc20ebca7b5a4422159f6f42422fff19fc5abedfde5b2c70444
knockoff_statistic_bakeoff,independent,lsm,18,800,40,12,0.1,1,equi,1,ok,12,0.0,1.0,0.004658958991058171,approximate_plugin,0,,,4d5993d5a32cc08b6444745d17fd629bb5b76eca96bfeec2713b531d8b4b402f,64bb84b422f44bc20ebca7b5a4422159f6f42422fff19fc5abedfde5b2c70444
knockoff_statistic_bakeoff,independent,ridge,18,800,40,12,0.1,1,equi,1,ok,12,0.0,1.0,0.0038237499829847366,approximate_plugin,0,,,4d5993d5a32cc08b6444745d17fd629bb5b76eca96bfeec2713b531d8b4b402f,3a7bd310ce8ca75ae6e8d138cf8055721b4179f4d02b32609fb2be53d001665b
knockoff_statistic_bakeoff,independent,cefsplus,18,800,40,12,0.1,1,equi,1,ok,12,0.0,1.0,0.003019083000253886,approximate_plugin,0,,,4d5993d5a32cc08b6444745d17fd629bb5b76eca96bfeec2713b531d8b4b402f,f85b5dee55ad26a608238477246346981f0bf1b8806efd4901e498addb829eaa
knockoff_statistic_bakeoff,independent,relevance,19,800,40,12,0.1,1,equi,1,ok,12,0.0,1.0,0.002152083005057648,approximate_plugin,0,,,b582dfa1f86fb9a5967536c2fcfd5870c2ee140c468508058852a5910d728bdd,f41f92dadf55b720e7553c08646e2a56ff3502f1d88cc4da01e60e7b086bc47c
knockoff_statistic_bakeoff,independent,lsm,19,800,40,12,0.1,1,equi,1,ok,12,0.0,1.0,0.00446608301717788,approximate_plugin,0,,,b582dfa1f86fb9a5967536c2fcfd5870c2ee140c468508058852a5910d728bdd,dd9592efbf49629b325f4159cc2cb95c557f90bf5cbda9e03168ef0e955ea397
knockoff_statistic_bakeoff,independent,ridge,19,800,40,12,0.1,1,equi,1,ok,12,0.0,1.0,0.0035299580194987357,approximate_plugin,0,,,b582dfa1f86fb9a5967536c2fcfd5870c2ee140c468508058852a5910d728bdd,ebc31d12a75ec9d37867894f34f737801e8defeacb93b1532542c7622f3b3363
knockoff_statistic_bakeoff,independent,cefsplus,19,800,40,12,0.1,1,equi,1,ok,0,0.0,0.0,0.003131250006845221,approximate_plugin,0,,,b582dfa1f86fb9a5967536c2fcfd5870c2ee140c468508058852a5910d728bdd,4f53cda18c2baa0c0354bb5f9a3ecbe5ed12ab4d8e11ba873c2f11161202b945
knockoff_statistic_bakeoff,independent,relevance,20,800,40,12,0.1,1,equi,1,ok,12,0.0,1.0,0.0021789169986732304,approximate_plugin,0,,,af3c2afde8402f29e408bfe4f540b73dcf36b75f68455bd859f5aa800e3964bf,499396fd5248b9deb41ef4e267316541b937f7e55dfec717db9dfe5195eec04a
knockoff_statistic_bakeoff,independent,lsm,20,800,40,12,0.1,1,equi,1,ok,12,0.0,1.0,0.004549916979158297,approximate_plugin,0,,,af3c2afde8402f29e408bfe4f540b73dcf36b75f68455bd859f5aa800e3964bf,b3738ad425f0d83ec13c20713317cf566c9564a44af0ff12278b2dfb2adcc7a9
knockoff_statistic_bakeoff,independent,ridge,20,800,40,12,0.1,1,equi,1,ok,12,0.0,1.0,0.0034054160059895366,approximate_plugin,0,,,af3c2afde8402f29e408bfe4f540b73dcf36b75f68455bd859f5aa800e3964bf,c8f6eba4a5416b3dee436b1f48a7afd79480fd8454680b3742aeb41b86f6e5ff
knockoff_statistic_bakeoff,independent,cefsplus,20,800,40,12,0.1,1,equi,1,ok,0,0.0,0.0,0.0034394999966025352,approximate_plugin,0,,,af3c2afde8402f29e408bfe4f540b73dcf36b75f68455bd859f5aa800e3964bf,4f53cda18c2baa0c0354bb5f9a3ecbe5ed12ab4d8e11ba873c2f11161202b945
knockoff_statistic_bakeoff,independent,relevance,21,800,40,12,0.1,1,equi,1,ok,12,0.0,1.0,0.0023138340038713068,approximate_plugin,0,,,f845d9810a6aa2017e5eecf140b6161fa95f790144b945e49aea4c96bddea6a2,3570c01aedecaf70502cda3f3c0f045008c9f930104ee055a242525fa9ac120b
knockoff_statistic_bakeoff,independent,lsm,21,800,40,12,0.1,1,equi,1,ok,12,0.0,1.0,0.004454042005818337,approximate_plugin,0,,,f845d9810a6aa2017e5eecf140b6161fa95f790144b945e49aea4c96bddea6a2,0f90c226f6a8fdf7b9bf39a68f244203ca6744038e79aa9880320f70f6621bf1
knockoff_statistic_bakeoff,independent,ridge,21,800,40,12,0.1,1,equi,1,ok,12,0.0,1.0,0.00385483299032785,approximate_plugin,0,,,f845d9810a6aa2017e5eecf140b6161fa95f790144b945e49aea4c96bddea6a2,a302d2ccd2e54eb0cd5283d4aff3dfde9afdb91274c85a127ae10c531a61aa96
knockoff_statistic_bakeoff,independent,cefsplus,21,800,40,12,0.1,1,equi,1,ok,10,0.0,0.8333333333333334,0.0031134579912759364,approximate_plugin,0,,,f845d9810a6aa2017e5eecf140b6161fa95f790144b945e49aea4c96bddea6a2,e68f77d0d799ca832d1e04b35c75c6460c370d9b06cf5e9fc2267de42b2f6323
knockoff_statistic_bakeoff,independent,relevance,22,800,40,12,0.1,1,equi,1,ok,12,0.0,1.0,0.002312083001015708,approximate_plugin,0,,,fb3a530b5eabf8f5cc0a1fa6137b732968c178a7cf79957d5421167a6f16773d,62fb3aeb00aa6da9b4df2454ddbbcb319398ddc9e7790d6d659f7b2b23ede5f5
knockoff_statistic_bakeoff,independent,lsm,22,800,40,12,0.1,1,equi,1,ok,12,0.0,1.0,0.0045364169927779585,approximate_plugin,0,,,fb3a530b5eabf8f5cc0a1fa6137b732968c178a7cf79957d5421167a6f16773d,27fd5f586d73f4a5834c40ef5065035faa2e2e5fe0a56170fd6d31cdc76104bc
knockoff_statistic_bakeoff,independent,ridge,22,800,40,12,0.1,1,equi,1,ok,12,0.0,1.0,0.004381209000712261,approximate_plugin,0,,,fb3a530b5eabf8f5cc0a1fa6137b732968c178a7cf79957d5421167a6f16773d,201133334ee01d00a7de61f97e711de2b2c1f3e8fe6a9d40063793d8da9e9208
knockoff_statistic_bakeoff,independent,cefsplus,22,800,40,12,0.1,1,equi,1,ok,0,0.0,0.0,0.00405504199443385,approximate_plugin,0,,,fb3a530b5eabf8f5cc0a1fa6137b732968c178a7cf79957d5421167a6f16773d,4f53cda18c2baa0c0354bb5f9a3ecbe5ed12ab4d8e11ba873c2f11161202b945
knockoff_statistic_bakeoff,independent,relevance,23,800,40,12,0.1,1,equi,1,ok,12,0.0,1.0,0.002068750007310882,approximate_plugin,0,,,2862b9b980cbcf0fc8e68d3fa3ecaf5e48b7fb9c1af0688f88acedfc79da753f,9d282a4a86caec3f60dcfd54e4d8fbd2828f68a7ce8991b1876b25c5d58c8c75
knockoff_statistic_bakeoff,independent,lsm,23,800,40,12,0.1,1,equi,1,ok,12,0.0,1.0,0.004543166025541723,approximate_plugin,0,,,2862b9b980cbcf0fc8e68d3fa3ecaf5e48b7fb9c1af0688f88acedfc79da753f,17b142fec19cab5a469e037b3e11248540b2bfcaf0e00945f8665d7cac8cccf9
knockoff_statistic_bakeoff,independent,ridge,23,800,40,12,0.1,1,equi,1,ok,12,0.0,1.0,0.004316667007515207,approximate_plugin,0,,,2862b9b980cbcf0fc8e68d3fa3ecaf5e48b7fb9c1af0688f88acedfc79da753f,16ef856c52802e69622f72ce2ef9664ac1185351092adee5bccc49573b3dba73
knockoff_statistic_bakeoff,independent,cefsplus,23,800,40,12,0.1,1,equi,1,ok,0,0.0,0.0,0.003369458019733429,approximate_plugin,0,,,2862b9b980cbcf0fc8e68d3fa3ecaf5e48b7fb9c1af0688f88acedfc79da753f,4f53cda18c2baa0c0354bb5f9a3ecbe5ed12ab4d8e11ba873c2f11161202b945
knockoff_statistic_bakeoff,independent,relevance,24,800,40,12,0.1,1,equi,1,ok,12,0.0,1.0,0.0022507499961648136,approximate_plugin,0,,,9ada3dd10cf0af6be4eb4749830c3fde63182f0f48f18e22314adf86294dcb17,22539c7f2a50e6905aa89bd24b90f017e3c2288766882da167acaffd0a79ccd8
knockoff_statistic_bakeoff,independent,lsm,24,800,40,12,0.1,1,equi,1,ok,12,0.0,1.0,0.005406208016211167,approximate_plugin,0,,,9ada3dd10cf0af6be4eb4749830c3fde63182f0f48f18e22314adf86294dcb17,25b0590c09fddbe32f16147ffabd8156b5efd72c53d55605a5a7c3ee63b7da5e
knockoff_statistic_bakeoff,independent,ridge,24,800,40,12,0.1,1,equi,1,ok,12,0.0,1.0,0.004510083002969623,approximate_plugin,0,,,9ada3dd10cf0af6be4eb4749830c3fde63182f0f48f18e22314adf86294dcb17,19b07a25fde6d0a569d2ada79f3355254afb763f24a92410d36f5414a0889754
knockoff_statistic_bakeoff,independent,cefsplus,24,800,40,12,0.1,1,equi,1,ok,0,0.0,0.0,0.0034325000015087426,approximate_plugin,0,,,9ada3dd10cf0af6be4eb4749830c3fde63182f0f48f18e22314adf86294dcb17,4f53cda18c2baa0c0354bb5f9a3ecbe5ed12ab4d8e11ba873c2f11161202b945
knockoff_statistic_bakeoff,independent,relevance,25,800,40,12,0.1,1,equi,1,ok,12,0.0,1.0,0.002375957992626354,approximate_plugin,0,,,52ec9c39f264f8a54d99e9bead46dd021f7d0218ce5b1b263baf9bd33e14a860,67d5f9aa80aa8c3a6d0502f30dbb4705c0dad1442f8d9f6382dcffaaee34098c
knockoff_statistic_bakeoff,independent,lsm,25,800,40,12,0.1,1,equi,1,ok,12,0.0,1.0,0.004443292011274025,approximate_plugin,0,,,52ec9c39f264f8a54d99e9bead46dd021f7d0218ce5b1b263baf9bd33e14a860,0b4d6c3d54888921debfde47cc05b51797ed7267d6e0b636c03c3297531e3597
knockoff_statistic_bakeoff,independent,ridge,25,800,40,12,0.1,1,equi,1,ok,12,0.0,1.0,0.0038408330001402646,approximate_plugin,0,,,52ec9c39f264f8a54d99e9bead46dd021f7d0218ce5b1b263baf9bd33e14a860,f839e9c5da34f529f1588b66bd794c6f0733bccdef8f2507ba8d0deadcc952d9
knockoff_statistic_bakeoff,independent,cefsplus,25,800,40,12,0.1,1,equi,1,ok,11,0.0,0.9166666666666666,0.003391417005332187,approximate_plugin,0,,,52ec9c39f264f8a54d99e9bead46dd021f7d0218ce5b1b263baf9bd33e14a860,805f7cd9460b92541659853db029d159c4f4aa0cc8915235296b4c95275f70a7
knockoff_statistic_bakeoff,independent,relevance,26,800,40,12,0.1,1,equi,1,ok,12,0.0,1.0,0.0020116250088904053,approximate_plugin,0,,,16cfcc0f78a2e4584a5dbbd1d8992aa620454fb8116289cd760d742fc0f2878b,cb58e364da02bcec67075812f898e1135272acfd074cd4e365c4b808bcaafa01
knockoff_statistic_bakeoff,independent,lsm,26,800,40,12,0.1,1,equi,1,ok,12,0.0,1.0,0.004449957981705666,approximate_plugin,0,,,16cfcc0f78a2e4584a5dbbd1d8992aa620454fb8116289cd760d742fc0f2878b,7a68f15d4bc5a5448e38a91bd9e3e080fbc3e52ed6de75fbd8bf7fd96e29c7dc
knockoff_statistic_bakeoff,independent,ridge,26,800,40,12,0.1,1,equi,1,ok,12,0.0,1.0,0.0037950420228298753,approximate_plugin,0,,,16cfcc0f78a2e4584a5dbbd1d8992aa620454fb8116289cd760d742fc0f2878b,a1c805bc199e151e58c471ec37387753ad1a5e84cd3a1d4d70e6b73443ee6562
knockoff_statistic_bakeoff,independent,cefsplus,26,800,40,12,0.1,1,equi,1,ok,0,0.0,0.0,0.0029933329788036644,approximate_plugin,0,,,16cfcc0f78a2e4584a5dbbd1d8992aa620454fb8116289cd760d742fc0f2878b,4f53cda18c2baa0c0354bb5f9a3ecbe5ed12ab4d8e11ba873c2f11161202b945
knockoff_statistic_bakeoff,independent,relevance,27,800,40,12,0.1,1,equi,1,ok,11,0.0,0.9166666666666666,0.0023986250162124634,approximate_plugin,0,,,fbd81977104c0521a3ec491029e7089bc2835df10447eee33474a5fc42022d21,9b31c4bd5912e6a6a26a4062f24a0ef94be3e4615d38b6e11e1fb47a6faa63fd
knockoff_statistic_bakeoff,independent,lsm,27,800,40,12,0.1,1,equi,1,ok,12,0.0,1.0,0.004933083982905373,approximate_plugin,0,,,fbd81977104c0521a3ec491029e7089bc2835df10447eee33474a5fc42022d21,ef8703146fafa94ca513ef4365919b113b2a76c6b7919297bb7e5471e790b4d1
knockoff_statistic_bakeoff,independent,ridge,27,800,40,12,0.1,1,equi,1,ok,12,0.0,1.0,0.0038347080117091537,approximate_plugin,0,,,fbd81977104c0521a3ec491029e7089bc2835df10447eee33474a5fc42022d21,87a3716b9a5b536307d166f6e49dae713bd46114d52e97ed3031fd4c5eaf2303
knockoff_statistic_bakeoff,independent,cefsplus,27,800,40,12,0.1,1,equi,1,ok,0,0.0,0.0,0.0032037920027505606,approximate_plugin,0,,,fbd81977104c0521a3ec491029e7089bc2835df10447eee33474a5fc42022d21,4f53cda18c2baa0c0354bb5f9a3ecbe5ed12ab4d8e11ba873c2f11161202b945
knockoff_statistic_bakeoff,independent,relevance,28,800,40,12,0.1,1,equi,1,ok,12,0.0,1.0,0.0021520419977605343,approximate_plugin,0,,,8cfa997aefce599a2486f66adffee54b0c6a01b101d09753074684911eb8925e,41a836f89175c805f41145f7d79cf733e2e7b0855892f876406a47bf2ff1677e
knockoff_statistic_bakeoff,independent,lsm,28,800,40,12,0.1,1,equi,1,ok,12,0.0,1.0,0.004445208003744483,approximate_plugin,0,,,8cfa997aefce599a2486f66adffee54b0c6a01b101d09753074684911eb8925e,a040db06fb26fa826d81f67054acf2ddb31a12d8c091fb0824e6ef0de3cc3ba3
knockoff_statistic_bakeoff,independent,ridge,28,800,40,12,0.1,1,equi,1,ok,12,0.0,1.0,0.0037200420047156513,approximate_plugin,0,,,8cfa997aefce599a2486f66adffee54b0c6a01b101d09753074684911eb8925e,3aba5d5b34141ebe95baf470135deebae765e2dd80fae9c9df47371e7bb5b56f
knockoff_statistic_bakeoff,independent,cefsplus,28,800,40,12,0.1,1,equi,1,ok,0,0.0,0.0,0.0030120410083327442,approximate_plugin,0,,,8cfa997aefce599a2486f66adffee54b0c6a01b101d09753074684911eb8925e,4f53cda18c2baa0c0354bb5f9a3ecbe5ed12ab4d8e11ba873c2f11161202b945
knockoff_statistic_bakeoff,independent,relevance,29,800,40,12,0.1,1,equi,1,ok,11,0.0,0.9166666666666666,0.002086666994728148,approximate_plugin,0,,,1739c030e4987fc909c42ad5867d2c00ed933e28a663e599dd332e97fb413b00,c9e710b43efecd31f8786933886defe067228f80e22bd3c21f0641df71010b35
knockoff_statistic_bakeoff,independent,lsm,29,800,40,12,0.1,1,equi,1,ok,12,0.0,1.0,0.004589042015140876,approximate_plugin,0,,,1739c030e4987fc909c42ad5867d2c00ed933e28a663e599dd332e97fb413b00,bcdb375c77d81363040265e3b425dc913db1f86d6dc0b2eddc56194e749226a9
knockoff_statistic_bakeoff,independent,ridge,29,800,40,12,0.1,1,equi,1,ok,12,0.0,1.0,0.0036056249809917063,approximate_plugin,0,,,1739c030e4987fc909c42ad5867d2c00ed933e28a663e599dd332e97fb413b00,c9eef7b58c56c8d1266aff920508286aa7eb02a716155ff94e9834fb46c4b47a
knockoff_statistic_bakeoff,independent,cefsplus,29,800,40,12,0.1,1,equi,1,ok,0,0.0,0.0,0.0030373749905265868,approximate_plugin,0,,,1739c030e4987fc909c42ad5867d2c00ed933e28a663e599dd332e97fb413b00,4f53cda18c2baa0c0354bb5f9a3ecbe5ed12ab4d8e11ba873c2f11161202b945
knockoff_statistic_bakeoff,ar1,relevance,0,800,40,12,0.1,1,equi,1,ok,13,0.07692307692307693,1.0,0.0020737500162795186,approximate_plugin,0,,,a5c38d1a46e601f305d3ae39332d95ff1e929bd94e326fb625c9e11adbb71492,fbfaabd07cdb77c65a831e7f66da8594c2acc1ff4a72e86f75cf9ba70c336804
knockoff_statistic_bakeoff,ar1,lsm,0,800,40,12,0.1,1,equi,1,ok,12,0.0,1.0,0.004664416977902874,approximate_plugin,0,,,a5c38d1a46e601f305d3ae39332d95ff1e929bd94e326fb625c9e11adbb71492,ada4f0f42669bc819308aa9c235b431970718c1c4c755afa0e1852b8729cb5fd
knockoff_statistic_bakeoff,ar1,ridge,0,800,40,12,0.1,1,equi,1,ok,11,0.0,0.9166666666666666,0.0038239170098677278,approximate_plugin,0,,,a5c38d1a46e601f305d3ae39332d95ff1e929bd94e326fb625c9e11adbb71492,fc94031aede31fe0574ca0accd2edcab99abc2479d93c923deefb9f79a546841
knockoff_statistic_bakeoff,ar1,cefsplus,0,800,40,12,0.1,1,equi,1,ok,0,0.0,0.0,0.0034383330203127116,approximate_plugin,0,,,a5c38d1a46e601f305d3ae39332d95ff1e929bd94e326fb625c9e11adbb71492,4f53cda18c2baa0c0354bb5f9a3ecbe5ed12ab4d8e11ba873c2f11161202b945
knockoff_statistic_bakeoff,ar1,relevance,1,800,40,12,0.1,1,equi,1,ok,12,0.0,1.0,0.0024101250164676458,approximate_plugin,0,,,0e0d99926fdc35d3f0ab252def2140f24b3ab8606dd82200659a3200bc7c91ec,7033e3469f3f7810f14c8e7eb550ac80756cd8f3092ab39be3a0efb8445c3dbe
knockoff_statistic_bakeoff,ar1,lsm,1,800,40,12,0.1,1,equi,1,ok,12,0.0,1.0,0.004631666000932455,approximate_plugin,0,,,0e0d99926fdc35d3f0ab252def2140f24b3ab8606dd82200659a3200bc7c91ec,637fff2d4a8c391406597919742334f89414d704c7ae71a2db411deb26787f97
knockoff_statistic_bakeoff,ar1,ridge,1,800,40,12,0.1,1,equi,1,ok,11,0.0,0.9166666666666666,0.0037600840150844306,approximate_plugin,0,,,0e0d99926fdc35d3f0ab252def2140f24b3ab8606dd82200659a3200bc7c91ec,37ff076831ef686778ea08f661eafb36a5fc270705765ad6ae0949a462224ce2
knockoff_statistic_bakeoff,ar1,cefsplus,1,800,40,12,0.1,1,equi,1,ok,0,0.0,0.0,0.0040278749947901815,approximate_plugin,0,,,0e0d99926fdc35d3f0ab252def2140f24b3ab8606dd82200659a3200bc7c91ec,4f53cda18c2baa0c0354bb5f9a3ecbe5ed12ab4d8e11ba873c2f11161202b945
knockoff_statistic_bakeoff,ar1,relevance,2,800,40,12,0.1,1,equi,1,ok,12,0.0,1.0,0.002199999988079071,approximate_plugin,0,,,4ed31dcd9e4def0e8c7f0662cf43bcfec76409c80342c285f8a2ed6ba3a5002d,5e1e4b6dfdbfdfaaeb0bb05f54b53d3d0daae56f46df24f0c78df2f6b7061224
knockoff_statistic_bakeoff,ar1,lsm,2,800,40,12,0.1,1,equi,1,ok,12,0.0,1.0,0.004687624983489513,approximate_plugin,0,,,4ed31dcd9e4def0e8c7f0662cf43bcfec76409c80342c285f8a2ed6ba3a5002d,c2ec37ee03e766a51c924f4bf0ceca3e2b401d0faec5c43eb1750041f319f684
knockoff_statistic_bakeoff,ar1,ridge,2,800,40,12,0.1,1,equi,1,ok,12,0.0,1.0,0.0035700000007636845,approximate_plugin,0,,,4ed31dcd9e4def0e8c7f0662cf43bcfec76409c80342c285f8a2ed6ba3a5002d,0714e09a5faff3838ca8e9da79f68bae4e050f8f2cdbb846adb190e24abd7bc8
knockoff_statistic_bakeoff,ar1,cefsplus,2,800,40,12,0.1,1,equi,1,ok,0,0.0,0.0,0.00328233401523903,approximate_plugin,0,,,4ed31dcd9e4def0e8c7f0662cf43bcfec76409c80342c285f8a2ed6ba3a5002d,4f53cda18c2baa0c0354bb5f9a3ecbe5ed12ab4d8e11ba873c2f11161202b945
knockoff_statistic_bakeoff,ar1,relevance,3,800,40,12,0.1,1,equi,1,ok,13,0.07692307692307693,1.0,0.0022703330032527447,approximate_plugin,0,,,a39cd433db64597cc54bfa6880b21360c88d1bdf3a9e237b6ee881c76cf22ab3,34f280938f5fa7676294f9b09dfb54f17ce0a5756112649311a576f40bdc1601
knockoff_statistic_bakeoff,ar1,lsm,3,800,40,12,0.1,1,equi,1,ok,12,0.0,1.0,0.004815749998670071,approximate_plugin,0,,,a39cd433db64597cc54bfa6880b21360c88d1bdf3a9e237b6ee881c76cf22ab3,102fa404fe0a3bf68e3a299c22c946fce865f5e1d8bdf368d5067d223df8a9ff
knockoff_statistic_bakeoff,ar1,ridge,3,800,40,12,0.1,1,equi,1,ok,12,0.0,1.0,0.0035889159771613777,approximate_plugin,0,,,a39cd433db64597cc54bfa6880b21360c88d1bdf3a9e237b6ee881c76cf22ab3,f9528a4bfba4f825c8407f9bf77898fd9da751819f2d92a5d07e6d32207a767c
knockoff_statistic_bakeoff,ar1,cefsplus,3,800,40,12,0.1,1,equi,1,ok,0,0.0,0.0,0.0034545829985290766,approximate_plugin,0,,,a39cd433db64597cc54bfa6880b21360c88d1bdf3a9e237b6ee881c76cf22ab3,4f53cda18c2baa0c0354bb5f9a3ecbe5ed12ab4d8e11ba873c2f11161202b945
knockoff_statistic_bakeoff,ar1,relevance,4,800,40,12,0.1,1,equi,1,ok,12,0.0,1.0,0.002122417005011812,approximate_plugin,0,,,f4122156e055b1800bb046dfccc78680e18d16dbe266773c6ae092e5b671a59f,94a4ecd5dfb83ba926ec0d7de2f5423e265860289fabcad9dcf4ccdd7e1ccbe7
knockoff_statistic_bakeoff,ar1,lsm,4,800,40,12,0.1,1,equi,1,ok,12,0.0,1.0,0.004815958993276581,approximate_plugin,0,,,f4122156e055b1800bb046dfccc78680e18d16dbe266773c6ae092e5b671a59f,b4ef42fe6eb98336ab56534b37ca06894194ea83e8505d184af158fa010d7aa8
knockoff_statistic_bakeoff,ar1,ridge,4,800,40,12,0.1,1,equi,1,ok,11,0.0,0.9166666666666666,0.0034191250160802156,approximate_plugin,0,,,f4122156e055b1800bb046dfccc78680e18d16dbe266773c6ae092e5b671a59f,11c15d6c934b42edd793725591332873f996db131d735ea62ded96f99e10d598
knockoff_statistic_bakeoff,ar1,cefsplus,4,800,40,12,0.1,1,equi,1,ok,0,0.0,0.0,0.0036515000101644546,approximate_plugin,0,,,f4122156e055b1800bb046dfccc78680e18d16dbe266773c6ae092e5b671a59f,4f53cda18c2baa0c0354bb5f9a3ecbe5ed12ab4d8e11ba873c2f11161202b945
knockoff_statistic_bakeoff,ar1,relevance,5,800,40,12,0.1,1,equi,1,ok,12,0.0,1.0,0.002077083016047254,approximate_plugin,0,,,0da95948eb497d4fa74617fcdf7eb3bb5e5da2c2599795af0a7010354624ea86,d4945a3458a7269aad40dbf5948c4d7ae24598d13cbce51fcb371c3253542ccb
knockoff_statistic_bakeoff,ar1,lsm,5,800,40,12,0.1,1,equi,1,ok,12,0.0,1.0,0.004936042008921504,approximate_plugin,0,,,0da95948eb497d4fa74617fcdf7eb3bb5e5da2c2599795af0a7010354624ea86,fbeb0388980ab36e8e382c727197b9e7fc5eb42f6dfbe0db9aebc23807ea8dbf
knockoff_statistic_bakeoff,ar1,ridge,5,800,40,12,0.1,1,equi,1,ok,11,0.0,0.9166666666666666,0.003564582992112264,approximate_plugin,0,,,0da95948eb497d4fa74617fcdf7eb3bb5e5da2c2599795af0a7010354624ea86,ddb7e00f1c8b862bde39708fd50e6570dbc716f3f6f8f17670a6b7f7d3286c90
knockoff_statistic_bakeoff,ar1,cefsplus,5,800,40,12,0.1,1,equi,1,ok,0,0.0,0.0,0.0043815409881062806,approximate_plugin,0,,,0da95948eb497d4fa74617fcdf7eb3bb5e5da2c2599795af0a7010354624ea86,4f53cda18c2baa0c0354bb5f9a3ecbe5ed12ab4d8e11ba873c2f11161202b945
knockoff_statistic_bakeoff,ar1,relevance,6,800,40,12,0.1,1,equi,1,ok,12,0.0,1.0,0.0023483750119339675,approximate_plugin,0,,,ecf2d34f32098cf9c81b05a9f3f15f5ae8990a28ea86a22672d80a33a5901cd6,c48f0ce18268a1cc93819beeb865b1ceffbc6d20ffaae9d52027cda730e71cf6
knockoff_statistic_bakeoff,ar1,lsm,6,800,40,12,0.1,1,equi,1,ok,12,0.0,1.0,0.004609541007084772,approximate_plugin,0,,,ecf2d34f32098cf9c81b05a9f3f15f5ae8990a28ea86a22672d80a33a5901cd6,98ae1aadde64554ae241b4e499d9e4edbfdca87586dbfc77e368432792419085
knockoff_statistic_bakeoff,ar1,ridge,6,800,40,12,0.1,1,equi,1,ok,11,0.0,0.9166666666666666,0.0035187920148018748,approximate_plugin,0,,,ecf2d34f32098cf9c81b05a9f3f15f5ae8990a28ea86a22672d80a33a5901cd6,8c27b1aa2f3092b3d983314f4688848442ff5e3c93096be8c09e25a9832c6482
knockoff_statistic_bakeoff,ar1,cefsplus,6,800,40,12,0.1,1,equi,1,ok,0,0.0,0.0,0.003599457995733246,approximate_plugin,0,,,ecf2d34f32098cf9c81b05a9f3f15f5ae8990a28ea86a22672d80a33a5901cd6,4f53cda18c2baa0c0354bb5f9a3ecbe5ed12ab4d8e11ba873c2f11161202b945
knockoff_statistic_bakeoff,ar1,relevance,7,800,40,12,0.1,1,equi,1,ok,12,0.0,1.0,0.0022420419845730066,approximate_plugin,0,,,4885e8eadf2381c79286093251f3c110248e1242ebb6ff26818db6a23755223e,194e87ae2c6ed22991394ae3dad26643201c849ddacdbe06db2064adb71a5e41
knockoff_statistic_bakeoff,ar1,lsm,7,800,40,12,0.1,1,equi,1,ok,12,0.0,1.0,0.004350291012087837,approximate_plugin,0,,,4885e8eadf2381c79286093251f3c110248e1242ebb6ff26818db6a23755223e,3e348bd0e086765ae2242c022db50dbef0bd3629768b06494cfa38fefcb21919
knockoff_statistic_bakeoff,ar1,ridge,7,800,40,12,0.1,1,equi,1,ok,12,0.0,1.0,0.0039627080259379,approximate_plugin,0,,,4885e8eadf2381c79286093251f3c110248e1242ebb6ff26818db6a23755223e,fe94a4deccd341dd20b9b9f2ad75807431051b55e14c5736a3f1c33acc128771
knockoff_statistic_bakeoff,ar1,cefsplus,7,800,40,12,0.1,1,equi,1,ok,0,0.0,0.0,0.003119250002782792,approximate_plugin,0,,,4885e8eadf2381c79286093251f3c110248e1242ebb6ff26818db6a23755223e,4f53cda18c2baa0c0354bb5f9a3ecbe5ed12ab4d8e11ba873c2f11161202b945
knockoff_statistic_bakeoff,ar1,relevance,8,800,40,12,0.1,1,equi,1,ok,12,0.0,1.0,0.0022572090092580765,approximate_plugin,0,,,6eee7e80412af1dd915e5969c838a297051d6090b94c51bd646e72ec09e8bcec,15a3cb07213f4476f4199f8f62c1113a243567f40825f0f2c588e458da4b87c3
knockoff_statistic_bakeoff,ar1,lsm,8,800,40,12,0.1,1,equi,1,ok,12,0.0,1.0,0.004435584007296711,approximate_plugin,0,,,6eee7e80412af1dd915e5969c838a297051d6090b94c51bd646e72ec09e8bcec,1fe63cd0c1d22f7b61f1113a80cc78299bdb5b711cba5464e7d7d22f21808ce6
knockoff_statistic_bakeoff,ar1,ridge,8,800,40,12,0.1,1,equi,1,ok,12,0.0,1.0,0.003611000021919608,approximate_plugin,0,,,6eee7e80412af1dd915e5969c838a297051d6090b94c51bd646e72ec09e8bcec,01ca42120301740a107ba30e72ddb0426f98ec6ab0fc174a4ba19605c4295729
knockoff_statistic_bakeoff,ar1,cefsplus,8,800,40,12,0.1,1,equi,1,ok,0,0.0,0.0,0.004353374999482185,approximate_plugin,0,,,6eee7e80412af1dd915e5969c838a297051d6090b94c51bd646e72ec09e8bcec,4f53cda18c2baa0c0354bb5f9a3ecbe5ed12ab4d8e11ba873c2f11161202b945
knockoff_statistic_bakeoff,ar1,relevance,9,800,40,12,0.1,1,equi,1,ok,12,0.0,1.0,0.0021791660110466182,approximate_plugin,0,,,295c4cc5fd8d553eb7adea2cc82958662826bc243b350a451fe1e74d00095fec,7c66d4f490cd9817a751e69e6d2f87657edab84bb57e33a52336584f64cb50f7
knockoff_statistic_bakeoff,ar1,lsm,9,800,40,12,0.1,1,equi,1,ok,12,0.0,1.0,0.004627457994502038,approximate_plugin,0,,,295c4cc5fd8d553eb7adea2cc82958662826bc243b350a451fe1e74d00095fec,374d5a1413f6fa26ea88d4f732a4e7d55769ed753403d9f7f3a6e48f3418c05b
knockoff_statistic_bakeoff,ar1,ridge,9,800,40,12,0.1,1,equi,1,ok,11,0.0,0.9166666666666666,0.0036423749988898635,approximate_plugin,0,,,295c4cc5fd8d553eb7adea2cc82958662826bc243b350a451fe1e74d00095fec,07d1823f96e76bf85acc995e0bbc4ba9e5b5d79956865fd428033e8d9d422826
knockoff_statistic_bakeoff,ar1,cefsplus,9,800,40,12,0.1,1,equi,1,ok,0,0.0,0.0,0.0034715420042630285,approximate_plugin,0,,,295c4cc5fd8d553eb7adea2cc82958662826bc243b350a451fe1e74d00095fec,4f53cda18c2baa0c0354bb5f9a3ecbe5ed12ab4d8e11ba873c2f11161202b945
knockoff_statistic_bakeoff,ar1,relevance,10,800,40,12,0.1,1,equi,1,ok,12,0.0,1.0,0.0020622499869205058,approximate_plugin,0,,,d5d50fb06a6039677432ac5f91567c7ea8167c027c18ec222fe491a0ac11ead3,c916d4c52ac49646615830adbcd7a116f903f6b0050c53d340746f7dd6009a44
knockoff_statistic_bakeoff,ar1,lsm,10,800,40,12,0.1,1,equi,1,ok,12,0.0,1.0,0.004785208002431318,approximate_plugin,0,,,d5d50fb06a6039677432ac5f91567c7ea8167c027c18ec222fe491a0ac11ead3,c0ea6f59fcf97722bd387acbb23c94e701f71262e33fe24e92a1cbbd40d83eda
knockoff_statistic_bakeoff,ar1,ridge,10,800,40,12,0.1,1,equi,1,ok,12,0.0,1.0,0.003701374982483685,approximate_plugin,0,,,d5d50fb06a6039677432ac5f91567c7ea8167c027c18ec222fe491a0ac11ead3,32ee66a87bae8e36e4d881a1ea91652f8d5475362e7cf073e16b8118841e81f3
knockoff_statistic_bakeoff,ar1,cefsplus,10,800,40,12,0.1,1,equi,1,ok,0,0.0,0.0,0.003882291988702491,approximate_plugin,0,,,d5d50fb06a6039677432ac5f91567c7ea8167c027c18ec222fe491a0ac11ead3,4f53cda18c2baa0c0354bb5f9a3ecbe5ed12ab4d8e11ba873c2f11161202b945
knockoff_statistic_bakeoff,ar1,relevance,11,800,40,12,0.1,1,equi,1,ok,12,0.0,1.0,0.00222845800453797,approximate_plugin,0,,,90e905112633001c65d8258780ab83b9c6d77593ecc065b28ef35a4fc4b8ac75,6ec6eff405b7dd471f2b060b515a9aaa80c182318439dc4ed7e062e07e1cffcb
knockoff_statistic_bakeoff,ar1,lsm,11,800,40,12,0.1,1,equi,1,ok,12,0.0,1.0,0.00466066601802595,approximate_plugin,0,,,90e905112633001c65d8258780ab83b9c6d77593ecc065b28ef35a4fc4b8ac75,b444638921ff0f50441be3ee439df97adbd0626b54e3acb4b15ac63cb3d75f79
knockoff_statistic_bakeoff,ar1,ridge,11,800,40,12,0.1,1,equi,1,ok,10,0.0,0.8333333333333334,0.003927167010260746,approximate_plugin,0,,,90e905112633001c65d8258780ab83b9c6d77593ecc065b28ef35a4fc4b8ac75,6979e377e03f7dc33cb662869e1de738b3657f7a24475a7a3733c6821a41b6cc
knockoff_statistic_bakeoff,ar1,cefsplus,11,800,40,12,0.1,1,equi,1,ok,0,0.0,0.0,0.0035333750129211694,approximate_plugin,0,,,90e905112633001c65d8258780ab83b9c6d77593ecc065b28ef35a4fc4b8ac75,4f53cda18c2baa0c0354bb5f9a3ecbe5ed12ab4d8e11ba873c2f11161202b945
knockoff_statistic_bakeoff,ar1,relevance,12,800,40,12,0.1,1,equi,1,ok,12,0.0,1.0,0.002162209013476968,approximate_plugin,0,,,34075844362997aa51bd7c43ece4f7dde7a382dd5b18edb6f21f5450b56878e3,ef1641c883680baa0bdbe9eef03048a126b8a443f4dc24f5da7e0bc7e7957c66
knockoff_statistic_bakeoff,ar1,lsm,12,800,40,12,0.1,1,equi,1,ok,12,0.0,1.0,0.0050594589847605675,approximate_plugin,0,,,34075844362997aa51bd7c43ece4f7dde7a382dd5b18edb6f21f5450b56878e3,9caa38d32cdfb53de0ec94d042b00cebcec492e00671af59f76b6776da5027af
knockoff_statistic_bakeoff,ar1,ridge,12,800,40,12,0.1,1,equi,1,ok,12,0.0,1.0,0.003746958012925461,approximate_plugin,0,,,34075844362997aa51bd7c43ece4f7dde7a382dd5b18edb6f21f5450b56878e3,89654adcb88b197801458d0f1519918980e92c937cbfda7963626c363c279645
knockoff_statistic_bakeoff,ar1,cefsplus,12,800,40,12,0.1,1,equi,1,ok,0,0.0,0.0,0.0029679999861400574,approximate_plugin,0,,,34075844362997aa51bd7c43ece4f7dde7a382dd5b18edb6f21f5450b56878e3,4f53cda18c2baa0c0354bb5f9a3ecbe5ed12ab4d8e11ba873c2f11161202b945
knockoff_statistic_bakeoff,ar1,relevance,13,800,40,12,0.1,1,equi,1,ok,12,0.0,1.0,0.0021126669889781624,approximate_plugin,0,,,f7f67753d0cdd55273c5dde781d1c42b405a91b323555ec8345d2420dc211fbe,3e08e4e09d8dffc3409c57812f72930207797b38436728e4d860d6fe1014b44d
knockoff_statistic_bakeoff,ar1,lsm,13,800,40,12,0.1,1,equi,1,ok,12,0.0,1.0,0.00465058401459828,approximate_plugin,0,,,f7f67753d0cdd55273c5dde781d1c42b405a91b323555ec8345d2420dc211fbe,bb5abdd9d2ce20697a019e19f251fb4cc3b138d305dfc9e0182eff0fb1da5ee0
knockoff_statistic_bakeoff,ar1,ridge,13,800,40,12,0.1,1,equi,1,ok,12,0.0,1.0,0.003383792005479336,approximate_plugin,0,,,f7f67753d0cdd55273c5dde781d1c42b405a91b323555ec8345d2420dc211fbe,25ece2d2e961b9ef00ec304117ffd475fe697e4c521a9bd7df89e4707f3f6b53
knockoff_statistic_bakeoff,ar1,cefsplus,13,800,40,12,0.1,1,equi,1,ok,0,0.0,0.0,0.0035808329994324595,approximate_plugin,0,,,f7f67753d0cdd55273c5dde781d1c42b405a91b323555ec8345d2420dc211fbe,4f53cda18c2baa0c0354bb5f9a3ecbe5ed12ab4d8e11ba873c2f11161202b945
knockoff_statistic_bakeoff,ar1,relevance,14,800,40,12,0.1,1,equi,1,ok,12,0.0,1.0,0.002182167023420334,approximate_plugin,0,,,8411dffca08114f6b847eccf822712fa1c7bfdd03c086d7b73c67dfb6daf4cd2,dd49cb428f4930427a847191455fad9397229baeb48cea2926e2056b79faa379
knockoff_statistic_bakeoff,ar1,lsm,14,800,40,12,0.1,1,equi,1,ok,12,0.0,1.0,0.004897208011243492,approximate_plugin,0,,,8411dffca08114f6b847eccf822712fa1c7bfdd03c086d7b73c67dfb6daf4cd2,06f25d49f9416b90a15b35a2b4e569829a0a8dc2070ec71087af370685ddadc8
knockoff_statistic_bakeoff,ar1,ridge,14,800,40,12,0.1,1,equi,1,ok,0,0.0,0.0,0.003725374990608543,approximate_plugin,0,,,8411dffca08114f6b847eccf822712fa1c7bfdd03c086d7b73c67dfb6daf4cd2,4f53cda18c2baa0c0354bb5f9a3ecbe5ed12ab4d8e11ba873c2f11161202b945
knockoff_statistic_bakeoff,ar1,cefsplus,14,800,40,12,0.1,1,equi,1,ok,0,0.0,0.0,0.004106417007278651,approximate_plugin,0,,,8411dffca08114f6b847eccf822712fa1c7bfdd03c086d7b73c67dfb6daf4cd2,4f53cda18c2baa0c0354bb5f9a3ecbe5ed12ab4d8e11ba873c2f11161202b945
knockoff_statistic_bakeoff,ar1,relevance,15,800,40,12,0.1,1,equi,1,ok,12,0.0,1.0,0.002392124995822087,approximate_plugin,0,,,9bc34a182d59a702fdd365e3b7512e572afc5f00cdedd1d1314f0305c6b83d0c,5afddba466825a6abdec0a7ff4006407e14367912ef50df2fd7b305ec143457c
knockoff_statistic_bakeoff,ar1,lsm,15,800,40,12,0.1,1,equi,1,ok,12,0.0,1.0,0.004532249993644655,approximate_plugin,0,,,9bc34a182d59a702fdd365e3b7512e572afc5f00cdedd1d1314f0305c6b83d0c,a28abcbfed2062dd3d38202039ed5a22741972f421cf33f5918bc9b85e678df2
knockoff_statistic_bakeoff,ar1,ridge,15,800,40,12,0.1,1,equi,1,ok,0,0.0,0.0,0.003797499986831099,approximate_plugin,0,,,9bc34a182d59a702fdd365e3b7512e572afc5f00cdedd1d1314f0305c6b83d0c,4f53cda18c2baa0c0354bb5f9a3ecbe5ed12ab4d8e11ba873c2f11161202b945
knockoff_statistic_bakeoff,ar1,cefsplus,15,800,40,12,0.1,1,equi,1,ok,0,0.0,0.0,0.003963499999372289,approximate_plugin,0,,,9bc34a182d59a702fdd365e3b7512e572afc5f00cdedd1d1314f0305c6b83d0c,4f53cda18c2baa0c0354bb5f9a3ecbe5ed12ab4d8e11ba873c2f11161202b945
knockoff_statistic_bakeoff,ar1,relevance,16,800,40,12,0.1,1,equi,1,ok,12,0.0,1.0,0.0021142089972272515,approximate_plugin,0,,,e3e195d3b648feaafec47d1b1e45d2c77d1cb648b39675817e1579347cf69879,87036c2587c3e5dfd4e5a94d723e04d2dd7cf8b4e5deff777a872827c0252239
knockoff_statistic_bakeoff,ar1,lsm,16,800,40,12,0.1,1,equi,1,ok,12,0.0,1.0,0.004792374995304272,approximate_plugin,0,,,e3e195d3b648feaafec47d1b1e45d2c77d1cb648b39675817e1579347cf69879,291296c2a41846af839d6398fdb3329fdaf5c1a6a5babd9b72f1c97e1a6e4de6
knockoff_statistic_bakeoff,ar1,ridge,16,800,40,12,0.1,1,equi,1,ok,12,0.0,1.0,0.0038949589943513274,approximate_plugin,0,,,e3e195d3b648feaafec47d1b1e45d2c77d1cb648b39675817e1579347cf69879,8ece2a0b5d63a0161bd954f8fd09d6d124c4343167521d801b93486e103b2ec3
knockoff_statistic_bakeoff,ar1,cefsplus,16,800,40,12,0.1,1,equi,1,ok,0,0.0,0.0,0.0035632499784696847,approximate_plugin,0,,,e3e195d3b648feaafec47d1b1e45d2c77d1cb648b39675817e1579347cf69879,4f53cda18c2baa0c0354bb5f9a3ecbe5ed12ab4d8e11ba873c2f11161202b945
knockoff_statistic_bakeoff,ar1,relevance,17,800,40,12,0.1,1,equi,1,ok,12,0.0,1.0,0.0021076250122860074,approximate_plugin,0,,,e764aeb41aed3ce78f38dee69c943876e0a0cee8967b3d0474fdc8df7dcfe576,cf3ed22fcfa130278be95fa562bf3ea927aed6387ef40ef065efe6b870b43335
knockoff_statistic_bakeoff,ar1,lsm,17,800,40,12,0.1,1,equi,1,ok,12,0.0,1.0,0.004728915984742343,approximate_plugin,0,,,e764aeb41aed3ce78f38dee69c943876e0a0cee8967b3d0474fdc8df7dcfe576,4d3533c2b11b09b0aee08d13a1e2fb1673bfea26568b11ffb64597e1870958ce
knockoff_statistic_bakeoff,ar1,ridge,17,800,40,12,0.1,1,equi,1,ok,11,0.0,0.9166666666666666,0.0036436249793041497,approximate_plugin,0,,,e764aeb41aed3ce78f38dee69c943876e0a0cee8967b3d0474fdc8df7dcfe576,b84e8e6d8c643cc79e595a9aeaa92c1d895958fd59759cdb45ae27571658ef10
knockoff_statistic_bakeoff,ar1,cefsplus,17,800,40,12,0.1,1,equi,1,ok,0,0.0,0.0,0.0034764170122798532,approximate_plugin,0,,,e764aeb41aed3ce78f38dee69c943876e0a0cee8967b3d0474fdc8df7dcfe576,4f53cda18c2baa0c0354bb5f9a3ecbe5ed12ab4d8e11ba873c2f11161202b945
knockoff_statistic_bakeoff,ar1,relevance,18,800,40,12,0.1,1,equi,1,ok,12,0.0,1.0,0.002030916977673769,approximate_plugin,0,,,96e46235bad44770aa8ca36c6b2b08f6577cc9b3781089f2d6e44da8c299d6b8,a5535588158ad7b6b78ba207894aeebb4bf8d3f1cce98d71eb6887bfa948e49f
knockoff_statistic_bakeoff,ar1,lsm,18,800,40,12,0.1,1,equi,1,ok,12,0.0,1.0,0.004697917000157759,approximate_plugin,0,,,96e46235bad44770aa8ca36c6b2b08f6577cc9b3781089f2d6e44da8c299d6b8,89ede891f8591d3f0ab3ec0a5684e0e21c08e730eadbf9062ebe6d51219ad7fd
knockoff_statistic_bakeoff,ar1,ridge,18,800,40,12,0.1,1,equi,1,ok,11,0.0,0.9166666666666666,0.003509959002258256,approximate_plugin,0,,,96e46235bad44770aa8ca36c6b2b08f6577cc9b3781089f2d6e44da8c299d6b8,34c318e0555b82debb767bca7e6aa28377a07e5397a531de89a227fe7b6f2ed2
knockoff_statistic_bakeoff,ar1,cefsplus,18,800,40,12,0.1,1,equi,1,ok,0,0.0,0.0,0.003432375000556931,approximate_plugin,0,,,96e46235bad44770aa8ca36c6b2b08f6577cc9b3781089f2d6e44da8c299d6b8,4f53cda18c2baa0c0354bb5f9a3ecbe5ed12ab4d8e11ba873c2f11161202b945
knockoff_statistic_bakeoff,ar1,relevance,19,800,40,12,0.1,1,equi,1,ok,12,0.0,1.0,0.0020955420040991157,approximate_plugin,0,,,06f25399448fe70b500991ac92ad36b5c1c42342668c7336686d93ceb6f0210e,921af98fff00e8d336c68d52aa298713abc5e822b0e187fdb0b8d15025ad0ab0
knockoff_statistic_bakeoff,ar1,lsm,19,800,40,12,0.1,1,equi,1,ok,12,0.0,1.0,0.004714332986623049,approximate_plugin,0,,,06f25399448fe70b500991ac92ad36b5c1c42342668c7336686d93ceb6f0210e,12c21993d8cdfa99b9ae8d56ceccff5c2192aacff5ee5a9c9bc86ff2ae2815b4
knockoff_statistic_bakeoff,ar1,ridge,19,800,40,12,0.1,1,equi,1,ok,11,0.0,0.9166666666666666,0.0038257499982137233,approximate_plugin,0,,,06f25399448fe70b500991ac92ad36b5c1c42342668c7336686d93ceb6f0210e,e33d5a5f1ab16cc3e86bd4f7dad8e99f180fcf513eed97d43dcd880e54b815d0
knockoff_statistic_bakeoff,ar1,cefsplus,19,800,40,12,0.1,1,equi,1,ok,0,0.0,0.0,0.003673083003377542,approximate_plugin,0,,,06f25399448fe70b500991ac92ad36b5c1c42342668c7336686d93ceb6f0210e,4f53cda18c2baa0c0354bb5f9a3ecbe5ed12ab4d8e11ba873c2f11161202b945
knockoff_statistic_bakeoff,ar1,relevance,20,800,40,12,0.1,1,equi,1,ok,11,0.0,0.9166666666666666,0.002654000010807067,approximate_plugin,0,,,699423cfaa1b84f27c862c78adad6d848b4d4daa5278f3bfda17cfeb397b342e,b0e9d3e6bfdf6ada0a8a726849ab54ad857c3844194255244c1dbd71f349a023
knockoff_statistic_bakeoff,ar1,lsm,20,800,40,12,0.1,1,equi,1,ok,12,0.0,1.0,0.004657957993913442,approximate_plugin,0,,,699423cfaa1b84f27c862c78adad6d848b4d4daa5278f3bfda17cfeb397b342e,88eeb4c1aaf5efe4fd26dcb229b6bf74e982e6cf872a16a75cca8e065d0458d2
knockoff_statistic_bakeoff,ar1,ridge,20,800,40,12,0.1,1,equi,1,ok,11,0.0,0.9166666666666666,0.0034325000015087426,approximate_plugin,0,,,699423cfaa1b84f27c862c78adad6d848b4d4daa5278f3bfda17cfeb397b342e,19fad9b25bffc55c2ef219c9780c0e27fb8572826239cde770abc0ed84e8e23b
knockoff_statistic_bakeoff,ar1,cefsplus,20,800,40,12,0.1,1,equi,1,ok,0,0.0,0.0,0.003737332997843623,approximate_plugin,0,,,699423cfaa1b84f27c862c78adad6d848b4d4daa5278f3bfda17cfeb397b342e,4f53cda18c2baa0c0354bb5f9a3ecbe5ed12ab4d8e11ba873c2f11161202b945
knockoff_statistic_bakeoff,ar1,relevance,21,800,40,12,0.1,1,equi,1,ok,12,0.0,1.0,0.0023191249929368496,approximate_plugin,0,,,79e2cfd5f745fa216cf922a9caa9737801dfe23d66c696509c54ad26175b1f55,de500c5b81472acb317116a500475f2ae9acd4b535cf1d16c46065e83e4bbd45
knockoff_statistic_bakeoff,ar1,lsm,21,800,40,12,0.1,1,equi,1,ok,12,0.0,1.0,0.004530083009740338,approximate_plugin,0,,,79e2cfd5f745fa216cf922a9caa9737801dfe23d66c696509c54ad26175b1f55,c3541bc60f91437afc86a469867384deff4022aa304e29b4912c1da142503d2a
knockoff_statistic_bakeoff,ar1,ridge,21,800,40,12,0.1,1,equi,1,ok,12,0.0,1.0,0.003813707997323945,approximate_plugin,0,,,79e2cfd5f745fa216cf922a9caa9737801dfe23d66c696509c54ad26175b1f55,78314b5540ddf2a4e2acff670d103d8cc34fb072ebb43c81fc7fd906c88bfc9b
knockoff_statistic_bakeoff,ar1,cefsplus,21,800,40,12,0.1,1,equi,1,ok,0,0.0,0.0,0.0035702910099644214,approximate_plugin,0,,,79e2cfd5f745fa216cf922a9caa9737801dfe23d66c696509c54ad26175b1f55,4f53cda18c2baa0c0354bb5f9a3ecbe5ed12ab4d8e11ba873c2f11161202b945
knockoff_statistic_bakeoff,ar1,relevance,22,800,40,12,0.1,1,equi,1,ok,12,0.0,1.0,0.0020959589746780694,approximate_plugin,0,,,c46f782d4ef36dcf34534b189c13e51c1f0401615d90f49acb5fc52ed01dc0d1,031410ed42a8e9286eb7eea16ce5c0523ba5d92b8d45ade68f6e92138d41c15f
knockoff_statistic_bakeoff,ar1,lsm,22,800,40,12,0.1,1,equi,1,ok,12,0.0,1.0,0.004567625001072884,approximate_plugin,0,,,c46f782d4ef36dcf34534b189c13e51c1f0401615d90f49acb5fc52ed01dc0d1,52e4cf8cd505d8c9b5cb438ab1f19ac81daa0e3cf96a5efbe62246bde4ec6552
knockoff_statistic_bakeoff,ar1,ridge,22,800,40,12,0.1,1,equi,1,ok,10,0.0,0.8333333333333334,0.003966584015870467,approximate_plugin,0,,,c46f782d4ef36dcf34534b189c13e51c1f0401615d90f49acb5fc52ed01dc0d1,40afe98f80a3300aacb69b15f1b46c69c3803e92478360cc7c8b12b54e0081b0
knockoff_statistic_bakeoff,ar1,cefsplus,22,800,40,12,0.1,1,equi,1,ok,0,0.0,0.0,0.0036253750149626285,approximate_plugin,0,,,c46f782d4ef36dcf34534b189c13e51c1f0401615d90f49acb5fc52ed01dc0d1,4f53cda18c2baa0c0354bb5f9a3ecbe5ed12ab4d8e11ba873c2f11161202b945
knockoff_statistic_bakeoff,ar1,relevance,23,800,40,12,0.1,1,equi,1,ok,12,0.0,1.0,0.00204770898562856,approximate_plugin,0,,,ce2655ecb1c5c96f03e90fbd5e0d09aff472928f25d92866e93dbee8285d9c0e,b7755b66f7e9f25c28cd44c688d0b03d15e1105858cc18b6f63a73531978406e
knockoff_statistic_bakeoff,ar1,lsm,23,800,40,12,0.1,1,equi,1,ok,12,0.0,1.0,0.00551074999384582,approximate_plugin,0,,,ce2655ecb1c5c96f03e90fbd5e0d09aff472928f25d92866e93dbee8285d9c0e,190b9f0caec617804c52427670b31e8d87b37cab27b148792e6f79f96d6862a4
knockoff_statistic_bakeoff,ar1,ridge,23,800,40,12,0.1,1,equi,1,ok,12,0.0,1.0,0.0035879159986507148,approximate_plugin,0,,,ce2655ecb1c5c96f03e90fbd5e0d09aff472928f25d92866e93dbee8285d9c0e,24475d1371b2c620e157844e058bcfa951821131d744a15e56db07c313932698
knockoff_statistic_bakeoff,ar1,cefsplus,23,800,40,12,0.1,1,equi,1,ok,0,0.0,0.0,0.0037714170175604522,approximate_plugin,0,,,ce2655ecb1c5c96f03e90fbd5e0d09aff472928f25d92866e93dbee8285d9c0e,4f53cda18c2baa0c0354bb5f9a3ecbe5ed12ab4d8e11ba873c2f11161202b945
knockoff_statistic_bakeoff,ar1,relevance,24,800,40,12,0.1,1,equi,1,ok,12,0.0,1.0,0.002166958001907915,approximate_plugin,0,,,2709e8a5a3817e37585bf66476934d2957c7af26bfd8860eff994f611433d9e8,0973b65c037192b2adafbf49d41d9adc297a928bef6b364653545cdc24c907e2
knockoff_statistic_bakeoff,ar1,lsm,24,800,40,12,0.1,1,equi,1,ok,12,0.0,1.0,0.004563792026601732,approximate_plugin,0,,,2709e8a5a3817e37585bf66476934d2957c7af26bfd8860eff994f611433d9e8,89423c4e8c38853d873dc6a098c08104d2387a8ca912655194a407dcf9a4367f
knockoff_statistic_bakeoff,ar1,ridge,24,800,40,12,0.1,1,equi,1,ok,10,0.0,0.8333333333333334,0.0034952079877257347,approximate_plugin,0,,,2709e8a5a3817e37585bf66476934d2957c7af26bfd8860eff994f611433d9e8,b68899ac0ab23fa6f6329ea06c9b62a2a47b27250a17aaf4cc2e8e4c48224b82
knockoff_statistic_bakeoff,ar1,cefsplus,24,800,40,12,0.1,1,equi,1,ok,0,0.0,0.0,0.003516041993862018,approximate_plugin,0,,,2709e8a5a3817e37585bf66476934d2957c7af26bfd8860eff994f611433d9e8,4f53cda18c2baa0c0354bb5f9a3ecbe5ed12ab4d8e11ba873c2f11161202b945
knockoff_statistic_bakeoff,ar1,relevance,25,800,40,12,0.1,1,equi,1,ok,12,0.0,1.0,0.0022279169934336096,approximate_plugin,0,,,a0dde6ba58c1a12ffed765b1f4bc19de14e65fceabc682a132fe2a3893120f1c,832ec31bbb882d00fc9cb4966058907d691b56d699047ab255877146c0ee406d
knockoff_statistic_bakeoff,ar1,lsm,25,800,40,12,0.1,1,equi,1,ok,12,0.0,1.0,0.004691083013312891,approximate_plugin,0,,,a0dde6ba58c1a12ffed765b1f4bc19de14e65fceabc682a132fe2a3893120f1c,1a8d6e0610c158a9da7d73897ab938a5744c8f18dc9e5efde2a4bdc96849dfa3
knockoff_statistic_bakeoff,ar1,ridge,25,800,40,12,0.1,1,equi,1,ok,12,0.0,1.0,0.0037415410042740405,approximate_plugin,0,,,a0dde6ba58c1a12ffed765b1f4bc19de14e65fceabc682a132fe2a3893120f1c,ef4eb8c7a654985d1927e45f90b5ec7e0f5bfbcd98f80884cf446503d4286f10
knockoff_statistic_bakeoff,ar1,cefsplus,25,800,40,12,0.1,1,equi,1,ok,0,0.0,0.0,0.003601041011279449,approximate_plugin,0,,,a0dde6ba58c1a12ffed765b1f4bc19de14e65fceabc682a132fe2a3893120f1c,4f53cda18c2baa0c0354bb5f9a3ecbe5ed12ab4d8e11ba873c2f11161202b945
knockoff_statistic_bakeoff,ar1,relevance,26,800,40,12,0.1,1,equi,1,ok,13,0.07692307692307693,1.0,0.0019746670150198042,approximate_plugin,0,,,a2ad75408be609c8f30eb85482a2800283f6f283d5a30b00faf0b1291fa0d252,26b342cd968282ad760a47938000cb0bc2a0d368b34ab08e1b3d3eebfba6cb53
knockoff_statistic_bakeoff,ar1,lsm,26,800,40,12,0.1,1,equi,1,ok,12,0.0,1.0,0.005114957981277257,approximate_plugin,0,,,a2ad75408be609c8f30eb85482a2800283f6f283d5a30b00faf0b1291fa0d252,034864bf79fa6c79cc0fcba2f12c8c7cf06059be1ec5db7084e7dd76e82e3a5f
knockoff_statistic_bakeoff,ar1,ridge,26,800,40,12,0.1,1,equi,1,ok,12,0.0,1.0,0.004168166982708499,approximate_plugin,0,,,a2ad75408be609c8f30eb85482a2800283f6f283d5a30b00faf0b1291fa0d252,005e8d26ddd35f17e5e65ed213a02070f13304f8189a3ad4aff81790651e8a97
knockoff_statistic_bakeoff,ar1,cefsplus,26,800,40,12,0.1,1,equi,1,ok,0,0.0,0.0,0.0034036659926641732,approximate_plugin,0,,,a2ad75408be609c8f30eb85482a2800283f6f283d5a30b00faf0b1291fa0d252,4f53cda18c2baa0c0354bb5f9a3ecbe5ed12ab4d8e11ba873c2f11161202b945
knockoff_statistic_bakeoff,ar1,relevance,27,800,40,12,0.1,1,equi,1,ok,12,0.0,1.0,0.002027999988058582,approximate_plugin,0,,,b034ea3323df8c18b09c39fcb634aae0a7dafdf4f26bab004a51e38aa1d5a0ae,1b4b65a351c7049e37b31bee756042aeaafa7534f2fa043820f2ec6435de32d9
knockoff_statistic_bakeoff,ar1,lsm,27,800,40,12,0.1,1,equi,1,ok,12,0.0,1.0,0.004632208991097286,approximate_plugin,0,,,b034ea3323df8c18b09c39fcb634aae0a7dafdf4f26bab004a51e38aa1d5a0ae,4421c525b516071b5f22a71946915b57df22e6453fd6e4a4078bdfeda0edf5e9
knockoff_statistic_bakeoff,ar1,ridge,27,800,40,12,0.1,1,equi,1,ok,10,0.0,0.8333333333333334,0.0038824589864816517,approximate_plugin,0,,,b034ea3323df8c18b09c39fcb634aae0a7dafdf4f26bab004a51e38aa1d5a0ae,f5478ecc6cd2d3afbd2037a5210af83987ff8c56af287d86e34b4481dbad3664
knockoff_statistic_bakeoff,ar1,cefsplus,27,800,40,12,0.1,1,equi,1,ok,0,0.0,0.0,0.0038747919898014516,approximate_plugin,0,,,b034ea3323df8c18b09c39fcb634aae0a7dafdf4f26bab004a51e38aa1d5a0ae,4f53cda18c2baa0c0354bb5f9a3ecbe5ed12ab4d8e11ba873c2f11161202b945
knockoff_statistic_bakeoff,ar1,relevance,28,800,40,12,0.1,1,equi,1,ok,13,0.07692307692307693,1.0,0.002374000003328547,approximate_plugin,0,,,2c1b2ae15d7ccc79f90d38a713145aab803ed886afbb77026363f3a4e7b9df6c,8fb6746772dfa87ff75daa4cf4009fdd1efccd14f7c4263aaea15f623bc89afc
knockoff_statistic_bakeoff,ar1,lsm,28,800,40,12,0.1,1,equi,1,ok,12,0.0,1.0,0.004784125019796193,approximate_plugin,0,,,2c1b2ae15d7ccc79f90d38a713145aab803ed886afbb77026363f3a4e7b9df6c,bc0e2f3481aa4ac25076e513bca94654f4a80d1b6e254b820f03842e65590a92
knockoff_statistic_bakeoff,ar1,ridge,28,800,40,12,0.1,1,equi,1,ok,12,0.0,1.0,0.003726124996319413,approximate_plugin,0,,,2c1b2ae15d7ccc79f90d38a713145aab803ed886afbb77026363f3a4e7b9df6c,16c9e0d1b33f1139f709060371cb081266e1f1fa3d5e8d0a2a15b8be9d9a1140
knockoff_statistic_bakeoff,ar1,cefsplus,28,800,40,12,0.1,1,equi,1,ok,10,0.1,0.75,0.0030985419871285558,approximate_plugin,0,,,2c1b2ae15d7ccc79f90d38a713145aab803ed886afbb77026363f3a4e7b9df6c,4d7a7748939f41e4f948e8c799e231786dda39cfaf9dda6aaea0a816441d75a0
knockoff_statistic_bakeoff,ar1,relevance,29,800,40,12,0.1,1,equi,1,ok,12,0.0,1.0,0.0020770000119227916,approximate_plugin,0,,,bac0638facd2b701101666ee9cbe0e89611096c4671fd3a254adc4922339f88c,b8843c51063968361196147c1c54923880a3c521ba25b178dca49bedc6a6eac5
knockoff_statistic_bakeoff,ar1,lsm,29,800,40,12,0.1,1,equi,1,ok,12,0.0,1.0,0.004323540983023122,approximate_plugin,0,,,bac0638facd2b701101666ee9cbe0e89611096c4671fd3a254adc4922339f88c,2f71aa056649f389382dac757d5d261c3b0346c78c22d0d75a69517fb0f2a269
knockoff_statistic_bakeoff,ar1,ridge,29,800,40,12,0.1,1,equi,1,ok,11,0.0,0.9166666666666666,0.003800833015702665,approximate_plugin,0,,,bac0638facd2b701101666ee9cbe0e89611096c4671fd3a254adc4922339f88c,8d7c26c3ded8a81a250f25512c2c12e4d65fcd8eab2656c604493e964ff4d194
knockoff_statistic_bakeoff,ar1,cefsplus,29,800,40,12,0.1,1,equi,1,ok,0,0.0,0.0,0.0037802919978275895,approximate_plugin,0,,,bac0638facd2b701101666ee9cbe0e89611096c4671fd3a254adc4922339f88c,4f53cda18c2baa0c0354bb5f9a3ecbe5ed12ab4d8e11ba873c2f11161202b945
knockoff_statistic_bakeoff,block,relevance,0,800,40,12,0.1,1,equi,1,ok,11,0.0,0.9166666666666666,0.0020454170007724315,approximate_plugin,0,,,b7c67468bdfc1ecdbff12cc0b17eadff4a42a116f2a731aa882e8a3b8b9f6c67,d6cca6e7bcf979bd3cff198656116eebba4f012d57504e82c1b7b804196cefe4
knockoff_statistic_bakeoff,block,lsm,0,800,40,12,0.1,1,equi,1,ok,10,0.0,0.8333333333333334,0.004452082997886464,approximate_plugin,0,,,b7c67468bdfc1ecdbff12cc0b17eadff4a42a116f2a731aa882e8a3b8b9f6c67,1b75c2f547ae95d6a9caba812da72d718ed3bb0fb0545c89a10aba72a2032f4a
knockoff_statistic_bakeoff,block,ridge,0,800,40,12,0.1,1,equi,1,ok,0,0.0,0.0,0.003408041986403987,approximate_plugin,0,,,b7c67468bdfc1ecdbff12cc0b17eadff4a42a116f2a731aa882e8a3b8b9f6c67,4f53cda18c2baa0c0354bb5f9a3ecbe5ed12ab4d8e11ba873c2f11161202b945
knockoff_statistic_bakeoff,block,cefsplus,0,800,40,12,0.1,1,equi,1,ok,0,0.0,0.0,0.003931458020815626,approximate_plugin,0,,,b7c67468bdfc1ecdbff12cc0b17eadff4a42a116f2a731aa882e8a3b8b9f6c67,4f53cda18c2baa0c0354bb5f9a3ecbe5ed12ab4d8e11ba873c2f11161202b945
knockoff_statistic_bakeoff,block,relevance,1,800,40,12,0.1,1,equi,1,ok,12,0.0,1.0,0.002024833986070007,approximate_plugin,0,,,abbd8b742567edbbde3d9a8c1878e2a2b48ceedc6f4d8fcf55cc7721def57543,1bb4a0d90b8d2b840f417f94e5f184bda283dd5b70b4f4d2cdc1199bc80ecc1c
knockoff_statistic_bakeoff,block,lsm,1,800,40,12,0.1,1,equi,1,ok,12,0.0,1.0,0.00490929200896062,approximate_plugin,0,,,abbd8b742567edbbde3d9a8c1878e2a2b48ceedc6f4d8fcf55cc7721def57543,0920f81d37d79663c6be828a924e70e22634dff478885d359232ba0f6d1cfafc
knockoff_statistic_bakeoff,block,ridge,1,800,40,12,0.1,1,equi,1,ok,0,0.0,0.0,0.003744416986592114,approximate_plugin,0,,,abbd8b742567edbbde3d9a8c1878e2a2b48ceedc6f4d8fcf55cc7721def57543,4f53cda18c2baa0c0354bb5f9a3ecbe5ed12ab4d8e11ba873c2f11161202b945
knockoff_statistic_bakeoff,block,cefsplus,1,800,40,12,0.1,1,equi,1,ok,0,0.0,0.0,0.0034792090009432286,approximate_plugin,0,,,abbd8b742567edbbde3d9a8c1878e2a2b48ceedc6f4d8fcf55cc7721def57543,4f53cda18c2baa0c0354bb5f9a3ecbe5ed12ab4d8e11ba873c2f11161202b945
knockoff_statistic_bakeoff,block,relevance,2,800,40,12,0.1,1,equi,1,ok,12,0.0,1.0,0.0019449579995125532,approximate_plugin,0,,,afe60437f9e4613e5e01d1bdfce5b81c26ffaa25457054d8f3054902b548449e,4c622ba509c9122e39e9ef433da1bf7ca6defcf93ed29d1bded70b9c5f5a4300
knockoff_statistic_bakeoff,block,lsm,2,800,40,12,0.1,1,equi,1,ok,12,0.0,1.0,0.0047441670030821115,approximate_plugin,0,,,afe60437f9e4613e5e01d1bdfce5b81c26ffaa25457054d8f3054902b548449e,b8e00410f900620db8c73da1174cfad0dbf4237a57c6454cc7a0eed329b0c735
knockoff_statistic_bakeoff,block,ridge,2,800,40,12,0.1,1,equi,1,ok,0,0.0,0.0,0.004034542012959719,approximate_plugin,0,,,afe60437f9e4613e5e01d1bdfce5b81c26ffaa25457054d8f3054902b548449e,4f53cda18c2baa0c0354bb5f9a3ecbe5ed12ab4d8e11ba873c2f11161202b945
knockoff_statistic_bakeoff,block,cefsplus,2,800,40,12,0.1,1,equi,1,ok,0,0.0,0.0,0.003454874997260049,approximate_plugin,0,,,afe60437f9e4613e5e01d1bdfce5b81c26ffaa25457054d8f3054902b548449e,4f53cda18c2baa0c0354bb5f9a3ecbe5ed12ab4d8e11ba873c2f11161202b945
knockoff_statistic_bakeoff,block,relevance,3,800,40,12,0.1,1,equi,1,ok,13,0.07692307692307693,1.0,0.0020707909716293216,approximate_plugin,0,,,6ea7c2399dcf7f2c558f85a31a944b54af24642385b0566386363ba37971557b,29b884c8d20115b855e5d59a3b3a8158568ab4ba08235b03bf9bf8a1c0e4bbf9
knockoff_statistic_bakeoff,block,lsm,3,800,40,12,0.1,1,equi,1,ok,12,0.0,1.0,0.004791707993717864,approximate_plugin,0,,,6ea7c2399dcf7f2c558f85a31a944b54af24642385b0566386363ba37971557b,7c3ce9dc1d8369ebcd8d53bc99b81fe1556936d39d3514c072e7dd475138fda7
knockoff_statistic_bakeoff,block,ridge,3,800,40,12,0.1,1,equi,1,ok,11,0.0,0.9166666666666666,0.003745124995475635,approximate_plugin,0,,,6ea7c2399dcf7f2c558f85a31a944b54af24642385b0566386363ba37971557b,09c823d80e68e8efe9cfd7a819b3ac4f5138c1c509c2c7a60c3578f5c91a319c
knockoff_statistic_bakeoff,block,cefsplus,3,800,40,12,0.1,1,equi,1,ok,0,0.0,0.0,0.0035428750270511955,approximate_plugin,0,,,6ea7c2399dcf7f2c558f85a31a944b54af24642385b0566386363ba37971557b,4f53cda18c2baa0c0354bb5f9a3ecbe5ed12ab4d8e11ba873c2f11161202b945
knockoff_statistic_bakeoff,block,relevance,4,800,40,12,0.1,1,equi,1,ok,12,0.08333333333333333,0.9166666666666666,0.002137916977517307,approximate_plugin,0,,,35100d5d2925f5506953e328c50d8bf8394d6bf22a4681f9078b22e3dcf84d8a,d76e391e6d82241c2a4bdb447963a3ce93430944caebb794d8b121dd6953eb16
knockoff_statistic_bakeoff,block,lsm,4,800,40,12,0.1,1,equi,1,ok,12,0.0,1.0,0.004951041017193347,approximate_plugin,0,,,35100d5d2925f5506953e328c50d8bf8394d6bf22a4681f9078b22e3dcf84d8a,dd7ba243c66df06c7c430875ce16226ae78d55840b48d51057b501645dbd5981
knockoff_statistic_bakeoff,block,ridge,4,800,40,12,0.1,1,equi,1,ok,0,0.0,0.0,0.0041585419967304915,approximate_plugin,0,,,35100d5d2925f5506953e328c50d8bf8394d6bf22a4681f9078b22e3dcf84d8a,4f53cda18c2baa0c0354bb5f9a3ecbe5ed12ab4d8e11ba873c2f11161202b945
knockoff_statistic_bakeoff,block,cefsplus,4,800,40,12,0.1,1,equi,1,ok,0,0.0,0.0,0.0035094999766442925,approximate_plugin,0,,,35100d5d2925f5506953e328c50d8bf8394d6bf22a4681f9078b22e3dcf84d8a,4f53cda18c2baa0c0354bb5f9a3ecbe5ed12ab4d8e11ba873c2f11161202b945
knockoff_statistic_bakeoff,block,relevance,5,800,40,12,0.1,1,equi,1,ok,14,0.14285714285714285,1.0,0.0020056669891346246,approximate_plugin,0,,,c8f1cb20538a2832edb7674c13357051e6954858a440f63e233047d3b79ec6cc,6cd971335aa49a3e5e22b011d31e8dc2bda5650eb5737d1519981f6ac6ed3494
knockoff_statistic_bakeoff,block,lsm,5,800,40,12,0.1,1,equi,1,ok,12,0.0,1.0,0.004630791983800009,approximate_plugin,0,,,c8f1cb20538a2832edb7674c13357051e6954858a440f63e233047d3b79ec6cc,cdcc2ebfcebeba9ae6afa1f544dc3f7c666abc065a6bf148379c91b7c70ba253
knockoff_statistic_bakeoff,block,ridge,5,800,40,12,0.1,1,equi,1,ok,0,0.0,0.0,0.003607249993365258,approximate_plugin,0,,,c8f1cb20538a2832edb7674c13357051e6954858a440f63e233047d3b79ec6cc,4f53cda18c2baa0c0354bb5f9a3ecbe5ed12ab4d8e11ba873c2f11161202b945
knockoff_statistic_bakeoff,block,cefsplus,5,800,40,12,0.1,1,equi,1,ok,0,0.0,0.0,0.003789665992371738,approximate_plugin,0,,,c8f1cb20538a2832edb7674c13357051e6954858a440f63e233047d3b79ec6cc,4f53cda18c2baa0c0354bb5f9a3ecbe5ed12ab4d8e11ba873c2f11161202b945
knockoff_statistic_bakeoff,block,relevance,6,800,40,12,0.1,1,equi,1,ok,10,0.0,0.8333333333333334,0.0022402920003514737,approximate_plugin,0,,,a1052ee5516c9b0103829b61751098647c6fbd727d0ab86bddfe3e62956b209c,c8c7ca7663f4da1190ef41fd287fef54518f98eea6b8704f6eba8d3d2c12b75a
knockoff_statistic_bakeoff,block,lsm,6,800,40,12,0.1,1,equi,1,ok,0,0.0,0.0,0.004869500000495464,approximate_plugin,0,,,a1052ee5516c9b0103829b61751098647c6fbd727d0ab86bddfe3e62956b209c,4f53cda18c2baa0c0354bb5f9a3ecbe5ed12ab4d8e11ba873c2f11161202b945
knockoff_statistic_bakeoff,block,ridge,6,800,40,12,0.1,1,equi,1,ok,0,0.0,0.0,0.0034102080098818988,approximate_plugin,0,,,a1052ee5516c9b0103829b61751098647c6fbd727d0ab86bddfe3e62956b209c,4f53cda18c2baa0c0354bb5f9a3ecbe5ed12ab4d8e11ba873c2f11161202b945
knockoff_statistic_bakeoff,block,cefsplus,6,800,40,12,0.1,1,equi,1,ok,0,0.0,0.0,0.0039721249777358025,approximate_plugin,0,,,a1052ee5516c9b0103829b61751098647c6fbd727d0ab86bddfe3e62956b209c,4f53cda18c2baa0c0354bb5f9a3ecbe5ed12ab4d8e11ba873c2f11161202b945
knockoff_statistic_bakeoff,block,relevance,7,800,40,12,0.1,1,equi,1,ok,14,0.14285714285714285,1.0,0.00232229198445566,approximate_plugin,0,,,d0c83283ebcf17a02580dd44f56e733a1d0e0015b30ec2633cef3fb367c2fca9,a7ca821f3e56ecdaac07a5fde0de44eb3464466944bd409337b323bda4da889e
knockoff_statistic_bakeoff,block,lsm,7,800,40,12,0.1,1,equi,1,ok,12,0.0,1.0,0.004743875004351139,approximate_plugin,0,,,d0c83283ebcf17a02580dd44f56e733a1d0e0015b30ec2633cef3fb367c2fca9,3abc82bbbc4d3cd29b9d54bfc54924749296dd1f30ea8a1f1769a228ebbb658b
knockoff_statistic_bakeoff,block,ridge,7,800,40,12,0.1,1,equi,1,ok,0,0.0,0.0,0.0047372920089401305,approximate_plugin,0,,,d0c83283ebcf17a02580dd44f56e733a1d0e0015b30ec2633cef3fb367c2fca9,4f53cda18c2baa0c0354bb5f9a3ecbe5ed12ab4d8e11ba873c2f11161202b945
knockoff_statistic_bakeoff,block,cefsplus,7,800,40,12,0.1,1,equi,1,ok,0,0.0,0.0,0.003999125008704141,approximate_plugin,0,,,d0c83283ebcf17a02580dd44f56e733a1d0e0015b30ec2633cef3fb367c2fca9,4f53cda18c2baa0c0354bb5f9a3ecbe5ed12ab4d8e11ba873c2f11161202b945
knockoff_statistic_bakeoff,block,relevance,8,800,40,12,0.1,1,equi,1,ok,14,0.14285714285714285,1.0,0.0021773749904241413,approximate_plugin,0,,,f8acf0633f655a6639d5e35f6e0b9ae4caa1dbed139d7fcc02268e157ac4c493,86a6ba25aec7ec11655216d96b5a9f4527eae0f8928622d9977b85854ce26a57
knockoff_statistic_bakeoff,block,lsm,8,800,40,12,0.1,1,equi,1,ok,12,0.0,1.0,0.004662166989874095,approximate_plugin,0,,,f8acf0633f655a6639d5e35f6e0b9ae4caa1dbed139d7fcc02268e157ac4c493,cbdbc971c433ca2f8a782409dc5cb43cae7df871c87ab874729a56b9d8a009bd
knockoff_statistic_bakeoff,block,ridge,8,800,40,12,0.1,1,equi,1,ok,12,0.0,1.0,0.003701791021740064,approximate_plugin,0,,,f8acf0633f655a6639d5e35f6e0b9ae4caa1dbed139d7fcc02268e157ac4c493,3a78f8d06319f3bc1f45a4438a9178c06577e17e59f4cc88035c39f254717ed7
knockoff_statistic_bakeoff,block,cefsplus,8,800,40,12,0.1,1,equi,1,ok,0,0.0,0.0,0.0034383750171400607,approximate_plugin,0,,,f8acf0633f655a6639d5e35f6e0b9ae4caa1dbed139d7fcc02268e157ac4c493,4f53cda18c2baa0c0354bb5f9a3ecbe5ed12ab4d8e11ba873c2f11161202b945
knockoff_statistic_bakeoff,block,relevance,9,800,40,12,0.1,1,equi,1,ok,15,0.2,1.0,0.0021567500079981983,approximate_plugin,0,,,d698f4ad92a1143842aba087ccf22dc490bac01c3c0927ae01a6b699f8103bd8,482291d4ce2808fda746a56c19539e052e29b7380ac7e6e16d472c454d243050
knockoff_statistic_bakeoff,block,lsm,9,800,40,12,0.1,1,equi,1,ok,12,0.0,1.0,0.0047130000020843,approximate_plugin,0,,,d698f4ad92a1143842aba087ccf22dc490bac01c3c0927ae01a6b699f8103bd8,69b38d6cd569866f2c6f5a3ea1934e9e4c7873032e460396034672f0de0649dd
knockoff_statistic_bakeoff,block,ridge,9,800,40,12,0.1,1,equi,1,ok,0,0.0,0.0,0.003628000005846843,approximate_plugin,0,,,d698f4ad92a1143842aba087ccf22dc490bac01c3c0927ae01a6b699f8103bd8,4f53cda18c2baa0c0354bb5f9a3ecbe5ed12ab4d8e11ba873c2f11161202b945
knockoff_statistic_bakeoff,block,cefsplus,9,800,40,12,0.1,1,equi,1,ok,0,0.0,0.0,0.0036338749923743308,approximate_plugin,0,,,d698f4ad92a1143842aba087ccf22dc490bac01c3c0927ae01a6b699f8103bd8,4f53cda18c2baa0c0354bb5f9a3ecbe5ed12ab4d8e11ba873c2f11161202b945
knockoff_statistic_bakeoff,block,relevance,10,800,40,12,0.1,1,equi,1,ok,13,0.07692307692307693,1.0,0.0021028750052209944,approximate_plugin,0,,,4d7b52bec4b49b8e2a97a27ac90e4f8d645df4628d688228b59c3638ef4266f4,ffa24012f5e25c043f2d6bab423469df09fc62786644087e7dbe4d1c841fac03
knockoff_statistic_bakeoff,block,lsm,10,800,40,12,0.1,1,equi,1,ok,12,0.0,1.0,0.004863540991209447,approximate_plugin,0,,,4d7b52bec4b49b8e2a97a27ac90e4f8d645df4628d688228b59c3638ef4266f4,03c3c9131c51d58f91687d304b81647912f10d0327b7a63fe73ecd2f14c11e45
knockoff_statistic_bakeoff,block,ridge,10,800,40,12,0.1,1,equi,1,ok,11,0.0,0.9166666666666666,0.0034246669965796173,approximate_plugin,0,,,4d7b52bec4b49b8e2a97a27ac90e4f8d645df4628d688228b59c3638ef4266f4,5520d6aa6c4fbde4f37b40b22876b413ff08c4f84041e7351a61843c253a3dfc
knockoff_statistic_bakeoff,block,cefsplus,10,800,40,12,0.1,1,equi,1,ok,0,0.0,0.0,0.0038092079921625555,approximate_plugin,0,,,4d7b52bec4b49b8e2a97a27ac90e4f8d645df4628d688228b59c3638ef4266f4,4f53cda18c2baa0c0354bb5f9a3ecbe5ed12ab4d8e11ba873c2f11161202b945
knockoff_statistic_bakeoff,block,relevance,11,800,40,12,0.1,1,equi,1,ok,10,0.0,0.8333333333333334,0.0020887080172542483,approximate_plugin,0,,,49f952cc210283fdd0cab22cb313b8e39e9fe71bdee70ec54c4d0e0bdef6318e,8e278fdb07983e27a0bd651554e002f2f82632db91c34552925a4915d59a67ec
knockoff_statistic_bakeoff,block,lsm,11,800,40,12,0.1,1,equi,1,ok,10,0.0,0.8333333333333334,0.00475074999849312,approximate_plugin,0,,,49f952cc210283fdd0cab22cb313b8e39e9fe71bdee70ec54c4d0e0bdef6318e,8bcbac574cd6c2ef86facb848c41f0c4496d0e17d45327c5fb833a92f04d17e3
knockoff_statistic_bakeoff,block,ridge,11,800,40,12,0.1,1,equi,1,ok,0,0.0,0.0,0.003473458025837317,approximate_plugin,0,,,49f952cc210283fdd0cab22cb313b8e39e9fe71bdee70ec54c4d0e0bdef6318e,4f53cda18c2baa0c0354bb5f9a3ecbe5ed12ab4d8e11ba873c2f11161202b945
knockoff_statistic_bakeoff,block,cefsplus,11,800,40,12,0.1,1,equi,1,ok,0,0.0,0.0,0.003951582999434322,approximate_plugin,0,,,49f952cc210283fdd0cab22cb313b8e39e9fe71bdee70ec54c4d0e0bdef6318e,4f53cda18c2baa0c0354bb5f9a3ecbe5ed12ab4d8e11ba873c2f11161202b945
knockoff_statistic_bakeoff,block,relevance,12,800,40,12,0.1,1,equi,1,ok,13,0.07692307692307693,1.0,0.002138250012649223,approximate_plugin,0,,,e0f846eae6923f1fcd5b63822bd12a10ab8f5fa230df0371910c8416d1f8e840,12cb5391a636a761a3f2ef8e7dbf006a0aaa295af76f5a42bbf1a01a9b2f3ddf
knockoff_statistic_bakeoff,block,lsm,12,800,40,12,0.1,1,equi,1,ok,12,0.0,1.0,0.004942291998304427,approximate_plugin,0,,,e0f846eae6923f1fcd5b63822bd12a10ab8f5fa230df0371910c8416d1f8e840,a86093130a3707e92bee9cda6be5a47a62abbe2edcbc08b430fc070593416ee2
knockoff_statistic_bakeoff,block,ridge,12,800,40,12,0.1,1,equi,1,ok,12,0.0,1.0,0.004064250009832904,approximate_plugin,0,,,e0f846eae6923f1fcd5b63822bd12a10ab8f5fa230df0371910c8416d1f8e840,7278090466bfa80680d928ac6ad92a0b029e34f510ed2de62c0f8f4b8e2d5038
knockoff_statistic_bakeoff,block,cefsplus,12,800,40,12,0.1,1,equi,1,ok,0,0.0,0.0,0.0036620000028051436,approximate_plugin,0,,,e0f846eae6923f1fcd5b63822bd12a10ab8f5fa230df0371910c8416d1f8e840,4f53cda18c2baa0c0354bb5f9a3ecbe5ed12ab4d8e11ba873c2f11161202b945
knockoff_statistic_bakeoff,block,relevance,13,800,40,12,0.1,1,equi,1,ok,13,0.07692307692307693,1.0,0.00217966697528027,approximate_plugin,0,,,3083605b5fe0cc343aa575bc0457ed1256f3e4231185c7ae501025cdc22ac0a4,9d88e80bf993a6cc88e4524546949df5fab02276b83d2039940fa81939af4b4f
knockoff_statistic_bakeoff,block,lsm,13,800,40,12,0.1,1,equi,1,ok,12,0.0,1.0,0.004733083012979478,approximate_plugin,0,,,3083605b5fe0cc343aa575bc0457ed1256f3e4231185c7ae501025cdc22ac0a4,e5b8c7c0ca3e394711f353c97100910e4cad6b4f55b0a35c8145718d2a4a56f6
knockoff_statistic_bakeoff,block,ridge,13,800,40,12,0.1,1,equi,1,ok,11,0.0,0.9166666666666666,0.0033562910102773458,approximate_plugin,0,,,3083605b5fe0cc343aa575bc0457ed1256f3e4231185c7ae501025cdc22ac0a4,dc972cb8cfc78ce42ebf3af345774c6245bed7d0858e496d0afc31670704516f
knockoff_statistic_bakeoff,block,cefsplus,13,800,40,12,0.1,1,equi,1,ok,0,0.0,0.0,0.003638499998487532,approximate_plugin,0,,,3083605b5fe0cc343aa575bc0457ed1256f3e4231185c7ae501025cdc22ac0a4,4f53cda18c2baa0c0354bb5f9a3ecbe5ed12ab4d8e11ba873c2f11161202b945
knockoff_statistic_bakeoff,block,relevance,14,800,40,12,0.1,1,equi,1,ok,10,0.0,0.8333333333333334,0.0020435830228962004,approximate_plugin,0,,,07a5bf12c01a64d8adbb2c4325120a079fe990329bd8fc6e95c471ee484cf9e2,0a68e5bb7b4803a96382f82e3bd4cb636996aef3015bb3aa6f9302121e878100
knockoff_statistic_bakeoff,block,lsm,14,800,40,12,0.1,1,equi,1,ok,10,0.0,0.8333333333333334,0.00457712501520291,approximate_plugin,0,,,07a5bf12c01a64d8adbb2c4325120a079fe990329bd8fc6e95c471ee484cf9e2,8cc7c29bb1a995a408eb4a3bf260e7c426a4938de3ad50b4cbe017f05ff2f822
knockoff_statistic_bakeoff,block,ridge,14,800,40,12,0.1,1,equi,1,ok,10,0.0,0.8333333333333334,0.004143124999245629,approximate_plugin,0,,,07a5bf12c01a64d8adbb2c4325120a079fe990329bd8fc6e95c471ee484cf9e2,ef5e9117ab2843ceccd3a4e669f41cd321343e558ddbd539f04d325f40688936
knockoff_statistic_bakeoff,block,cefsplus,14,800,40,12,0.1,1,equi,1,ok,0,0.0,0.0,0.0036416249931789935,approximate_plugin,0,,,07a5bf12c01a64d8adbb2c4325120a079fe990329bd8fc6e95c471ee484cf9e2,4f53cda18c2baa0c0354bb5f9a3ecbe5ed12ab4d8e11ba873c2f11161202b945
knockoff_statistic_bakeoff,block,relevance,15,800,40,12,0.1,1,equi,1,ok,12,0.0,1.0,0.002489250007783994,approximate_plugin,0,,,1efa6061e905a950af5f9af1a76d143e5c5a67d65778f9bcf8bcc44c24e180c3,344723a6faee7ad72e73d3b6ea7caf2f6d1d720375f5a6ba1f75dea455bf9fb5
knockoff_statistic_bakeoff,block,lsm,15,800,40,12,0.1,1,equi,1,ok,12,0.0,1.0,0.004538207984296605,approximate_plugin,0,,,1efa6061e905a950af5f9af1a76d143e5c5a67d65778f9bcf8bcc44c24e180c3,8eb3573db839911142f36267d2b1d9d27bc771e03a7dbcda764af11237ee0800
knockoff_statistic_bakeoff,block,ridge,15,800,40,12,0.1,1,equi,1,ok,11,0.0,0.9166666666666666,0.003701292007463053,approximate_plugin,0,,,1efa6061e905a950af5f9af1a76d143e5c5a67d65778f9bcf8bcc44c24e180c3,ede4c84a328c76b8815fcfffe5580ddbe0fd8682f5ad36a4bc912adf2b7b254d
knockoff_statistic_bakeoff,block,cefsplus,15,800,40,12,0.1,1,equi,1,ok,0,0.0,0.0,0.0031475420109927654,approximate_plugin,0,,,1efa6061e905a950af5f9af1a76d143e5c5a67d65778f9bcf8bcc44c24e180c3,4f53cda18c2baa0c0354bb5f9a3ecbe5ed12ab4d8e11ba873c2f11161202b945
knockoff_statistic_bakeoff,block,relevance,16,800,40,12,0.1,1,equi,1,ok,15,0.2,1.0,0.0022930419945623726,approximate_plugin,0,,,f8f1748c68c645db15f395973d65626aca7d8cd69d24e71a58b921f18fda9260,9e1d157bf2b515cffb3dafd8f6792c2cb63bc6fbb8ce8259f6f4f0841f6f70bf
knockoff_statistic_bakeoff,block,lsm,16,800,40,12,0.1,1,equi,1,ok,12,0.0,1.0,0.004438375006429851,approximate_plugin,0,,,f8f1748c68c645db15f395973d65626aca7d8cd69d24e71a58b921f18fda9260,4e8cf199c6885a3c7a8d2b8b93fc95bd568195c0b96d3f4c3cd24418ceadafed
knockoff_statistic_bakeoff,block,ridge,16,800,40,12,0.1,1,equi,1,ok,0,0.0,0.0,0.003798834019107744,approximate_plugin,0,,,f8f1748c68c645db15f395973d65626aca7d8cd69d24e71a58b921f18fda9260,4f53cda18c2baa0c0354bb5f9a3ecbe5ed12ab4d8e11ba873c2f11161202b945
knockoff_statistic_bakeoff,block,cefsplus,16,800,40,12,0.1,1,equi,1,ok,0,0.0,0.0,0.0038261669978965074,approximate_plugin,0,,,f8f1748c68c645db15f395973d65626aca7d8cd69d24e71a58b921f18fda9260,4f53cda18c2baa0c0354bb5f9a3ecbe5ed12ab4d8e11ba873c2f11161202b945
knockoff_statistic_bakeoff,block,relevance,17,800,40,12,0.1,1,equi,1,ok,13,0.07692307692307693,1.0,0.002177292015403509,approximate_plugin,0,,,db2a40f09093a837226a99b08724c915c1b8e0c49c66f65039a1f9685d2972f6,51f51faf0e76354362e554727efa066b9f3b16ba80e61fa2edb08c9c7cf16697
knockoff_statistic_bakeoff,block,lsm,17,800,40,12,0.1,1,equi,1,ok,12,0.0,1.0,0.004695209005149081,approximate_plugin,0,,,db2a40f09093a837226a99b08724c915c1b8e0c49c66f65039a1f9685d2972f6,b2cb03db5bc553aefd8cacd4590b8c4a25746af98d9e705fe6eb611ca259c151
knockoff_statistic_bakeoff,block,ridge,17,800,40,12,0.1,1,equi,1,ok,12,0.0,1.0,0.0039080829883459955,approximate_plugin,0,,,db2a40f09093a837226a99b08724c915c1b8e0c49c66f65039a1f9685d2972f6,4976dc03caaab014eacb63a16a27f9d8c5f39ae7fc5d29e4856bd7c59aa3f1a0
knockoff_statistic_bakeoff,block,cefsplus,17,800,40,12,0.1,1,equi,1,ok,0,0.0,0.0,0.0037818749842699617,approximate_plugin,0,,,db2a40f09093a837226a99b08724c915c1b8e0c49c66f65039a1f9685d2972f6,4f53cda18c2baa0c0354bb5f9a3ecbe5ed12ab4d8e11ba873c2f11161202b945
knockoff_statistic_bakeoff,block,relevance,18,800,40,12,0.1,1,equi,1,ok,12,0.0,1.0,0.002071209019050002,approximate_plugin,0,,,9dd111b762db1029f1d62bae5553c3e6a80557d15be7bcf1afa0eb8991db7e5f,ef9b96ea27cfd06eb475d635cdef8b1dd273a7edd165def15008cca5929bb23a
knockoff_statistic_bakeoff,block,lsm,18,800,40,12,0.1,1,equi,1,ok,12,0.0,1.0,0.004378082987386733,approximate_plugin,0,,,9dd111b762db1029f1d62bae5553c3e6a80557d15be7bcf1afa0eb8991db7e5f,135295fe10099474847a9b7c53744c8c58f49e2995fdf53dbd9257f846e5b36b
knockoff_statistic_bakeoff,block,ridge,18,800,40,12,0.1,1,equi,1,ok,0,0.0,0.0,0.003618874994572252,approximate_plugin,0,,,9dd111b762db1029f1d62bae5553c3e6a80557d15be7bcf1afa0eb8991db7e5f,4f53cda18c2baa0c0354bb5f9a3ecbe5ed12ab4d8e11ba873c2f11161202b945
knockoff_statistic_bakeoff,block,cefsplus,18,800,40,12,0.1,1,equi,1,ok,0,0.0,0.0,0.0033718750055413693,approximate_plugin,0,,,9dd111b762db1029f1d62bae5553c3e6a80557d15be7bcf1afa0eb8991db7e5f,4f53cda18c2baa0c0354bb5f9a3ecbe5ed12ab4d8e11ba873c2f11161202b945
knockoff_statistic_bakeoff,block,relevance,19,800,40,12,0.1,1,equi,1,ok,12,0.0,1.0,0.0022567920095752925,approximate_plugin,0,,,af341f094a9143d1214755a127f1d79fb375288240deab2b44d69509ccadb65d,ae1d353bc7d51fc594195d2bbb02b024ddb61d889e447a28f2a3518bd44ade23
knockoff_statistic_bakeoff,block,lsm,19,800,40,12,0.1,1,equi,1,ok,12,0.0,1.0,0.004467375023523346,approximate_plugin,0,,,af341f094a9143d1214755a127f1d79fb375288240deab2b44d69509ccadb65d,e7585f515419b343149baba0fc6509fa0c542fc1521584a366c8aa42c4612e64
knockoff_statistic_bakeoff,block,ridge,19,800,40,12,0.1,1,equi,1,ok,0,0.0,0.0,0.003453209006693214,approximate_plugin,0,,,af341f094a9143d1214755a127f1d79fb375288240deab2b44d69509ccadb65d,4f53cda18c2baa0c0354bb5f9a3ecbe5ed12ab4d8e11ba873c2f11161202b945
knockoff_statistic_bakeoff,block,cefsplus,19,800,40,12,0.1,1,equi,1,ok,0,0.0,0.0,0.0035246250045020133,approximate_plugin,0,,,af341f094a9143d1214755a127f1d79fb375288240deab2b44d69509ccadb65d,4f53cda18c2baa0c0354bb5f9a3ecbe5ed12ab4d8e11ba873c2f11161202b945
knockoff_statistic_bakeoff,block,relevance,20,800,40,12,0.1,1,equi,1,ok,12,0.0,1.0,0.002322750020539388,approximate_plugin,0,,,04bbf9c0eaf95fe659a1e338e0194f4aa9bdf07d1886174a2de1a2e974dc9c3b,4d58f80918a85c6858e83f6b04a948a82779d2a826dd665b9196b00cc9c07331
knockoff_statistic_bakeoff,block,lsm,20,800,40,12,0.1,1,equi,1,ok,12,0.0,1.0,0.004574624996166676,approximate_plugin,0,,,04bbf9c0eaf95fe659a1e338e0194f4aa9bdf07d1886174a2de1a2e974dc9c3b,076c541d4df0e787d462398e12048f62466118b182caf312a35a3d7de695c6ca
knockoff_statistic_bakeoff,block,ridge,20,800,40,12,0.1,1,equi,1,ok,10,0.0,0.8333333333333334,0.0036242920032236725,approximate_plugin,0,,,04bbf9c0eaf95fe659a1e338e0194f4aa9bdf07d1886174a2de1a2e974dc9c3b,3b44d19da5e14c0240a59282557c20ff1776e6d46b95ee95d02bc25525d040b7
knockoff_statistic_bakeoff,block,cefsplus,20,800,40,12,0.1,1,equi,1,ok,0,0.0,0.0,0.0034815830003935844,approximate_plugin,0,,,04bbf9c0eaf95fe659a1e338e0194f4aa9bdf07d1886174a2de1a2e974dc9c3b,4f53cda18c2baa0c0354bb5f9a3ecbe5ed12ab4d8e11ba873c2f11161202b945
knockoff_statistic_bakeoff,block,relevance,21,800,40,12,0.1,1,equi,1,ok,12,0.0,1.0,0.002185292018111795,approximate_plugin,0,,,a94f761eec07d52c6dcf93cd901dabe2da8d76cec1c67c11cdcd9ec9db2c5dcc,43fdafb2ecc31c127d567a9bb5b0f11b50b685e182bef66481726fe90a3db42d
knockoff_statistic_bakeoff,block,lsm,21,800,40,12,0.1,1,equi,1,ok,12,0.0,1.0,0.004565999988699332,approximate_plugin,0,,,a94f761eec07d52c6dcf93cd901dabe2da8d76cec1c67c11cdcd9ec9db2c5dcc,e5b5ea998096da3ad3078bd41a509e03dbfb33c060b437266f0d44d340a4ebb1
knockoff_statistic_bakeoff,block,ridge,21,800,40,12,0.1,1,equi,1,ok,11,0.0,0.9166666666666666,0.0035388339892961085,approximate_plugin,0,,,a94f761eec07d52c6dcf93cd901dabe2da8d76cec1c67c11cdcd9ec9db2c5dcc,9888463534e8b228a9936e7e3bef31e80d602a3cdc51d132b8d11b6f0fd27ff4
knockoff_statistic_bakeoff,block,cefsplus,21,800,40,12,0.1,1,equi,1,ok,0,0.0,0.0,0.0031213329930324107,approximate_plugin,0,,,a94f761eec07d52c6dcf93cd901dabe2da8d76cec1c67c11cdcd9ec9db2c5dcc,4f53cda18c2baa0c0354bb5f9a3ecbe5ed12ab4d8e11ba873c2f11161202b945
knockoff_statistic_bakeoff,block,relevance,22,800,40,12,0.1,1,equi,1,ok,12,0.0,1.0,0.002094290975946933,approximate_plugin,0,,,da5a1e0ec23e6dfd46e07fac0b00847cf2e54e17d40bf3801d9945efb5eefefa,44115c212bb24437c23b5457af9ef0e75e1d410b3bce6098a3e4933fe84709d0
knockoff_statistic_bakeoff,block,lsm,22,800,40,12,0.1,1,equi,1,ok,12,0.0,1.0,0.005051374988397583,approximate_plugin,0,,,da5a1e0ec23e6dfd46e07fac0b00847cf2e54e17d40bf3801d9945efb5eefefa,d97daeb536109ffb6a47fb7b2cafe3ae7bf2ed4820e7b7636aa62b111413804a
knockoff_statistic_bakeoff,block,ridge,22,800,40,12,0.1,1,equi,1,ok,10,0.0,0.8333333333333334,0.0034136670001316816,approximate_plugin,0,,,da5a1e0ec23e6dfd46e07fac0b00847cf2e54e17d40bf3801d9945efb5eefefa,2cb1bf964dba263a1c870b40cf681f9524eddf6156070211f184b6a39c36674d
knockoff_statistic_bakeoff,block,cefsplus,22,800,40,12,0.1,1,equi,1,ok,0,0.0,0.0,0.003002707991981879,approximate_plugin,0,,,da5a1e0ec23e6dfd46e07fac0b00847cf2e54e17d40bf3801d9945efb5eefefa,4f53cda18c2baa0c0354bb5f9a3ecbe5ed12ab4d8e11ba873c2f11161202b945
knockoff_statistic_bakeoff,block,relevance,23,800,40,12,0.1,1,equi,1,ok,13,0.07692307692307693,1.0,0.0024606659717392176,approximate_plugin,0,,,66f76a7fec4727d02a1392c3753ccf9ea237f1cc59104f69164840126ff0eced,283bd0cdd7579dccad7c37b3e054be13259755cc6ef98e29c009f0290bfa5a74
knockoff_statistic_bakeoff,block,lsm,23,800,40,12,0.1,1,equi,1,ok,12,0.0,1.0,0.004763874982018024,approximate_plugin,0,,,66f76a7fec4727d02a1392c3753ccf9ea237f1cc59104f69164840126ff0eced,3e1f3e44f7a7add1cdcf20f4f4ec7e632a85f1a1830d02e830b93ab9db834e88
knockoff_statistic_bakeoff,block,ridge,23,800,40,12,0.1,1,equi,1,ok,10,0.0,0.8333333333333334,0.0037622090021613985,approximate_plugin,0,,,66f76a7fec4727d02a1392c3753ccf9ea237f1cc59104f69164840126ff0eced,16fa0ee8842bf97e23f912d6045f774287121afa7404e6632568c2db1ae54c10
knockoff_statistic_bakeoff,block,cefsplus,23,800,40,12,0.1,1,equi,1,ok,0,0.0,0.0,0.00351054102065973,approximate_plugin,0,,,66f76a7fec4727d02a1392c3753ccf9ea237f1cc59104f69164840126ff0eced,4f53cda18c2baa0c0354bb5f9a3ecbe5ed12ab4d8e11ba873c2f11161202b945
knockoff_statistic_bakeoff,block,relevance,24,800,40,12,0.1,1,equi,1,ok,12,0.08333333333333333,0.9166666666666666,0.002184791985200718,approximate_plugin,0,,,187eefe3c19071bb69cf429f227afaff37efc99b77ea9840aa3fb3ed198406ea,3e1299c350d6fcc81db735f1bfae34050607812045061fbabbff6ac1005741e4
knockoff_statistic_bakeoff,block,lsm,24,800,40,12,0.1,1,equi,1,ok,12,0.0,1.0,0.004672583017963916,approximate_plugin,0,,,187eefe3c19071bb69cf429f227afaff37efc99b77ea9840aa3fb3ed198406ea,7125f68d69c15498418aabaeb33db5f1b56d38c6c93c4efaae1bdddb67535cab
knockoff_statistic_bakeoff,block,ridge,24,800,40,12,0.1,1,equi,1,ok,0,0.0,0.0,0.00374850002117455,approximate_plugin,0,,,187eefe3c19071bb69cf429f227afaff37efc99b77ea9840aa3fb3ed198406ea,4f53cda18c2baa0c0354bb5f9a3ecbe5ed12ab4d8e11ba873c2f11161202b945
knockoff_statistic_bakeoff,block,cefsplus,24,800,40,12,0.1,1,equi,1,ok,0,0.0,0.0,0.003698040993185714,approximate_plugin,0,,,187eefe3c19071bb69cf429f227afaff37efc99b77ea9840aa3fb3ed198406ea,4f53cda18c2baa0c0354bb5f9a3ecbe5ed12ab4d8e11ba873c2f11161202b945
knockoff_statistic_bakeoff,block,relevance,25,800,40,12,0.1,1,equi,1,ok,13,0.07692307692307693,1.0,0.0022689590114168823,approximate_plugin,0,,,633ed2f40fe060b65ae1e72ea09d8b786a93703161f00b8e2161de44244ed247,c9566eb13656381fb625332b70b744c1b1d1f6f673507df254188ba2990737ef
knockoff_statistic_bakeoff,block,lsm,25,800,40,12,0.1,1,equi,1,ok,12,0.0,1.0,0.004720124998129904,approximate_plugin,0,,,633ed2f40fe060b65ae1e72ea09d8b786a93703161f00b8e2161de44244ed247,791f70834577ffd67885d00b954fd6afdc60f117565611ff7708c2d1273edff6
knockoff_statistic_bakeoff,block,ridge,25,800,40,12,0.1,1,equi,1,ok,0,0.0,0.0,0.003947958000935614,approximate_plugin,0,,,633ed2f40fe060b65ae1e72ea09d8b786a93703161f00b8e2161de44244ed247,4f53cda18c2baa0c0354bb5f9a3ecbe5ed12ab4d8e11ba873c2f11161202b945
knockoff_statistic_bakeoff,block,cefsplus,25,800,40,12,0.1,1,equi,1,ok,0,0.0,0.0,0.003696708008646965,approximate_plugin,0,,,633ed2f40fe060b65ae1e72ea09d8b786a93703161f00b8e2161de44244ed247,4f53cda18c2baa0c0354bb5f9a3ecbe5ed12ab4d8e11ba873c2f11161202b945
knockoff_statistic_bakeoff,block,relevance,26,800,40,12,0.1,1,equi,1,ok,12,0.08333333333333333,0.9166666666666666,0.0019925410160794854,approximate_plugin,0,,,bd2dae3e56ea9aaa8a30570a7aa26b02430982cf243586544bfc2e63e3df122e,7410d5ad3d042803f8fd57885d90bf2e5cfb05153023accea1cf35815230b0c1
knockoff_statistic_bakeoff,block,lsm,26,800,40,12,0.1,1,equi,1,ok,0,0.0,0.0,0.0047759999870322645,approximate_plugin,0,,,bd2dae3e56ea9aaa8a30570a7aa26b02430982cf243586544bfc2e63e3df122e,4f53cda18c2baa0c0354bb5f9a3ecbe5ed12ab4d8e11ba873c2f11161202b945
knockoff_statistic_bakeoff,block,ridge,26,800,40,12,0.1,1,equi,1,ok,10,0.0,0.8333333333333334,0.003343874996062368,approximate_plugin,0,,,bd2dae3e56ea9aaa8a30570a7aa26b02430982cf243586544bfc2e63e3df122e,27c5bb73412ffeaabaab93c64281e804748989bc250d69681777156e88777b5f
knockoff_statistic_bakeoff,block,cefsplus,26,800,40,12,0.1,1,equi,1,ok,0,0.0,0.0,0.0036096669791731983,approximate_plugin,0,,,bd2dae3e56ea9aaa8a30570a7aa26b02430982cf243586544bfc2e63e3df122e,4f53cda18c2baa0c0354bb5f9a3ecbe5ed12ab4d8e11ba873c2f11161202b945
knockoff_statistic_bakeoff,block,relevance,27,800,40,12,0.1,1,equi,1,ok,12,0.0,1.0,0.0021394159994088113,approximate_plugin,0,,,d8784bce7818535fb105e4c2bca85c3ca37f6cf69dd2691db1cf64afb4976135,811a418da71b7a76442ee43935aee99c2550c612863b321378cd5164c7545b01
knockoff_statistic_bakeoff,block,lsm,27,800,40,12,0.1,1,equi,1,ok,11,0.0,0.9166666666666666,0.00470754099660553,approximate_plugin,0,,,d8784bce7818535fb105e4c2bca85c3ca37f6cf69dd2691db1cf64afb4976135,0a549d16fccbb1fff4d1e9667304460daa64c56212a6c11e5a119c78e260a1b6
knockoff_statistic_bakeoff,block,ridge,27,800,40,12,0.1,1,equi,1,ok,0,0.0,0.0,0.0035478330100886524,approximate_plugin,0,,,d8784bce7818535fb105e4c2bca85c3ca37f6cf69dd2691db1cf64afb4976135,4f53cda18c2baa0c0354bb5f9a3ecbe5ed12ab4d8e11ba873c2f11161202b945
knockoff_statistic_bakeoff,block,cefsplus,27,800,40,12,0.1,1,equi,1,ok,0,0.0,0.0,0.003476125013548881,approximate_plugin,0,,,d8784bce7818535fb105e4c2bca85c3ca37f6cf69dd2691db1cf64afb4976135,4f53cda18c2baa0c0354bb5f9a3ecbe5ed12ab4d8e11ba873c2f11161202b945
knockoff_statistic_bakeoff,block,relevance,28,800,40,12,0.1,1,equi,1,ok,15,0.2,1.0,0.002252542006317526,approximate_plugin,0,,,502ff3fbb035de7473bb8993a669294790167f30f2247cfc4f942847e5359fb4,7b63db9f637b36966ab5c052db423ff6536b04b46bde8f9bc989452e96f925b8
knockoff_statistic_bakeoff,block,lsm,28,800,40,12,0.1,1,equi,1,ok,12,0.0,1.0,0.004992666014004499,approximate_plugin,0,,,502ff3fbb035de7473bb8993a669294790167f30f2247cfc4f942847e5359fb4,a8a35f258ecd6dc06839bd8a7cb5d4ac2e0050a73964f7381aa0478a991e80b2
knockoff_statistic_bakeoff,block,ridge,28,800,40,12,0.1,1,equi,1,ok,11,0.0,0.9166666666666666,0.003505708009470254,approximate_plugin,0,,,502ff3fbb035de7473bb8993a669294790167f30f2247cfc4f942847e5359fb4,b411b56d818019f3a694ffdb886c1dbc7ba2d76a2584161cd18f0c9cf803d868
knockoff_statistic_bakeoff,block,cefsplus,28,800,40,12,0.1,1,equi,1,ok,0,0.0,0.0,0.0040120000194292516,approximate_plugin,0,,,502ff3fbb035de7473bb8993a669294790167f30f2247cfc4f942847e5359fb4,4f53cda18c2baa0c0354bb5f9a3ecbe5ed12ab4d8e11ba873c2f11161202b945
knockoff_statistic_bakeoff,block,relevance,29,800,40,12,0.1,1,equi,1,ok,10,0.0,0.8333333333333334,0.002189833001466468,approximate_plugin,0,,,da70ffc16b8d196dd128ab5c8a3ae72ef7dc19c8dfe719f5714133d0b1218e02,be797106a0c9bc5b0b7753fe3ce6a3404226f18ceb3af975bcb94208efd1979d
knockoff_statistic_bakeoff,block,lsm,29,800,40,12,0.1,1,equi,1,ok,10,0.0,0.8333333333333334,0.0048857079818844795,approximate_plugin,0,,,da70ffc16b8d196dd128ab5c8a3ae72ef7dc19c8dfe719f5714133d0b1218e02,23ef0cecc4f6325099005b5343a36d0405f530bb2a1abdeac0093901eae28346
knockoff_statistic_bakeoff,block,ridge,29,800,40,12,0.1,1,equi,1,ok,0,0.0,0.0,0.003955624997615814,approximate_plugin,0,,,da70ffc16b8d196dd128ab5c8a3ae72ef7dc19c8dfe719f5714133d0b1218e02,4f53cda18c2baa0c0354bb5f9a3ecbe5ed12ab4d8e11ba873c2f11161202b945
knockoff_statistic_bakeoff,block,cefsplus,29,800,40,12,0.1,1,equi,1,ok,0,0.0,0.0,0.0037216669879853725,approximate_plugin,0,,,da70ffc16b8d196dd128ab5c8a3ae72ef7dc19c8dfe719f5714133d0b1218e02,4f53cda18c2baa0c0354bb5f9a3ecbe5ed12ab4d8e11ba873c2f11161202b945
knockoff_statistic_bakeoff,dense_weak,relevance,0,800,40,20,0.1,1,equi,1,ok,20,0.0,1.0,0.002558708016294986,approximate_plugin,0,,,7fbc0fabeb9c9dc87b3e53ef3cd4f6767107af67303efdf09d5dd7329c3bb3c3,3294b036e1a3c6c4775197bfcd5fa2e796329d6f06171b26ee147759333ae1da
knockoff_statistic_bakeoff,dense_weak,lsm,0,800,40,20,0.1,1,equi,1,ok,20,0.0,1.0,0.004499417002080008,approximate_plugin,0,,,7fbc0fabeb9c9dc87b3e53ef3cd4f6767107af67303efdf09d5dd7329c3bb3c3,d6e67073e287fee907e289d817cdae175c8aee84eef56d3b33e5822e14cabb16
knockoff_statistic_bakeoff,dense_weak,ridge,0,800,40,20,0.1,1,equi,1,ok,20,0.0,1.0,0.0035647089825943112,approximate_plugin,0,,,7fbc0fabeb9c9dc87b3e53ef3cd4f6767107af67303efdf09d5dd7329c3bb3c3,7fc31eb00c9c39c71c4c97c023c92128e7c064ef734abde1f9f9106a5fa1310e
knockoff_statistic_bakeoff,dense_weak,cefsplus,0,800,40,20,0.1,1,equi,1,ok,20,0.0,1.0,0.005397958011599258,approximate_plugin,0,,,7fbc0fabeb9c9dc87b3e53ef3cd4f6767107af67303efdf09d5dd7329c3bb3c3,ecf0ab0fcbbb83065a39df064cd7b647aad742ff5d22c959660c25fcf1544c31
knockoff_statistic_bakeoff,dense_weak,relevance,1,800,40,20,0.1,1,equi,1,ok,20,0.0,1.0,0.0020336250017862767,approximate_plugin,0,,,7a7abc4020acaea345a256fb886b37e2043a9f900510a640b4544093b3ae92c5,5f77200fa3e0525ed2c82a1f5333177ae4a3b03db44e7ee9ce0cac5c5f1dae6d
knockoff_statistic_bakeoff,dense_weak,lsm,1,800,40,20,0.1,1,equi,1,ok,20,0.0,1.0,0.004505207994952798,approximate_plugin,0,,,7a7abc4020acaea345a256fb886b37e2043a9f900510a640b4544093b3ae92c5,63b95fe5997faf6592eefdf937445839bbcbf218a0a9fc3be04a01a268dd018b
knockoff_statistic_bakeoff,dense_weak,ridge,1,800,40,20,0.1,1,equi,1,ok,20,0.0,1.0,0.003769167000427842,approximate_plugin,0,,,7a7abc4020acaea345a256fb886b37e2043a9f900510a640b4544093b3ae92c5,b295f89bbac404240b0ced336fea87323f2a62d48d440439e6690edd3b896e15
knockoff_statistic_bakeoff,dense_weak,cefsplus,1,800,40,20,0.1,1,equi,1,ok,17,0.0,0.85,0.005144291993929073,approximate_plugin,0,,,7a7abc4020acaea345a256fb886b37e2043a9f900510a640b4544093b3ae92c5,858dbff80e18abd1a54e9d515914d5c8be5f0d73609006203feea2e4ef5661b9
knockoff_statistic_bakeoff,dense_weak,relevance,2,800,40,20,0.1,1,equi,1,ok,20,0.0,1.0,0.0028479580068960786,approximate_plugin,0,,,2a36b4d7163aa07358b15fef2d47390b59faa5d04dc06d0cf8d7c217774b194b,b23ed233f952a0186140a990b5afb40bb068ba3e04dee678d2f6f82f6cb50494
knockoff_statistic_bakeoff,dense_weak,lsm,2,800,40,20,0.1,1,equi,1,ok,20,0.0,1.0,0.0045642499753739685,approximate_plugin,0,,,2a36b4d7163aa07358b15fef2d47390b59faa5d04dc06d0cf8d7c217774b194b,4e4ddee03210d3b3cc1d69ee791437967b3c65bdb47bd3dd1df49812de4288b9
knockoff_statistic_bakeoff,dense_weak,ridge,2,800,40,20,0.1,1,equi,1,ok,20,0.0,1.0,0.0033217079762835056,approximate_plugin,0,,,2a36b4d7163aa07358b15fef2d47390b59faa5d04dc06d0cf8d7c217774b194b,984ae129ec72fabdecf86a7ca51ee39c34e14efca4a2b812704013c487beb62a
knockoff_statistic_bakeoff,dense_weak,cefsplus,2,800,40,20,0.1,1,equi,1,ok,20,0.0,1.0,0.005392666003899649,approximate_plugin,0,,,2a36b4d7163aa07358b15fef2d47390b59faa5d04dc06d0cf8d7c217774b194b,67491a9aad1813552f968251f19c7cd8159a545de8c6175c5aa1020b78bd7e03
knockoff_statistic_bakeoff,dense_weak,relevance,3,800,40,20,0.1,1,equi,1,ok,20,0.0,1.0,0.0020758750033564866,approximate_plugin,0,,,bfd9e267aec3410ed2b7dc402b6f767909d231f89e006524ae85bec16797661d,b987e0dfe09a2a9f75b36be14061a87eda273fa7621dad646b0ba95514e0da1a
knockoff_statistic_bakeoff,dense_weak,lsm,3,800,40,20,0.1,1,equi,1,ok,20,0.0,1.0,0.004290750017389655,approximate_plugin,0,,,bfd9e267aec3410ed2b7dc402b6f767909d231f89e006524ae85bec16797661d,7315d646d90cef6484221ec768bc9449e79e9c3e9e45a9d3d0a65b826e36a7ac
knockoff_statistic_bakeoff,dense_weak,ridge,3,800,40,20,0.1,1,equi,1,ok,20,0.0,1.0,0.003770250012166798,approximate_plugin,0,,,bfd9e267aec3410ed2b7dc402b6f767909d231f89e006524ae85bec16797661d,c1e78c58e3f4a2b26ef30fc2473adc21f3594bffde3fff06d81f5f25c3ea5170
knockoff_statistic_bakeoff,dense_weak,cefsplus,3,800,40,20,0.1,1,equi,1,ok,20,0.0,1.0,0.005378833011491224,approximate_plugin,0,,,bfd9e267aec3410ed2b7dc402b6f767909d231f89e006524ae85bec16797661d,040d4adf6d660ebd3a24c6471605928c654db0f3a8dae39ae4e44758e1093bf6
knockoff_statistic_bakeoff,dense_weak,relevance,4,800,40,20,0.1,1,equi,1,ok,22,0.09090909090909091,1.0,0.001996582985157147,approximate_plugin,0,,,106c344ac8477109fc0f08e75349ce4aae00d44995ec2c957c78e269ddaf58a0,52c8f508306e881657f2290cd5e6e382e200e79af015cbd52d29d7713095191c
knockoff_statistic_bakeoff,dense_weak,lsm,4,800,40,20,0.1,1,equi,1,ok,20,0.0,1.0,0.004601624998031184,approximate_plugin,0,,,106c344ac8477109fc0f08e75349ce4aae00d44995ec2c957c78e269ddaf58a0,002bac6ec694c04c09f55fbb23f420d970ccfde9fbd54e70f6e89a8704e69f04
knockoff_statistic_bakeoff,dense_weak,ridge,4,800,40,20,0.1,1,equi,1,ok,21,0.047619047619047616,1.0,0.003639000002294779,approximate_plugin,0,,,106c344ac8477109fc0f08e75349ce4aae00d44995ec2c957c78e269ddaf58a0,ff69074950dd96ba7e25397e470a3f95bf02483c9a6c6217e854ceec34ba4a2b
knockoff_statistic_bakeoff,dense_weak,cefsplus,4,800,40,20,0.1,1,equi,1,ok,19,0.0,0.95,0.005400708992965519,approximate_plugin,0,,,106c344ac8477109fc0f08e75349ce4aae00d44995ec2c957c78e269ddaf58a0,e2e48b614f330f30e86b51dd0114e77d061082644946e194c5edab4f73d2e65b
knockoff_statistic_bakeoff,dense_weak,relevance,5,800,40,20,0.1,1,equi,1,ok,21,0.047619047619047616,1.0,0.0023975420044735074,approximate_plugin,0,,,0cfcf613770ab0b9550fa945a153fdb03265afdb10720ceba93e708f60d3098a,fc026f7003864094186d394fc092cd68837ced16db6c7cf859bea9b4ba7a4a91
knockoff_statistic_bakeoff,dense_weak,lsm,5,800,40,20,0.1,1,equi,1,ok,20,0.0,1.0,0.004537790984613821,approximate_plugin,0,,,0cfcf613770ab0b9550fa945a153fdb03265afdb10720ceba93e708f60d3098a,42e75e9bc2e86b7fbb301c87b7b1eba2a3bdab8ea05b33a9311c75eb9b7972f7
knockoff_statistic_bakeoff,dense_weak,ridge,5,800,40,20,0.1,1,equi,1,ok,20,0.0,1.0,0.003832791990134865,approximate_plugin,0,,,0cfcf613770ab0b9550fa945a153fdb03265afdb10720ceba93e708f60d3098a,b72710a81afb6576d26741de3796d38932da33b86978c765cda4639826931842
knockoff_statistic_bakeoff,dense_weak,cefsplus,5,800,40,20,0.1,1,equi,1,ok,20,0.0,1.0,0.005198875005589798,approximate_plugin,0,,,0cfcf613770ab0b9550fa945a153fdb03265afdb10720ceba93e708f60d3098a,901b22edcb28226a0d1cff714f8b1513b2bc719f52e1f45110cad23d296f3ea2
knockoff_statistic_bakeoff,dense_weak,relevance,6,800,40,20,0.1,1,equi,1,ok,21,0.047619047619047616,1.0,0.002041749976342544,approximate_plugin,0,,,6602c8c135b0c46db9662db6679021a07b31aab2497f3ef8ad80ee67ed6faee6,55c51db16711c562258d2ac50b595527ce0435d9d799fb6d7b51065e66f5ed1e
knockoff_statistic_bakeoff,dense_weak,lsm,6,800,40,20,0.1,1,equi,1,ok,20,0.0,1.0,0.00466700000106357,approximate_plugin,0,,,6602c8c135b0c46db9662db6679021a07b31aab2497f3ef8ad80ee67ed6faee6,352d61aa04ebe79fbffbc5901a827666a1d94577c681520526432851bf302778
knockoff_statistic_bakeoff,dense_weak,ridge,6,800,40,20,0.1,1,equi,1,ok,20,0.0,1.0,0.003555750008672476,approximate_plugin,0,,,6602c8c135b0c46db9662db6679021a07b31aab2497f3ef8ad80ee67ed6faee6,afaca064403f08ba82f7f310345e2171dc3a57fc7a7f5a9ca21f6fdde8fb9423
knockoff_statistic_bakeoff,dense_weak,cefsplus,6,800,40,20,0.1,1,equi,1,ok,20,0.0,1.0,0.005203708977205679,approximate_plugin,0,,,6602c8c135b0c46db9662db6679021a07b31aab2497f3ef8ad80ee67ed6faee6,e2d487a1acfee34109ba8bad3657651b5755beefe1a4a89a65acf37c33a818e9
knockoff_statistic_bakeoff,dense_weak,relevance,7,800,40,20,0.1,1,equi,1,ok,22,0.09090909090909091,1.0,0.0022537919867318124,approximate_plugin,0,,,a4745a7210c827c3cfb1b47b6eaf6142a7a5828440e666e6d2c56a4ce42da5de,d2dfbca48d3088551b6674c86fead8c1ae525d079dd1aeae735185d41f349183
knockoff_statistic_bakeoff,dense_weak,lsm,7,800,40,20,0.1,1,equi,1,ok,20,0.0,1.0,0.0045809590083081275,approximate_plugin,0,,,a4745a7210c827c3cfb1b47b6eaf6142a7a5828440e666e6d2c56a4ce42da5de,42433b28948316498c607209fd8d32a750e519fc16b52bda4af386245fabd9b2
knockoff_statistic_bakeoff,dense_weak,ridge,7,800,40,20,0.1,1,equi,1,ok,20,0.0,1.0,0.0037392500089481473,approximate_plugin,0,,,a4745a7210c827c3cfb1b47b6eaf6142a7a5828440e666e6d2c56a4ce42da5de,c51f21003b488fb940d51c224eec24cfaceda16eea19790bfe4ab289976a0e6c
knockoff_statistic_bakeoff,dense_weak,cefsplus,7,800,40,20,0.1,1,equi,1,ok,20,0.0,1.0,0.005867999978363514,approximate_plugin,0,,,a4745a7210c827c3cfb1b47b6eaf6142a7a5828440e666e6d2c56a4ce42da5de,fde3b0a9db4a1e3e803329b2ef656f1c6d260cdcf3d31613bd2a5b85139fa2b3
knockoff_statistic_bakeoff,dense_weak,relevance,8,800,40,20,0.1,1,equi,1,ok,20,0.0,1.0,0.0020100419933442026,approximate_plugin,0,,,8764b0480a64d19fad4e2ff4f316a6b6fe774bb4a97cc3c7e32b0bc9e1ab8a71,1abc70ccb2cbcc158dfc30d3b04107005123e208dcac7f85f05dfd41e20e78db
knockoff_statistic_bakeoff,dense_weak,lsm,8,800,40,20,0.1,1,equi,1,ok,20,0.0,1.0,0.004486125020775944,approximate_plugin,0,,,8764b0480a64d19fad4e2ff4f316a6b6fe774bb4a97cc3c7e32b0bc9e1ab8a71,e58279378342c712000ac41cce2d95965bd21e39d080cd52601d5cca6642388b
knockoff_statistic_bakeoff,dense_weak,ridge,8,800,40,20,0.1,1,equi,1,ok,20,0.0,1.0,0.004586791998008266,approximate_plugin,0,,,8764b0480a64d19fad4e2ff4f316a6b6fe774bb4a97cc3c7e32b0bc9e1ab8a71,ad1f1e56ce4a3a270a31ff35e7a4a07d0954f16e09bae0412764568f3b5c198a
knockoff_statistic_bakeoff,dense_weak,cefsplus,8,800,40,20,0.1,1,equi,1,ok,20,0.0,1.0,0.005498374986927956,approximate_plugin,0,,,8764b0480a64d19fad4e2ff4f316a6b6fe774bb4a97cc3c7e32b0bc9e1ab8a71,d50243696e5651bf6ebd16ca2fec0bb6a48c8e94fd4679bf919132be1846e712
knockoff_statistic_bakeoff,dense_weak,relevance,9,800,40,20,0.1,1,equi,1,ok,20,0.0,1.0,0.0025759999989531934,approximate_plugin,0,,,a8d62f9b5dc1d178b2589cc4cbcc874ce33024b4e40b2eb785a7d6bb9056acf4,68e2ab17c68b337030c5bdf5bc4084597a843eb3d9fefd1aa003ab7f4bb39dda
knockoff_statistic_bakeoff,dense_weak,lsm,9,800,40,20,0.1,1,equi,1,ok,20,0.0,1.0,0.005547667009523138,approximate_plugin,0,,,a8d62f9b5dc1d178b2589cc4cbcc874ce33024b4e40b2eb785a7d6bb9056acf4,c342779b3ce8872f7e56cfc6585a570c854ac1209871893255d436ecb68ad7bb
knockoff_statistic_bakeoff,dense_weak,ridge,9,800,40,20,0.1,1,equi,1,ok,20,0.0,1.0,0.00368458399316296,approximate_plugin,0,,,a8d62f9b5dc1d178b2589cc4cbcc874ce33024b4e40b2eb785a7d6bb9056acf4,ad5e5c87d4c6c8175e5db3186f4f7452da7f995f5540cde7c8584fe48cc12d7f
knockoff_statistic_bakeoff,dense_weak,cefsplus,9,800,40,20,0.1,1,equi,1,ok,20,0.0,1.0,0.005561666999710724,approximate_plugin,0,,,a8d62f9b5dc1d178b2589cc4cbcc874ce33024b4e40b2eb785a7d6bb9056acf4,5eb741d50b894b80412f29365d459db462e94d842fcf8a83ce43dac5a8c10ab9
knockoff_statistic_bakeoff,dense_weak,relevance,10,800,40,20,0.1,1,equi,1,ok,20,0.0,1.0,0.002161749987863004,approximate_plugin,0,,,34bf3000d74510bec4fe773316131acae01a0642302758f2e9f1c559d6eb7f2b,f2e2411a4740ee751fefad173bfd5449779fedab7e0faa5f713c257ed8848060
knockoff_statistic_bakeoff,dense_weak,lsm,10,800,40,20,0.1,1,equi,1,ok,20,0.0,1.0,0.004701917001511902,approximate_plugin,0,,,34bf3000d74510bec4fe773316131acae01a0642302758f2e9f1c559d6eb7f2b,a0f2eef5dc3d9609c602c9b01d7efd44f45bdd21b9cfcb7d0f6778b71468aab4
knockoff_statistic_bakeoff,dense_weak,ridge,10,800,40,20,0.1,1,equi,1,ok,20,0.0,1.0,0.0036834579950664192,approximate_plugin,0,,,34bf3000d74510bec4fe773316131acae01a0642302758f2e9f1c559d6eb7f2b,4d5f65bf7065b4f92f9450ca150438f90370a37399de663cb0a7515af4d6a104
knockoff_statistic_bakeoff,dense_weak,cefsplus,10,800,40,20,0.1,1,equi,1,ok,17,0.0,0.85,0.0050884580123238266,approximate_plugin,0,,,34bf3000d74510bec4fe773316131acae01a0642302758f2e9f1c559d6eb7f2b,ae6f75575dd6e96346005981deaea054fe1927dde79e0a75bcbf03c38f40a078
knockoff_statistic_bakeoff,dense_weak,relevance,11,800,40,20,0.1,1,equi,1,ok,22,0.09090909090909091,1.0,0.0021543340117204934,approximate_plugin,0,,,e15ca5d5b16cc8fba7d95c0172d7c5b5741a1f30d1fcfd6da45460544a6328a7,0857c0f235d62060c184d4c9dd623278f66ff31915e7014bdb85c75fa48b4b23
knockoff_statistic_bakeoff,dense_weak,lsm,11,800,40,20,0.1,1,equi,1,ok,20,0.0,1.0,0.004479041002923623,approximate_plugin,0,,,e15ca5d5b16cc8fba7d95c0172d7c5b5741a1f30d1fcfd6da45460544a6328a7,b9f5b33b3a16635c7a45d4746ca3a6ed0b00069760c4df0fae8f0beb4241d28e
knockoff_statistic_bakeoff,dense_weak,ridge,11,800,40,20,0.1,1,equi,1,ok,20,0.0,1.0,0.0036643750208895653,approximate_plugin,0,,,e15ca5d5b16cc8fba7d95c0172d7c5b5741a1f30d1fcfd6da45460544a6328a7,84aefda956845ea28826fea351a46e4a2f33ef0d3f2db514ae0557762cab78f5
knockoff_statistic_bakeoff,dense_weak,cefsplus,11,800,40,20,0.1,1,equi,1,ok,20,0.0,1.0,0.00496141699841246,approximate_plugin,0,,,e15ca5d5b16cc8fba7d95c0172d7c5b5741a1f30d1fcfd6da45460544a6328a7,3fa62341ad1ec258b72a72d4ab9d5b44e44bfb830872de56b8714bbbdfbb9ad2
knockoff_statistic_bakeoff,dense_weak,relevance,12,800,40,20,0.1,1,equi,1,ok,20,0.0,1.0,0.002072917006444186,approximate_plugin,0,,,4a264e7f221e8fabf191e74c577c5216fb94838c4f19e148354560835381a977,fc728089c6bb904022e60f050f0fe0b213a68cd5c3bac39431d5b8f373706336
knockoff_statistic_bakeoff,dense_weak,lsm,12,800,40,20,0.1,1,equi,1,ok,20,0.0,1.0,0.004629917006241158,approximate_plugin,0,,,4a264e7f221e8fabf191e74c577c5216fb94838c4f19e148354560835381a977,42055589ca65de126f65d4ce15061ea91b50782d351b066fa484f4dee9866f25
knockoff_statistic_bakeoff,dense_weak,ridge,12,800,40,20,0.1,1,equi,1,ok,19,0.0,0.95,0.003871749999234453,approximate_plugin,0,,,4a264e7f221e8fabf191e74c577c5216fb94838c4f19e148354560835381a977,0b473b29e7448ac3affb8305a982b3856fe351bb39de67e03033f7494cf240e6
knockoff_statistic_bakeoff,dense_weak,cefsplus,12,800,40,20,0.1,1,equi,1,ok,18,0.0,0.9,0.00534983299439773,approximate_plugin,0,,,4a264e7f221e8fabf191e74c577c5216fb94838c4f19e148354560835381a977,8e705aae1febed0656fd461cf2509495e2e94267b0526b1e7298796d8cf5f814
knockoff_statistic_bakeoff,dense_weak,relevance,13,800,40,20,0.1,1,equi,1,ok,20,0.0,1.0,0.0021953340037725866,approximate_plugin,0,,,71c1e52e5de8f40d461c54d18b9fbae59f2fe105fe9da9beea8d49b03942ae21,cc2f9c4e9bae4dac23c7511f44c55c772c4074ab055a077f072a4b6a2c579a6c
knockoff_statistic_bakeoff,dense_weak,lsm,13,800,40,20,0.1,1,equi,1,ok,20,0.0,1.0,0.004510708007728681,approximate_plugin,0,,,71c1e52e5de8f40d461c54d18b9fbae59f2fe105fe9da9beea8d49b03942ae21,10f6531114b71977f9be9f05688299e31b7590059553885f56e43186c66817dd
knockoff_statistic_bakeoff,dense_weak,ridge,13,800,40,20,0.1,1,equi,1,ok,20,0.0,1.0,0.003873625013511628,approximate_plugin,0,,,71c1e52e5de8f40d461c54d18b9fbae59f2fe105fe9da9beea8d49b03942ae21,b830697a91e0af64dbe5a86a1bf043deb0bc34a33ca40b63585bd4a7e3fb3e56
knockoff_statistic_bakeoff,dense_weak,cefsplus,13,800,40,20,0.1,1,equi,1,ok,20,0.0,1.0,0.005948000005446374,approximate_plugin,0,,,71c1e52e5de8f40d461c54d18b9fbae59f2fe105fe9da9beea8d49b03942ae21,d526badff560c99b3390c1e80be5f0c6e9e75bb10104a0157e0fbb240c704105
knockoff_statistic_bakeoff,dense_weak,relevance,14,800,40,20,0.1,1,equi,1,ok,19,0.0,0.95,0.002034459001151845,approximate_plugin,0,,,c29bc56bd75210a8c5999916a5a23e558d8cd9ff6dc87928fa0416dc59cacc9e,fb787b268a97d7090ea6d9095895162288cb063f0b051111883eab78aeae2466
knockoff_statistic_bakeoff,dense_weak,lsm,14,800,40,20,0.1,1,equi,1,ok,20,0.0,1.0,0.004605291003827006,approximate_plugin,0,,,c29bc56bd75210a8c5999916a5a23e558d8cd9ff6dc87928fa0416dc59cacc9e,956f14be96a5f45201c402071eb5ca312b889dbe6bb7fa2d0b58b288ece33efc
knockoff_statistic_bakeoff,dense_weak,ridge,14,800,40,20,0.1,1,equi,1,ok,20,0.0,1.0,0.003594665991840884,approximate_plugin,0,,,c29bc56bd75210a8c5999916a5a23e558d8cd9ff6dc87928fa0416dc59cacc9e,60bdd86ba0356d95ad863b1382d257dbf9828beed0797a649be3e78e41551b76
knockoff_statistic_bakeoff,dense_weak,cefsplus,14,800,40,20,0.1,1,equi,1,ok,20,0.0,1.0,0.0050066249968949705,approximate_plugin,0,,,c29bc56bd75210a8c5999916a5a23e558d8cd9ff6dc87928fa0416dc59cacc9e,ff56dcd30755cd16e3e3e29150462e292b6ab5a22db52c531b75687c5d95050b
knockoff_statistic_bakeoff,dense_weak,relevance,15,800,40,20,0.1,1,equi,1,ok,20,0.0,1.0,0.002082582999719307,approximate_plugin,0,,,aa2af2a3f8bea8276671e96caf1f08f33c16ce4aaa427ca01220a4a78f33c85d,4e6951859deed1b76d51413f6ca001b76b3e10548119adad81f144b2adcb1f35
knockoff_statistic_bakeoff,dense_weak,lsm,15,800,40,20,0.1,1,equi,1,ok,20,0.0,1.0,0.004525500000454485,approximate_plugin,0,,,aa2af2a3f8bea8276671e96caf1f08f33c16ce4aaa427ca01220a4a78f33c85d,aa05db56aea52f09ba422f78f17a3a897a19a5abcb85a5c34075619c95befefc
knockoff_statistic_bakeoff,dense_weak,ridge,15,800,40,20,0.1,1,equi,1,ok,20,0.0,1.0,0.0034478750021662563,approximate_plugin,0,,,aa2af2a3f8bea8276671e96caf1f08f33c16ce4aaa427ca01220a4a78f33c85d,956c5c7ed0e0aa28d2d16b275b371c727ee879a8f68f84d40847f815d19cbf37
knockoff_statistic_bakeoff,dense_weak,cefsplus,15,800,40,20,0.1,1,equi,1,ok,17,0.0,0.85,0.005191042000660673,approximate_plugin,0,,,aa2af2a3f8bea8276671e96caf1f08f33c16ce4aaa427ca01220a4a78f33c85d,4859505258b434c3ebc12f28b78bb7e76e8d64febe2d60f41b6157bf0404cea6
knockoff_statistic_bakeoff,dense_weak,relevance,16,800,40,20,0.1,1,equi,1,ok,18,0.0,0.9,0.0021704999962821603,approximate_plugin,0,,,a319d152d76c8649b44d0b21e2c36ddb84f8d6f2d433da7c445e3eb039517da4,44ed2bb47a934801ac5eaa57c3f0fa8bf0d224d25333a1e383071d3508a0860b
knockoff_statistic_bakeoff,dense_weak,lsm,16,800,40,20,0.1,1,equi,1,ok,20,0.0,1.0,0.004436791001353413,approximate_plugin,0,,,a319d152d76c8649b44d0b21e2c36ddb84f8d6f2d433da7c445e3eb039517da4,3b81c42c2d7009ef900bd7bbdf1f51b9542abfd31f6d224b65eac5cb9ff3d46e
knockoff_statistic_bakeoff,dense_weak,ridge,16,800,40,20,0.1,1,equi,1,ok,20,0.0,1.0,0.0037502910126931965,approximate_plugin,0,,,a319d152d76c8649b44d0b21e2c36ddb84f8d6f2d433da7c445e3eb039517da4,6e86c073b6bc95f12dfff3e0da7fbb505f14941fa1c4c6d126d139e9fc5432a5
knockoff_statistic_bakeoff,dense_weak,cefsplus,16,800,40,20,0.1,1,equi,1,ok,19,0.0,0.95,0.00524420800502412,approximate_plugin,0,,,a319d152d76c8649b44d0b21e2c36ddb84f8d6f2d433da7c445e3eb039517da4,cb662a9e9bbf91004d0371ec8ad1b29c4ea5ef0d8ef11f7e0c0ff6795e15a81a
knockoff_statistic_bakeoff,dense_weak,relevance,17,800,40,20,0.1,1,equi,1,ok,20,0.0,1.0,0.002652166993357241,approximate_plugin,0,,,0dffc20b647550be43019c8ceb3dab543bedf29e4531d997fdb2ce7e4de136ae,b8ddc2f239e58de9a4c4c4467959e709933e69da6e2e9a76ccdeeea7a01ce68e
knockoff_statistic_bakeoff,dense_weak,lsm,17,800,40,20,0.1,1,equi,1,ok,20,0.0,1.0,0.004697166004916653,approximate_plugin,0,,,0dffc20b647550be43019c8ceb3dab543bedf29e4531d997fdb2ce7e4de136ae,a162dc0209a1d37d70f156d89ac994a982cda7570eaf92e543a6e5edbe83a29c
knockoff_statistic_bakeoff,dense_weak,ridge,17,800,40,20,0.1,1,equi,1,ok,20,0.0,1.0,0.003587291983421892,approximate_plugin,0,,,0dffc20b647550be43019c8ceb3dab543bedf29e4531d997fdb2ce7e4de136ae,115d75bbcfdfa459e178feedb38fc6c69695685d42e1d52dbf5f1ccd67e61725
knockoff_statistic_bakeoff,dense_weak,cefsplus,17,800,40,20,0.1,1,equi,1,ok,20,0.0,1.0,0.0052273749897722155,approximate_plugin,0,,,0dffc20b647550be43019c8ceb3dab543bedf29e4531d997fdb2ce7e4de136ae,818ef02de472ded8462e90088dd78ffaa196cea959d76052d42e0c0480874c9f
knockoff_statistic_bakeoff,dense_weak,relevance,18,800,40,20,0.1,1,equi,1,ok,20,0.0,1.0,0.002442041994072497,approximate_plugin,0,,,b58c2a7ce9bd91dbecd303e95ef548e7f1545edbd118b0c0dd2b789fdcd35b3c,43431b5b3bb30017f3daafd181b020f903c89d1465325f6d173fa420ffd28d0f
knockoff_statistic_bakeoff,dense_weak,lsm,18,800,40,20,0.1,1,equi,1,ok,20,0.0,1.0,0.0051897920202463865,approximate_plugin,0,,,b58c2a7ce9bd91dbecd303e95ef548e7f1545edbd118b0c0dd2b789fdcd35b3c,7fb9ff268265b1b08e62b6e58be8828c4fe5fb2f29a7a5e3415265ece8e39e62
knockoff_statistic_bakeoff,dense_weak,ridge,18,800,40,20,0.1,1,equi,1,ok,20,0.0,1.0,0.003740791988093406,approximate_plugin,0,,,b58c2a7ce9bd91dbecd303e95ef548e7f1545edbd118b0c0dd2b789fdcd35b3c,ee42dbaeada31116874262b98c630bdf82f9e897397b6dd708767bcd8c279027
knockoff_statistic_bakeoff,dense_weak,cefsplus,18,800,40,20,0.1,1,equi,1,ok,19,0.0,0.95,0.005549958004849032,approximate_plugin,0,,,b58c2a7ce9bd91dbecd303e95ef548e7f1545edbd118b0c0dd2b789fdcd35b3c,ebce324ba7919781fc7bfb260751ed146bd9bdd6899a5bd4d0f520143be23dd1
knockoff_statistic_bakeoff,dense_weak,relevance,19,800,40,20,0.1,1,equi,1,ok,20,0.05,0.95,0.0027430420159362257,approximate_plugin,0,,,7362896ddf4ddd218a79af4672ab51a2622d1974b16a56ece7568bb0d2d689eb,14ec099efdcd48a1e06478f9decb1c2793860a96ac1092a7495f0c167c9ad578
knockoff_statistic_bakeoff,dense_weak,lsm,19,800,40,20,0.1,1,equi,1,ok,20,0.0,1.0,0.004779000009875745,approximate_plugin,0,,,7362896ddf4ddd218a79af4672ab51a2622d1974b16a56ece7568bb0d2d689eb,1a7010bc6a018f4d0f17c4267bcc1779fbc934e92a2f6909797aac3646e4d49e
knockoff_statistic_bakeoff,dense_weak,ridge,19,800,40,20,0.1,1,equi,1,ok,20,0.0,1.0,0.003496582998195663,approximate_plugin,0,,,7362896ddf4ddd218a79af4672ab51a2622d1974b16a56ece7568bb0d2d689eb,ba1bf5012caf7600cf66c679c1055e1e85ce7f63d8e2e93449e9bf3fd3be03e2
knockoff_statistic_bakeoff,dense_weak,cefsplus,19,800,40,20,0.1,1,equi,1,ok,17,0.0,0.85,0.0053522920061368495,approximate_plugin,0,,,7362896ddf4ddd218a79af4672ab51a2622d1974b16a56ece7568bb0d2d689eb,f1279e9f8e59ddd843a29bc3401068797c89c99263c84bce3bfdae9fed7b40b8
knockoff_statistic_bakeoff,dense_weak,relevance,20,800,40,20,0.1,1,equi,1,ok,21,0.047619047619047616,1.0,0.0020773750147782266,approximate_plugin,0,,,bb52dad9b65d316e214555597e0c9cb8f14a87fc89ce8acdd1a7ed9e9e81e40a,a37624e0d48afcd91de73fada9043765061b6ef1c89804d610164eae36c22045
knockoff_statistic_bakeoff,dense_weak,lsm,20,800,40,20,0.1,1,equi,1,ok,20,0.0,1.0,0.004637415986508131,approximate_plugin,0,,,bb52dad9b65d316e214555597e0c9cb8f14a87fc89ce8acdd1a7ed9e9e81e40a,d880b1d7e48fbed6d8b77996081ad1318a5a8603fea190aa7c9f67a3cb0e878d
knockoff_statistic_bakeoff,dense_weak,ridge,20,800,40,20,0.1,1,equi,1,ok,20,0.0,1.0,0.00367595799616538,approximate_plugin,0,,,bb52dad9b65d316e214555597e0c9cb8f14a87fc89ce8acdd1a7ed9e9e81e40a,14f6885e37ae5ab232374286287149158f550dc5f31796af912e0fcdc39ec0a2
knockoff_statistic_bakeoff,dense_weak,cefsplus,20,800,40,20,0.1,1,equi,1,ok,0,0.0,0.0,0.005251791997579858,approximate_plugin,0,,,bb52dad9b65d316e214555597e0c9cb8f14a87fc89ce8acdd1a7ed9e9e81e40a,4f53cda18c2baa0c0354bb5f9a3ecbe5ed12ab4d8e11ba873c2f11161202b945
knockoff_statistic_bakeoff,dense_weak,relevance,21,800,40,20,0.1,1,equi,1,ok,20,0.0,1.0,0.0021576249855570495,approximate_plugin,0,,,7a2df64a10a32bfbe4a85b61d1af71ae8c7ffdb5d26a1148b1e6275b4498a210,6ce21bf6061d13bcf00344a65cd398c328ddd2f04a71c4714177b36011abc6be
knockoff_statistic_bakeoff,dense_weak,lsm,21,800,40,20,0.1,1,equi,1,ok,20,0.0,1.0,0.005027832987252623,approximate_plugin,0,,,7a2df64a10a32bfbe4a85b61d1af71ae8c7ffdb5d26a1148b1e6275b4498a210,b382b712ee580dc8685add5f738f1195cb68f5ab42931d355d63b924ed1bccb3
knockoff_statistic_bakeoff,dense_weak,ridge,21,800,40,20,0.1,1,equi,1,ok,20,0.0,1.0,0.0033971670200116932,approximate_plugin,0,,,7a2df64a10a32bfbe4a85b61d1af71ae8c7ffdb5d26a1148b1e6275b4498a210,a1de04c2dfbdeb800815939e89097c30de81bf382f735cf7f98f105886877692
knockoff_statistic_bakeoff,dense_weak,cefsplus,21,800,40,20,0.1,1,equi,1,ok,17,0.0,0.85,0.0053689169872086495,approximate_plugin,0,,,7a2df64a10a32bfbe4a85b61d1af71ae8c7ffdb5d26a1148b1e6275b4498a210,103ec9ec9cec38b72acd4aee0facc82dd65eb72c92b8ae02764b1d4951878a62
knockoff_statistic_bakeoff,dense_weak,relevance,22,800,40,20,0.1,1,equi,1,ok,20,0.0,1.0,0.0021100000012665987,approximate_plugin,0,,,187aec930ce044ca4e3fc07c0e221d415f7d1fe30a783a97a16670fd12caac53,cd1aae2e2ac1142f3c05ae47899a898e6a3ada63e3ae5ad11e0058fd8913b14d
knockoff_statistic_bakeoff,dense_weak,lsm,22,800,40,20,0.1,1,equi,1,ok,20,0.0,1.0,0.004728250001790002,approximate_plugin,0,,,187aec930ce044ca4e3fc07c0e221d415f7d1fe30a783a97a16670fd12caac53,361bd991575346f96d56ed6eaf75c4bfcf6938f30da2cb242c71766fa3122143
knockoff_statistic_bakeoff,dense_weak,ridge,22,800,40,20,0.1,1,equi,1,ok,20,0.0,1.0,0.0038252499944064766,approximate_plugin,0,,,187aec930ce044ca4e3fc07c0e221d415f7d1fe30a783a97a16670fd12caac53,ca4c1e9c5887de77774cbccb5e8d17572f3e5bbad824c2f7e773a894ee8c6b8b
knockoff_statistic_bakeoff,dense_weak,cefsplus,22,800,40,20,0.1,1,equi,1,ok,16,0.0,0.8,0.005310083011863753,approximate_plugin,0,,,187aec930ce044ca4e3fc07c0e221d415f7d1fe30a783a97a16670fd12caac53,ec5ad53826020677d84f58805a75fe7addf841502e15e430e14f54d9cdc56bba
knockoff_statistic_bakeoff,dense_weak,relevance,23,800,40,20,0.1,1,equi,1,ok,20,0.0,1.0,0.0021712089946959168,approximate_plugin,0,,,6fe57fc716417d6ebda20074cd0f5241325ff6b5f32d9d5fc9adc33870347832,6f50bb037eb6d601c1d95085ffdeab0551ee45052ac3bb282fb0e3e1b5393e4c
knockoff_statistic_bakeoff,dense_weak,lsm,23,800,40,20,0.1,1,equi,1,ok,20,0.0,1.0,0.004621208005119115,approximate_plugin,0,,,6fe57fc716417d6ebda20074cd0f5241325ff6b5f32d9d5fc9adc33870347832,19f1f24a554e02a16fb4d47fc80b18cab5288bb83c458a32addb30e2c185f88e
knockoff_statistic_bakeoff,dense_weak,ridge,23,800,40,20,0.1,1,equi,1,ok,19,0.0,0.95,0.0037130409909877926,approximate_plugin,0,,,6fe57fc716417d6ebda20074cd0f5241325ff6b5f32d9d5fc9adc33870347832,70f0714aa597ad67f7d06b4afcbda3d25a910f61b1db688367aa4bcbfd53d403
knockoff_statistic_bakeoff,dense_weak,cefsplus,23,800,40,20,0.1,1,equi,1,ok,20,0.0,1.0,0.00548816699301824,approximate_plugin,0,,,6fe57fc716417d6ebda20074cd0f5241325ff6b5f32d9d5fc9adc33870347832,6b2e44f75ab583e55ec3634adb336a49e42cb083fda04d974db75658da02ab6d
knockoff_statistic_bakeoff,dense_weak,relevance,24,800,40,20,0.1,1,equi,1,ok,20,0.0,1.0,0.002125125000020489,approximate_plugin,0,,,dbec20085649ee22273adc8f8930ac08d6e73fa712194f0b2ac448409b787d8b,b9b143a199c21a673bb2dc75cd38e1f3cbd1fca38aa5e0bc6e72397f90c726cb
knockoff_statistic_bakeoff,dense_weak,lsm,24,800,40,20,0.1,1,equi,1,ok,20,0.0,1.0,0.004750791995320469,approximate_plugin,0,,,dbec20085649ee22273adc8f8930ac08d6e73fa712194f0b2ac448409b787d8b,4f0b2c0f0f8d9dc1af32d672da9caeb81e5b772faba1a967bb66e392cb7ba000
knockoff_statistic_bakeoff,dense_weak,ridge,24,800,40,20,0.1,1,equi,1,ok,20,0.0,1.0,0.003576999995857477,approximate_plugin,0,,,dbec20085649ee22273adc8f8930ac08d6e73fa712194f0b2ac448409b787d8b,0a26d998c55dc2ea138e556f5808e900edb62314883b79baff0b474aac3b29b5
knockoff_statistic_bakeoff,dense_weak,cefsplus,24,800,40,20,0.1,1,equi,1,ok,18,0.0,0.9,0.005222167004831135,approximate_plugin,0,,,dbec20085649ee22273adc8f8930ac08d6e73fa712194f0b2ac448409b787d8b,c4006ab247b1b108b84c50bf9c1f66d08a796c4668098b5e55ccb4ad6b1ca88d
knockoff_statistic_bakeoff,dense_weak,relevance,25,800,40,20,0.1,1,equi,1,ok,20,0.0,1.0,0.0021585409995168447,approximate_plugin,0,,,4c89bf4e1916cf918f72d80fd42c756a4b97057b1863486bb96425053145d329,8ec7ef2901ec4b6261a61562cc8401c83db5f3d1e68a111cb52623d508c2b3f8
knockoff_statistic_bakeoff,dense_weak,lsm,25,800,40,20,0.1,1,equi,1,ok,20,0.0,1.0,0.004689291003160179,approximate_plugin,0,,,4c89bf4e1916cf918f72d80fd42c756a4b97057b1863486bb96425053145d329,eb8449323c06dc0261ed47a1ef32909ad67c44d4da68a1c0155a3b4b43640d0e
knockoff_statistic_bakeoff,dense_weak,ridge,25,800,40,20,0.1,1,equi,1,ok,20,0.0,1.0,0.0045201250177342445,approximate_plugin,0,,,4c89bf4e1916cf918f72d80fd42c756a4b97057b1863486bb96425053145d329,16f58692564be8be3ab62b345c8a60e395a85d4a5448162a547f69bef0794b91
knockoff_statistic_bakeoff,dense_weak,cefsplus,25,800,40,20,0.1,1,equi,1,ok,20,0.0,1.0,0.005705666990252212,approximate_plugin,0,,,4c89bf4e1916cf918f72d80fd42c756a4b97057b1863486bb96425053145d329,44a0dcb422ce43a405cf231fb91363f2dd776ebc0c1d7d8745b8d118798c5dd2
knockoff_statistic_bakeoff,dense_weak,relevance,26,800,40,20,0.1,1,equi,1,ok,20,0.0,1.0,0.0020300830074120313,approximate_plugin,0,,,0661e96ddbc9e5fb7083b71f46beaced6803144fb3e9b8cd15262e2a957a9a98,30735a2dbf4f56777b44b54bed77593af40ea469e61674edd93395403dde8a2b
knockoff_statistic_bakeoff,dense_weak,lsm,26,800,40,20,0.1,1,equi,1,ok,20,0.0,1.0,0.004720166005427018,approximate_plugin,0,,,0661e96ddbc9e5fb7083b71f46beaced6803144fb3e9b8cd15262e2a957a9a98,373b7bb096a51851a156fd66c0ec1f6dc9d6ac4e8457d611b2df0600304cf7c0
knockoff_statistic_bakeoff,dense_weak,ridge,26,800,40,20,0.1,1,equi,1,ok,20,0.0,1.0,0.0035656669933814555,approximate_plugin,0,,,0661e96ddbc9e5fb7083b71f46beaced6803144fb3e9b8cd15262e2a957a9a98,1f36d995f0fd46a3e092cfb29fb8aa4f22cfd8b03c4dde46a78c6e2019d104ac
knockoff_statistic_bakeoff,dense_weak,cefsplus,26,800,40,20,0.1,1,equi,1,ok,16,0.0,0.8,0.005483165994519368,approximate_plugin,0,,,0661e96ddbc9e5fb7083b71f46beaced6803144fb3e9b8cd15262e2a957a9a98,9e5f74eef319080eab2a50e8c3b718da29423b7697795b5a7c643aa7341d1249
knockoff_statistic_bakeoff,dense_weak,relevance,27,800,40,20,0.1,1,equi,1,ok,20,0.05,0.95,0.002269082993734628,approximate_plugin,0,,,87ce4dd25ebd601e7c25436afdaf71c2d5b0362b2e5d9250f36990a763ddbff5,4e70e21f6c110c98eb306d6b9e5c288c6ce1e92e1a75618dc60143e0d3d1efa7
knockoff_statistic_bakeoff,dense_weak,lsm,27,800,40,20,0.1,1,equi,1,ok,20,0.0,1.0,0.004576082981657237,approximate_plugin,0,,,87ce4dd25ebd601e7c25436afdaf71c2d5b0362b2e5d9250f36990a763ddbff5,cdc4f2d3c003122ed6c1ad92a5685851f065ca87e54523ed99f209d380503dc2
knockoff_statistic_bakeoff,dense_weak,ridge,27,800,40,20,0.1,1,equi,1,ok,20,0.0,1.0,0.0035462499945424497,approximate_plugin,0,,,87ce4dd25ebd601e7c25436afdaf71c2d5b0362b2e5d9250f36990a763ddbff5,6c296c5602709b3646cdfef4fdf43aad253269051cdf08ec78acdf704c920bf9
knockoff_statistic_bakeoff,dense_weak,cefsplus,27,800,40,20,0.1,1,equi,1,ok,10,0.0,0.5,0.005403124989243224,approximate_plugin,0,,,87ce4dd25ebd601e7c25436afdaf71c2d5b0362b2e5d9250f36990a763ddbff5,bdde9e5f2848f8fa2fa93b4c8e169ff33b3ba3ad50c542e03488cc593a99a96c
knockoff_statistic_bakeoff,dense_weak,relevance,28,800,40,20,0.1,1,equi,1,ok,23,0.13043478260869565,1.0,0.0021813330240547657,approximate_plugin,0,,,9bf38b88fb47a0a5e40f2139bf6bb7e23ba5c5997cc69411498414812027ef2e,522393943d62e6ba3ae1c5296873343310afabf124446464f53234c58d2831c6
knockoff_statistic_bakeoff,dense_weak,lsm,28,800,40,20,0.1,1,equi,1,ok,20,0.0,1.0,0.0045845840068068355,approximate_plugin,0,,,9bf38b88fb47a0a5e40f2139bf6bb7e23ba5c5997cc69411498414812027ef2e,007579746d0284f511deff0061fa0ddfae6cf280e8a0b5dceff19ee60f89d4ea
knockoff_statistic_bakeoff,dense_weak,ridge,28,800,40,20,0.1,1,equi,1,ok,20,0.0,1.0,0.0036478750116657466,approximate_plugin,0,,,9bf38b88fb47a0a5e40f2139bf6bb7e23ba5c5997cc69411498414812027ef2e,00f8c8d28ebcea93fdf692c9d54b0dc78321ded102d6dbaa86ef023042a9503d
knockoff_statistic_bakeoff,dense_weak,cefsplus,28,800,40,20,0.1,1,equi,1,ok,20,0.0,1.0,0.00606908299960196,approximate_plugin,0,,,9bf38b88fb47a0a5e40f2139bf6bb7e23ba5c5997cc69411498414812027ef2e,0411d22c8aabb30176a4ce93755351c3a1b91fa5080932c7c2ce7da156667721
knockoff_statistic_bakeoff,dense_weak,relevance,29,800,40,20,0.1,1,equi,1,ok,17,0.0,0.85,0.002290541975526139,approximate_plugin,0,,,8a577dcb4a0458810504c1e619cd76365cbc95d42554d3edacc10031adbafc26,7151fe903b756b7f8ed217ea329080707319bc167171a75fbfbb772479d03550
knockoff_statistic_bakeoff,dense_weak,lsm,29,800,40,20,0.1,1,equi,1,ok,20,0.0,1.0,0.004910874995402992,approximate_plugin,0,,,8a577dcb4a0458810504c1e619cd76365cbc95d42554d3edacc10031adbafc26,e6d2dfd11921de853061ac953c698940b0856d5c25a47d80478775bb0d605b53
knockoff_statistic_bakeoff,dense_weak,ridge,29,800,40,20,0.1,1,equi,1,ok,20,0.0,1.0,0.0035022090014535934,approximate_plugin,0,,,8a577dcb4a0458810504c1e619cd76365cbc95d42554d3edacc10031adbafc26,febb0faf0f71f07bd7175b5753c024e67fc186dc5bc45f43384169d1730a8258
knockoff_statistic_bakeoff,dense_weak,cefsplus,29,800,40,20,0.1,1,equi,1,ok,20,0.0,1.0,0.005333334003807977,approximate_plugin,0,,,8a577dcb4a0458810504c1e619cd76365cbc95d42554d3edacc10031adbafc26,641565ef3afd370a7cf9b366facd0e95d019ccd47e75b3113292b4d37a7fb837
